Date,Open,High,Low,Close,SharesTraded,Turnover
2023-06-28,18801.85,18919.0,18767.55,18892.3,0,0
2023-06-30,18932.9,19051.75,18919.45,19040.95,0,0

2023-07-03,19090.1,19117.55,19026.45,19074.95,0,0
2023-07-04,19122.8,19126.05,19022.35,19062.15,0,0
2023-07-05,19091.5,19318.25,19077.45,19295.75,0,0
2023-07-06,19327.5,19422.35,19303.4,19415.15,0,0
2023-07-07,19402.55,19460.85,19203.8,19232.8,0,0
2023-07-10,19276.85,19299.75,19135.2,19160.85,0,0
2023-07-11,19220.55,19398.25,19196.4,19349.95,0,0
2023-07-12,19396.85,19399.9,19301.25,19350.25,0,0
2023-07-13,19412.7,19435.4,19208.9,19247,0,0
2023-07-14,19296.55,19326.3,19234.45,19300.7,0,0
2023-07-17,19346.2,19388.05,19282.65,19349.85,0,0
2023-07-18,19382.65,19402.35,19258.05,19305.2,0,0
2023-07-19,19342.95,19408.05,19319.05,19396.05,0,0
2023-07-20,19427.1,19542.7,19365,19534.15,0,0
2023-07-21,19503.75,19576.05,19442.65,19468.55,0,0
2023-07-24,19516.65,19618.9,19475.4,19519.35,0,0
2023-07-25,19581.55,19594.2,19449.65,19528.5,0,0
2023-07-26,19586.75,19683,19566.35,19664.85,0,0
2023-07-27,19723.65,19765.65,19591.15,19647.55,0,0
2023-07-28,19676.4,19777.25,19609.55,19762.95,0,0
2023-07-31,19776.45,19841.5,19724.95,19822.4,0,0
2023-08-01,19861.1,19872.65,19748.65,19767.35,0,0
2023-08-02,19731.85,19745.05,19488.95,19602.45,0,0
2023-08-03,19553.55,19656.4,19438.15,19500.4,0,0
2023-08-04,19543.9,19636.7,19465.4,19485.25,0,0
2023-08-07,19511.85,19585.6,19484,19557.3,0,0
2023-08-08,19604.45,19635.1,19405.05,19485.35,0,0
2023-08-09,19508.45,19574.9,19434.95,19564.7,0,0
2023-08-10,19569.5,19585.9,19387.4,19433.95,0,0
2023-08-11,19471,19481.65,19249.95,19270.95,0,0
2023-08-14,19262.8,19281.85,19103.6,19250.55,0,0
2023-08-16,19233.6,19358.6,19167.4,19343.9,0,0
2023-08-17,19347.2,19356.3,19257.55,19288.55,0,0
2023-08-18,19267.65,19312.35,19217.85,19259.9,0,0
2023-08-21,19275.8,19377.15,19248.1,19361.35,0,0
2023-08-22,19391.35,19439.7,19372.2,19398.45,0,0
2023-08-23,19448,19448,19363.25,19397.65,0,0
2023-08-24,19494.9,19545.6,19402.05,19410.9,0,0
2023-08-25,19365,19406.75,19246.5,19274.1,0,0
2023-08-28,19314.2,19349.65,19256.55,19333.3,0,0
2023-08-29,19386.8,19391.2,19325.65,19361.6,0,0
2023-08-30,19422.6,19470.85,19386.05,19395.75,0,0
2023-08-31,19422.5,19437.55,19184,19223.65,0,0
2023-09-01,19212.5,19310.9,19178.8,19289.9,0,0
2023-09-04,19361.25,19384.5,19289.95,19368.2,0,0
2023-09-05,19412.35,19483.15,19392,19467.15,0,0
2023-09-06,19497.35,19564.8,19429.15,19540.2,0,0
2023-09-07,19545.7,19619.4,19517.4,19606.65,0,0
2023-09-08,19679.4,19807.3,19641.35,19780.5,0,0
2023-09-11,19858.8,19942.3,19842,19926.25,0,0
2023-09-12,20032.3,20032.7,19737,19758.15,0,0
2023-09-13,19772.7,19870.45,19722.35,19857.7,0,0
2023-09-14,19938.4,19940.15,19800.45,19880.1,0,0
2023-09-15,19912.45,19984.8,19874.75,19959,0,0
2023-09-18,19986.5,20068.65,19956.15,20043.1,0,0
2023-09-20,19979.3,20073.05,19916.8,19938.85,0,0
2023-09-21,19899.45,19933.6,19764.15,19807.2,0,0
2023-09-22,19810.2,19835.7,19716.45,19779,0,0
2023-09-25,19799.85,19835.25,19703.5,19793.2,0,0
2023-09-26,19819.25,19843,19783.3,19818.45,0,0
2023-09-27,19834.65,19940.35,19762.85,19923.35,0,0
2023-09-28,19957.75,19960.1,19640.85,19681.95,0,0
2023-09-29,19771.35,19970.5,19740.75,19909.05,0,0
2023-10-03,19917.25,19919.3,19767.95,19778.15,0,0
2023-10-04,19750.8,19762.95,19490.6,19576,0,0
2023-10-05,19663.85,19669.4,19552.9,19628.9,0,0
2023-10-06,19704.6,19760.1,19649.3,19743.15,0,0
2023-10-09,19601.75,19666.8,19534.5,19620.2,0,0
2023-10-10,19668.75,19815.75,19663.7,19803.3,0,0
2023-10-11,19880.45,19977.7,19863.7,19950.6,0,0
2023-10-12,20002,20016.7,19957,19976.85,0,0
2023-10-13,19910.75,20042.1,19875.3,19996.25,0,0
2023-10-16,19996,20034,19974.65,19994.65,0,0
2023-10-17,20058.3,20095.1,20018.55,20048.7,0,0
2023-10-18,20061.3,20095.35,19918.35,19931.45,0,0
2023-10-19,19857.1,20024.2,19803.55,19991.7,0,0
2023-10-20,19930.35,19963.3,19832.4,19884,0,0
2023-10-23,19859.95,19911.45,19621,19653.1,0,0
2023-10-25,19654.55,19730.8,19464.8,19550.65,0,0
2023-10-26,19472.05,19488.85,19255.9,19288.15,0,0
2023-10-27,19356.55,19579.35,19349.8,19547.25,0,0
2023-10-30,19551.45,19581.2,19369.15,19553.8,0,0
2023-10-31,19614.5,19648.8,19502.15,19613.25,0,0
2023-11-01,19654.3,19674.75,19504.3,19522.4,0,0
2023-11-02,19682.8,19815.6,19664.7,19802.2,0,0
2023-11-03,19889.8,19957.05,19858.75,19930.15,0,0
2023-11-06,20020.55,20095.45,19989.95,20084.45,0,0
2023-11-07,20086.1,20225.85,20037.75,20207.45,0,0
2023-11-08,20293.85,20361.35,20255.05,20341.15,0,0
2023-11-09,20388.55,20416.9,20331.65,20348.6,0,0
2023-11-10,20318.15,20440.9,20272.95,20420.85,0,0
2023-11-12,20546.65,20553.4,20510.5,20527.6,0,0
2023-11-13,20509.4,20548.6,20442.3,20516.15,0,0
2023-11-15,20666.7,20715.05,20549.65,20702.15,0,0
2023-11-16,20721.8,20836.45,20646.5,20750.05,0,0
2023-11-17,20751.8,20909.55,20735.25,20862.75,0,0
2023-11-20,20866.95,20898.2,20821.25,20876.8,0,0
2023-11-21,20917.7,20945.9,20850.1,20900.7,0,0
2023-11-22,20917.75,20969.7,20809.75,20924.9,0,0
2023-11-23,20978.2,20998.4,20911.2,20971.85,0,0
2023-11-24,20988.15,21006.55,20917.1,20933.9,0,0
2023-11-28,20983.45,21066.85,20937.55,21047.75,0,0
2023-11-29,21133.7,21233.4,21089.5,21226.2,0,0
2023-11-30,21227.1,21507.55,21202.05,21463.65,0,0
2023-12-01,21554.5,21794.9,21537.55,21771.15,0,0
2023-12-04,22118.9,22124.65,21961.5,22083.5,0,0
2023-12-05,22179.75,22257.4,22094.6,22244.35,0,0
2023-12-06,22317.5,22358.75,22182,22280.05,0,0
2023-12-07,22303.15,22323.35,22205.45,22297.65,0,0
2023-12-08,22348.35,22392.35,22127.45,22234.2,0,0
2023-12-11,22269.55,22338.1,22177.9,22323.4,0,0
2023-12-12,22381.95,22412.45,22160.8,22266.2,0,0
2023-12-13,22336.4,22615.85,22301.85,22584.4,0,0
2023-12-14,22737.3,22744.05,22602.1,22661.65,0,0
2023-12-15,22749.8,22758.5,22572.35,22702.4,0,0
2023-12-18,22713,22784.35,22644.55,22756.7,0,0
2023-12-19,22833.85,22929.45,22704.4,22874.75,0,0
2023-12-20,22980.8,22984.95,22356,22398.7,0,0
2023-12-21,22246.8,22595.1,22147.05,22557.3,0,0
2023-12-22,22640.65,22737.9,22550.15,22686.35,0,0
2023-12-26,22737.9,22946.75,22703.45,22928.15,0,0
2023-12-27,23000.85,23113.75,22934.65,23081.95,0,0
2023-12-28,23157.75,23321.55,23120.15,23290.25,0,0
2023-12-29,23282.15,23393.8,23212,23373.2,0,0
2024-01-01,23418.5,23440.75,23324.65,23367.95,0,0
2024-01-02,23420.4,23432.65,23189.45,23396.4,0,0
2024-01-03,23405.9,23510.1,23331.75,23453.4,0,0
2024-01-04,23532.25,23644.5,23469.5,23620.95,0,0
2024-01-05,23721.8,23725.35,23550.3,23646.1,0,0
2024-01-08,23733.85,23733.85,23479.05,23493.05,0,0
2024-01-09,23670.05,23680.8,23526.35,23548.45,0,0
2024-01-10,23551.9,23557.15,23317.05,23457.25,0,0
2024-01-11,23523.05,23652.5,23516.4,23611.3,0,0
2024-01-12,23684.1,23790.35,23555.95,23756.9,0,0
2024-01-15,23869.75,23912.25,23720.4,23896.9,0,0
2024-01-16,23912.8,23986.85,23778.5,23884.85,0,0
2024-01-17,23724.85,23854.45,23646.85,23670.15,0,0
2024-01-18,23604.85,23668.45,23286.85,23613.95,0,0
2024-01-19,23754,24024.85,23736.25,23998.3,0,0
2024-01-20,24111.7,24124.4,23944.25,23960.9,0,0
2024-01-23,24104.1,24177.6,23593.7,23696.45,0,0
2024-01-24,23703.7,24058.5,23513,24026.35,0,0
2024-01-25,24111.75,24113.05,23827.7,23930.3,0,0
2024-01-29,23985.65,24382.6,23971.55,24346.9,0,0
2024-01-30,24421.85,24439.4,24094.15,24117.95,0,0
2024-01-31,24129.4,24397.75,24085.95,24381.8,0,0
2024-02-01,24488.1,24518.1,24273.15,24304.8,0,0
2024-02-02,24408.8,24716.95,24408.8,24606.7,0,0
2024-02-05,24735.9,24883.4,24579.7,24664.85,0,0
2024-02-06,24731.65,24997.8,24699.8,24977.25,0,0
2024-02-07,25161.35,25171.95,24976.2,25109.15,0,0
2024-02-08,25262.4,25262.75,24893.05,24959.15,0,0
2024-02-09,25020.75,25049.9,24693.95,24966.85,0,0
2024-02-12,24994.8,25004.25,24766.65,24810.15,0,0
2024-02-13,24892.15,25023.2,24755.35,24982.25,0,0
2024-02-14,24865.9,25321.9,24798.5,25268.85,0,0
2024-02-15,25368.1,25443.95,25261.55,25407.7,0,0
2024-02-16,25492.35,25666.1,25441.65,25601.2,0,0
2024-02-19,25673.25,25829.05,25639.45,25746.2,0,0
2024-02-20,25746.8,25752.15,25602.25,25722.9,0,0
2024-02-21,25768.8,25797.5,25478.75,25543.15,0,0
2024-02-22,25643.75,25845,25316.9,25806.45,0,0
2024-02-23,25842.9,25865.4,25713.55,25786.45,0,0
2024-02-26,25775.9,25797.8,25552.4,25698.85,0,0
2024-02-27,25684.05,25787.8,25621.65,25752.35,0,0
2024-02-28,25790.25,25813,25367.15,25418.15,0,0
2024-02-29,25399.2,25651.2,25263.55,25557.6,0,0
2024-03-01,25656.35,25884.6,25651.5,25857.9,0,0
2024-03-02,25949.4,25975.9,25878.65,25895.6,0,0
2024-03-04,25952.25,26098.8,25897.35,26019.95,0,0
2024-03-05,26046.65,26127.45,25940.55,26089,0,0
2024-03-06,26135.25,26272.05,25842.45,26230.15,0,0
2024-03-07,26267.2,26324,26160.65,26240.1,0,0
2024-03-11,26353.55,26406.8,26144.3,26175.1,0,0
2024-03-12,26187.85,26204.4,25913,25967.35,0,0
2024-03-13,26045.95,26077.75,25225.75,25409.85,0,0
2024-03-14,25342.5,25813.1,25249.5,25765.7,0,0
2024-03-15,25704.45,25743.45,25306.9,25592.3,0,0
2024-03-18,25595.45,25671.55,25480.45,25644.15,0,0
2024-03-19,25599.65,25615.95,25217.05,25238.95,0,0
2024-03-20,25293.65,25392,25126.9,25340.2,0,0
2024-03-21,25501.2,25665.8,25443.3,25628.4,0,0
2024-03-22,25640.25,25902.85,25595.3,25842.8,0,0
2024-03-26,25695.8,26005.4,25695.5,25957.65,0,0
2024-03-27,26044.55,26138.7,25963.05,25990,0,0
2024-03-28,26049.9,26410.5,25955.5,26248.05,0,0
2024-04-01,26379.7,26471.15,26320.1,26344.25,0,0
2024-04-02,26424.15,26507.7,26333.5,26485.85,0,0
2024-04-03,26435.7,26448.95,26319.4,26349.15,0,0
2024-04-04,26481.3,26491.2,26109.05,26243.3,0,0
2024-04-05,26228.55,26276.1,26155.5,26193.35,0,0
2024-04-08,26282.4,26373.45,26236.75,26358.95,0,0
2024-04-09,26442.55,26445.55,26160.65,26198.95,0,0
2024-04-10,26288.3,26375.7,26235.1,26344,0,0
2024-04-12,26313.9,26376.55,26013.95,26031,169779434,15522.62
2024-04-15,25817.7,25960.85,25693.95,25839.1,179316798,11710.74
2024-04-16,25732.8,25941.95,25683,25891.85,168520010,11788.96
2024-04-18,25987.1,26050.5,25597.6,25653.65,198659768,17897.39
2024-04-19,25519,25695.4,25330.95,25623.6,165429327,14944.8
2024-04-22,25802.95,25985.55,25759.15,25944,127590747,10491.22
2024-04-23,26072.2,26079.25,25942.45,26027.6,113089142,11076.27
2024-04-24,26048.5,26135.2,26032.35,26044.65,91506715,8896.36
2024-04-25,26089.5,26378.95,26007.05,26357.65,193539982,19429.26
2024-04-26,26408.6,26455.3,26306.3,26347.05,106110849,10262.39
2024-04-29,26443.95,26575.15,26410.95,26562.1,139245987,12110.91
2024-04-30,26663.65,26729,26478.8,26503.75,182031545,14878.28
2024-05-02,26543.6,26711.6,26526.5,26653.1,210989920,16937.9
2024-05-03,26754.2,26821.9,26438.45,26590.45,224507291,18369.12
2024-05-06,26707.9,26714.5,26346.1,26551.2,157907225,15317.48
2024-05-07,26658.8,26739.1,26215.85,26292.05,159706798,14207.23
2024-05-08,26241.9,26531.95,26119.15,26472.5,129446072,12554.41
2024-05-09,26439.2,26513.05,25958.35,25987.85,142279166,14907.11
2024-05-10,26082.8,26300.4,26014.45,26272,105219663,9704.69
2024-05-13,26326.55,26476.4,26015.4,26435.4,100974619,9812.24
2024-05-14,26459.55,26579.05,26335.25,26548.95,87206350,8515.49
2024-05-15,26663.35,26728.9,26517.3,26575.8,103826439,11299.3
2024-05-16,26699.2,26808.05,26375.35,26770.4,158411687,15463.41
2024-05-17,26819.8,26934,26745.25,26913.1,97549699,10839.14
2024-05-18,27049.25,27057.95,27010.7,27033.95,9043223,628.68
2024-05-21,27000.85,27059.05,26922.95,26996.2,134597626,11657.37
2024-05-22,27119.5,27119.5,26884.45,27042.45,138833191,11876.82
2024-05-23,27104.65,27351.8,26978.1,27332.25,153785868,15665.38
2024-05-24,27332.2,27394.25,27208.85,27287.05,107536274,10940.64
2024-05-27,27432.1,27440.65,27170.35,27214.85,119936553,12950.67
2024-05-28,27256.25,27265.75,27063.1,27153.6,76551491,8021.42
2024-05-29,27026.85,27157.55,26974.2,27030.2,105248216,10784.66
2024-05-30,26968.2,27007.2,26505.5,26595.35,125392490,13844.24
2024-05-31,26717.65,26731.05,26368.2,26493.95,230812104,26734.72
2024-06-03,27278.65,27290.95,27031.55,27206.2,246165028,19829.98
2024-06-04,27249.45,27249.45,24821,25876.9,467196357,33605.08
2024-06-05,26171.5,26861.3,25708.25,26812.6,282999774,25137.46
2024-06-06,27006.2,27134.85,26772.45,27006.4,221247880,18788.38
2024-06-07,26959.2,27456.35,26933.95,27441.15,176303661,15607.95
2024-06-10,27531.8,27649.3,27430.45,27566.7,116328030,11649.68
2024-06-11,27665.9,27820.95,27593.55,27682.6,151074926,11845.02
2024-06-12,27763,27880.05,27706.05,27798.05,128034389,11073.5
2024-06-13,27967.45,27967.6,27735.45,27887.25,103651292,11273.59
2024-06-14,27944.95,28065.2,27889.9,28031.5,93113613,9963.59
2024-06-18,28149.2,28150.35,27948.3,28028.95,115019816,12199.04
2024-06-19,28097.4,28111.55,27652.95,27675.2,137016885,15743.44
2024-06-20,27703.45,27725.7,27501,27639.55,117265797,12815.07
2024-06-21,27707.95,27770.25,27462.95,27529.85,258109730,29373.48
2024-06-24,27469.5,27729.35,27359.75,27702.15,92400781,10490.45
2024-06-25,27793.4,27813.85,27642.1,27734.15,128128591,14139.11
2024-06-26,27778.65,27894.2,27647.35,27834.25,121700824,14333.96
2024-06-27,27870.25,28048.1,27777.5,27977.35,260181368,30027.02
2024-06-28,28079.55,28181.55,28000.3,28040.3,192561589,25527.78
2024-07-01,28063,28142.5,28024.1,28122.6,113523743,14286.57
2024-07-02,28208.05,28216.15,27900.75,28018.5,138416681,16533.99
2024-07-03,28131.25,28223,28035.25,28152.8,125034590,15926.31
2024-07-04,28264.1,28421.8,28220.35,28368.6,119836966,14493.59
2024-07-05,28388.5,28671.15,28374,28637.55,149770192,15979.26
2024-07-08,28668.55,28678.5,28501.65,28588.1,143695204,14417.54
2024-07-09,28707.95,28919.05,28625.1,28906.05,122687754,16146.83
2024-07-10,28993.95,29012.6,28561.8,28987.3,132050539,17219.53
2024-07-11,29072.75,29086.6,28829,28936,143121794,15674.85
2024-07-12,28977.25,29053.55,28863.45,28944.65,137373185,15699.37
2024-07-15,29032.6,29174.65,28985.6,29155.55,168043926,16146.88
2024-07-16,29210.8,29243.65,29135.55,29164.95,122789018,14109.1
2024-07-18,29126,29229.75,28897.3,29210.5,162536744,18460.24
2024-07-19,29181.95,29189.35,28678.7,28709.95,125643987,14546.64
2024-07-22,28600.45,28947.2,28547.05,28882.45,129428967,16106.42
2024-07-23,28973.75,29052.2,28309.95,29003.65,242567851,25684.75
2024-07-24,29037.35,29071.75,28859.95,28989.4,204887269,21502.73
2024-07-25,28808.25,29097.85,28774.45,29080.1,211113054,23207.37
2024-07-26,29145.4,29546.9,29106.55,29521,172672722,20040.3
2024-07-29,29666.1,29710.45,29520.6,29598.2,184576279,21392.44
2024-07-30,29635.05,29771.45,29595.1,29623.8,178843996,20610.83
2024-07-31,29687.3,29891.7,29675.15,29850.1,156572436,19059.81
2024-08-01,29942.05,29990.15,29863.8,29930.8,155611277,19152.69
2024-08-02,29653.8,29745.65,29506.2,29546.15,155572391,19391.22
2024-08-05,29028.7,29230.45,28762.85,28897.75,225589738,24306.96
2024-08-06,29042.6,29267.85,28774.2,28818.9,148768663,17067.82
2024-08-07,29195.3,29336.5,29121.45,29315.6,178673681,18096.87
2024-08-08,29308.5,29348.7,29144.2,29186.15,147869661,17748.15
2024-08-09,29453.75,29524.35,29388.75,29432.9,119885610,13276.85
2024-08-12,29369.55,29425.45,29249.65,29309.65,143300642,15322.54
2024-08-13,29394.1,29403.95,29158.6,29212.85,119955573,13359.12
2024-08-14,29265.9,29275.55,29086.8,29142.75,100353888,12351.1
2024-08-16,29314.65,29557.85,29164.5,29524.8,113647079,14482.43
2024-08-19,29659.2,29674.2,29446,29466.75,95046741,11554.62
2024-08-20,29579.2,29637.6,29519.8,29611.4,92288316,11742.44
2024-08-21,29641.5,29772.45,29574.65,29755.95,101230508,13163.88
2024-08-22,29871.5,29898.95,29774.1,29864.65,92637112,12774.89
2024-08-23,29936.4,29980.5,29853.75,29900,90438601,13104.85
2024-08-26,29947.15,30077.35,29849.6,30045.2,102747681,12160.06
2024-08-27,30108.25,30112.25,29985.4,30027.6,109166622,14079.57
2024-08-28,30095.55,30145.05,29963.5,30041.95,100594517,12651.62
2024-08-29,30030.95,30162.65,29894.3,30133.8,173490960,23791.05
2024-08-30,30244.7,30362.2,30221.35,30322.5,233956280,36013.97
2024-09-02,30424.45,30449.85,30243.35,30302.9,101544723,13645.86
2024-09-03,30363.4,30384.7,30285.1,30311.9,97736538,13180.12
2024-09-04,30121.7,30375.05,30108.4,30340.75,108803718,13712.35
2024-09-05,30392.8,30415.7,30225.45,30256,103444444,15242.84
2024-09-06,30216.3,30271.75,29849.85,29899.85,159262474,18206.35
2024-09-09,29856.05,29949.95,29673.85,29924.5,127889803,13407.28
2024-09-10,30004.55,30148.85,29952.85,30060.35,112188236,13931.56
2024-09-11,30066.95,30193.2,29894.3,29944.15,170955089,17963.13
2024-09-12,30099.05,30471.65,30021.45,30433.45,177061327,23170.26
2024-09-13,30513.8,30513.95,30374.6,30391.9,99814251,12538.95
2024-09-16,30455.95,30499.5,30387.35,30420.65,73918568,8674.25
2024-09-17,30466.65,30543.35,30390.95,30515.35,129579160,15023.17
2024-09-18,30534.5,30586.25,30231.8,30342.05,99315664,12103.84
2024-09-19,30464.4,30614.95,30277.1,30396.5,174099774,19277.19
2024-09-20,30501.55,30825.55,30406.95,30757.2,272791069,38152.86
2024-09-23,30856.85,31050.15,30848.75,31032.45,105041171,13700.12
2024-09-24,31008.8,31104.25,30987.3,31030.9,123898721,17527.43
2024-09-25,31038.35,31114.4,30880.4,31082.9,108699704,13555.43
2024-09-26,31144.45,31366.8,31085.35,31337.5,163828579,21332.24
2024-09-27,31300.9,31547.05,31207.15,31505.45,209959794,25601.58
2024-09-30,31379.2,31507,31105.4,31123.3,136247357,19022.26
2024-10-01,31141.15,31237.45,30984.1,31115,102059617,14465.97
2024-10-03,30722.4,30995.75,30483.4,30537.05,180723560,24935.44
2024-10-04,30481.55,30786.7,30193.9,30252.5,171942457,22839.69
2024-10-07,30372.7,30412.05,29789.85,29913.25,170328513,20380.79
2024-10-08,29900.85,30295.55,29840.95,30252.15,119774312,15850.13
2024-10-09,30336.15,30534.85,30265.15,30322,132468054,15910.68
2024-10-10,30427.75,30471.35,30093.45,30132.95,107069003,14680.66
2024-10-11,30184.9,30217.4,30041.15,30173.55,78870379,9649.91
2024-10-14,30229.9,30239.85,30094.85,30200.95,82293265,10774.35
2024-10-15,30306.3,30311.1,30062.9,30181.3,102284387,15160.74
2024-10-16,30128.3,30246.2,29998.5,30117.75,93556368,13630.97
2024-10-17,30161.3,30167.4,29446.75,29467.3,113628645,18763.48
2024-10-18,29485.95,29693.15,29215.4,29649.05,124453165,16007.09
2024-10-21,29663.95,29720.75,29310.95,29398.25,95221313,14460.04
2024-10-22,29421.2,29494.95,28977.9,29019.1,121217823,16706.54
2024-10-23,28981.3,29097.75,28706.45,28744.6,125307026,15661.08
2024-10-24,28802,28860.7,28571.35,28622.7,94426754,14485.84
2024-10-25,28664.4,28689.5,28257.7,28401.95,142602587,17184.16
2024-10-28,28449.75,28698.25,28271.7,28557.55,119512090,14463.63
2024-10-29,28639.35,28675.9,28233.55,28557.9,159450974,20202.63
2024-10-30,28489.4,28731.55,28364.7,28519.1,121383384,16284.25
2024-10-31,28576.45,28650.5,28423.65,28483.85,131953330,17447.14
2024-11-01,28654,28672.35,28544.95,28573.35,16988277,1711.02
2024-11-04,28620.6,28620.85,27909.2,28124.35,137342031,16729.23
2024-11-05,28078.95,28325.45,27916.65,28300.6,129419074,15709.84
2024-11-06,28363.75,28628.2,28278.05,28562.1,137387010,16547.7
2024-11-07,28631.75,28631.75,28155.65,28184.35,98061003,12211.96
2024-11-08,28208.8,28285.6,27990.15,28158.35,118996338,14512.98
2024-11-11,28147.95,28270.75,27945.95,28002,106860248,12227.03
2024-11-12,28069.95,28087.35,27522.2,27575.3,123480160,14368.46
2024-11-13,27535.65,27578.25,27218.3,27266.8,134888816,14648.74
2024-11-14,27238.75,27331.95,27054.9,27113.65,107948772,11609.56
2024-11-18,27167.7,27191.3,26918.5,27059.25,117403650,12413.9
2024-11-19,27134.1,27388.3,27029.4,27087.9,135444068,14854.59
2024-11-21,26992.75,27023.65,26701.5,26892.6,161136184,15820.61
2024-11-22,26950.85,27506.6,26897.75,27450,152075005,16997.09
2024-11-25,27782.8,27997.85,27762.15,27885.35,210821616,25641.4
2024-11-26,27956.25,27964.75,27678.65,27702.6,84205691,10093.25
2024-11-27,27750.1,27812.85,27605.15,27745.8,106958040,12899.98
2024-11-28,27770.5,27840.3,27404.2,27473.75,146368559,17350.82
2024-11-29,27467.65,27883.25,27467.65,27792.35,115748495,14165.35
2024-12-02,27821.65,27999.9,27731.5,27972.05,91071428,11032.91
2024-12-03,28043.2,28228.5,27950.6,28203.6,138049952,15705.57
2024-12-04,28251.55,28289.6,28025.85,28155,146527425,17312.96
2024-12-05,28277.4,28456.9,27966.25,28331.85,165072609,20125.84
2024-12-06,28399.2,28467.5,28329.75,28405,104557755,12439.04
2024-12-09,28404.65,28436.6,28228.95,28245.4,105383146,12633.86
2024-12-10,28286.6,28297.05,28118.5,28215.3,108236080,13541.13
2024-12-11,28276.5,28400.7,28226.75,28324.9,80141800,9926.65
2024-12-12,28345.05,28381.9,28121.6,28149.55,123746947,14029.3
2024-12-13,28103.3,28405.8,27775.65,28381.7,157022746,16744.08
2024-12-16,28407.05,28469.9,28208.2,28310.35,83154022,9347.13
2024-12-17,28253.1,28282.6,27811,27860.85,122009260,13360.86
2024-12-18,27849.6,27969.8,27717.15,27783.95,109400700,11660.83
2024-12-19,27510.1,27721.15,27499.75,27695.1,132971845,14787.13
2024-12-20,27701.95,27865.05,27211.35,27263.45,211129054,24305.35
2024-12-23,27404.35,27534.9,27225.05,27361,90522717,10033.65
2024-12-24,27378.85,27479.3,27288.85,27361.55,79246115,8581.56
2024-12-26,27410.15,27471.7,27298.2,27407.95,80459049,9380.14
2024-12-27,27466.3,27662.35,27423.95,27445.2,90564672,9514.7
2024-12-30,27450.3,27483.6,27203.45,27260.25,179207002,19157.88
2024-12-31,27195.65,27361.2,27060.7,27282,56700765,9072.45
2025-01-01,27287.05,27387.35,27185.45,27346.1,44756184,5956.79
2025-01-02,27402.95,27774.7,27314,27761.3,77709150,11582.42
2025-01-03,27818.65,27824.5,27486.95,27513.4,91338915,11821.29
2025-01-06,27574.1,27600.35,27070.25,27158.25,69229293,10019.07
2025-01-07,27217.6,27326.7,27119.9,27146.1,60666589,9695.09
2025-01-08,27197.5,27210.8,26769.35,26921.6,66791241,10312.22
2025-01-09,26946.45,27078.8,26849.45,26878.3,79662325,11892.16
2025-01-10,26906.1,26994.35,26615.75,26648.95,67952856,12716.28
2025-01-13,26438.8,26474.9,25981,26039.15,74126856,12042.67
2025-01-14,26063.25,26139.05,25923,26019,89763609,14031.78
2025-01-15,26112.6,26134,25822.25,25992.9,48625061,8303.37
2025-01-16,26135.85,26160.8,25985.15,26055.6,75832184,11814.19
2025-01-17,26001.95,26168.85,25910.8,26103.95,66002727,10564.85
2025-01-20,26193.3,26229.2,25915.1,26152.45,54338181,8376.61
2025-01-21,26208.45,26345.75,25838.2,25862.25,86146592,13056.73
2025-01-22,25969.25,26017.45,25781.05,25958.4,61742849,10158.63
2025-01-23,25930.95,26332.65,25930.95,26282.8,59921383,11072.11
2025-01-24,26245.8,26298.15,25973.9,26029.5,63665731,10110.13
2025-01-27,25882.45,25916.05,25551.3,25600.55,72999518,11563.72
2025-01-28,25673.95,25691.65,25363.25,25451.55,96417299,14229.91
2025-01-29,25466.25,25844,25464.85,25823.9,89224511,10748.03
2025-01-30,25840.55,26029.05,25783.4,25978.5,98364814,10653.48
2025-01-31,25999.2,26170.5,25961.4,26115.2,89288615,10700.1
2025-02-01,26166.4,26277.8,25961.15,26191.05,68626812,7800.93
2025-02-03,26093.3,26147.85,25870.35,26047.25,82344763,11652.33
2025-02-04,26198.8,26286.85,26082.55,26263.45,127415203,14148.68
2025-02-05,26324.3,26380.5,26202.65,26259.2,82567525,10319.65
2025-02-06,26386.95,26397.2,26157.4,26210.45,102950475,13407.5
2025-02-07,26291.4,26331.45,26031.7,26150.55,149590488,13624.34
2025-02-10,26155.8,26279.35,25869.3,25940.65,56716024,8444.88
2025-02-11,25941.75,25971.4,25387.25,25497.2,68612751,11081.02
2025-02-12,25518.2,25580.55,25166.35,25440.85,67745380,10778.13
2025-02-13,25467.45,25677.7,25413.2,25450.5,66539491,10583.13
2025-02-14,25503.45,25513.15,24971.95,25105.65,62840018,9142.74
2025-02-17,24956.85,25140.3,24816.4,25121.8,54522627,8232.31
2025-02-18,25134.95,25203,24938.85,25041.25,59120079,8812.79
2025-02-19,24878.5,25057.15,24742.25,24980.5,60707668,10035.87
2025-02-20,24908.35,25070.35,24873.3,25055.45,56209445,8035.76
2025-02-21,25027.05,25066.8,24683.9,24758.65,56947628,9174.42
2025-02-24,24571.55,24653.2,24501.05,24538.65,59635306,9823.12
2025-02-25,24521.95,24595.65,24410.95,24483.15,72229438,10665.86
2025-02-27,24399.35,24502.4,24210.8,24278,88330136,13809.71
2025-02-28,24194.3,24197.55,23619.6,23657,137118553,20745.31
2025-03-03,23706.5,23889.7,23582.95,23853.75,68509579,11381.46
2025-03-04,23674.75,23764,23546.65,23705.9,71279222,10753.56
2025-03-05,23695.8,24095.8,23694.9,24085,71683862,10889.6
2025-03-06,24252.9,24315.6,24103.8,24290.5,81786616,12194.81
2025-03-07,24277.65,24359.3,24177.05,24249.95,50928033,8087.12
2025-03-10,24258.75,24396.15,24022.9,24071.8,51345380,7725.23
2025-03-11,23929.9,24208.9,23897.8,24175.2,64190284,9955.44
2025-03-12,24210.95,24250.75,23864.55,24075.9,78662934,11872.74
2025-03-13,24142.8,24171.45,23957.9,23986.3,53307413,8356.12
2025-03-17,23965.65,24194.75,23965.65,24132.4,54923476,8769.22
2025-03-18,24245.2,24567.3,24183.25,24527.85,72277742,10717
2025-03-19,24595.95,24674.2,24428.85,24633.05,72332354,11072.53
2025-03-20,24740.55,24887.95,24634.75,24847.95,78660424,11993.44
2025-03-21,24866.55,25074.4,24793.15,24985.55,157820850,23618.25
2025-03-24,25130.5,25313.05,25031.5,25278.85,68668061,9984.62
2025-03-25,25390.05,25419.6,25090.85,25158.8,92706195,14009.49
2025-03-26,25226.85,25291.7,25100.15,25144.85,69805776,11569.78
2025-03-27,25069.8,25258.75,24998.45,25204.5,101704055,17387.51
2025-03-28,25231.1,25270.55,25032.55,25142.6,60704398,9537.98
2025-04-01,24994.85,25223.55,24764.3,24824.45,80844868,11918.04
2025-04-02,24823.4,25124.1,24759,25108.75,55495776,9134.81
2025-04-03,25111.15,25268.5,25051.15,25114.4,67957351,11447.87
2025-04-04,25042.45,25092.85,24515.55,24608.8,89853080,13791.51
2025-04-07,23370.65,24149.05,23354.15,24063.45,140541663,20397.26
2025-04-08,24305.5,24631.15,24219.6,24495.2,96532722,14579.8
2025-04-09,24350.65,24467.1,24230.85,24395.2,90098577,12112.2
2025-04-11,24819.7,24837.7,24646.7,24710.95,84693606,14316.42
2025-04-15,25278.25,25291.95,25013.7,25260.4,81864689,13308.2
2025-04-16,25198.3,25324.75,25147.55,25292.75,88510857,12298.86
2025-04-17,25292.4,25596.75,25194.9,25565.4,121469549,16098.04
2025-04-21,25701.95,25868.55,25615.15,25825.65,101578360,12956.33
2025-04-22,25871.1,25971.9,25712.55,25925.95,109130867,13665.73
2025-04-23,26080.4,26291.3,25977.2,26275.35,106165421,15884.42
2025-04-24,26269.15,26392,26186.1,26331.7,95162390,13775.35
2025-04-25,26391.75,26443.8,25784.5,25998.15,90635922,13180.1
2025-04-28,25976.95,26283.25,25957.35,26261.75,58439936,9528.43
2025-04-29,26299.3,26324.65,26124.2,26212.95,69197991,11090.25
2025-04-30,26228.55,26319.15,26099.9,26230,91672429,14402.55
2025-05-02,26176.35,26407.2,26001,26137.5,76604850,11655.91
2025-05-05,26217.55,26348.2,26211.65,26309.9,61266944,7927.4
2025-05-06,26288.5,26302.15,26141.4,26192.5,70830869,9783.98
2025-05-07,25970.95,26227.35,25966.85,26204.5,68732836,10458.03
2025-05-08,26213.65,26242.4,25735.2,25854,87673956,12601.37
2025-05-09,25517.4,25762.15,25517.4,25718.35,61415061,9456.03
2025-05-12,26015.95,26451.65,25938.85,26436.45,80646969,12403.12
2025-05-13,26474.1,26615.2,26283.1,26328.5,93965466,14425.82
2025-05-14,26365.8,26493.9,26281.3,26449.4,59283337,9693.46
2025-05-15,26506.2,26802.6,26405.45,26786.8,109675788,16282.82
2025-05-16,26831.95,26831.95,26671.7,26739.5,163021306,27204.28
2025-05-19,26774.05,26896.1,26698.45,26745.2,60982670,11387.91
2025-05-20,26850.5,26863.85,26394.7,26421.5,77909791,12557.85
2025-05-21,26496.85,26750.85,26461.25,26636.3,53711841,9446.38
2025-05-22,26585.1,26585.45,26333,26472.9,71274715,10747.5
2025-05-23,26494.6,26652.4,26386.4,26574.05,60262352,8625.95
2025-05-26,26697.2,26786.3,26645.85,26717.55,45843738,7713.57
2025-05-27,26740.4,26745.55,26487.35,26582.05,88386158,12136.75
2025-05-28,26600.5,26612.75,26390.35,26419.15,473885081,26049.37
2025-05-29,26516.3,26557,26452.5,26529.7,89592339,13397.05
2025-05-30,26523.55,26588.8,26388.05,26419.8,135074469,21010.23
2025-06-02,26399.15,26436.05,26287.8,26399.9,80068066,11611.13
2025-06-03,26503.75,26531.65,26299.1,26328.95,74459858,11647.14
2025-06-04,26357.35,26436.9,26294.55,26365.5,60489322,9828.47
2025-06-05,26430.55,26632.4,26399.15,26534.55,81557700,12630.73
2025-06-06,26584.8,26710.3,26481.45,26693.05,66678310,9990.18
2025-06-09,26788.45,26828.15,26724.25,26813.95,57154821,8474.53
2025-06-10,26930.8,26995.6,26812.55,26936.4,75706443,12410.25
2025-06-11,26906.3,26975.55,26877.65,26929.15,88756106,13576
2025-06-12,26977.95,27008.45,26684.9,26728.6,87059643,13350.31
2025-06-13,26332.8,26642.2,26304.6,26612.3,69748211,9882.91
2025-06-16,26581.35,26842.5,26519.5,26823.45,50674807,8593.67
2025-06-17,26850.55,26865.1,26626.35,26653.55,61418283,9848.87
2025-06-18,26613.6,26786.45,26577.25,26601.3,47198367,8198.75
2025-06-19,26592.15,26699.1,26513.55,26566.5,66992005,10494.46
2025-06-20,26564.05,26770.95,26542.2,26747.85,100548836,18168.05
2025-06-23,26577.05,26669.7,26469.55,26581.95,59763036,9622.29
2025-06-24,26786.55,26964.8,26723.4,26754.25,81297683,13045.73
2025-06-25,26845.7,27012.3,26818.25,27003.05,56148699,9430.64
2025-06-26,27008.6,27174.75,26929.25,27152.15,99226273,15754.41
2025-06-27,27239.3,27314.35,27203.65,27251.9,127263509,20160.39
2025-06-30,27275.4,27300.45,27123.9,27188.9,75486119,12875.92
2025-07-01,27254.9,27282.7,27122,27171.95,72904904,12775.7
2025-07-02,27192.15,27218.6,27016.65,27079.8,91651355,14829.51
2025-07-03,27117.5,27185.1,27031.6,27052.55,78516462,13078.89
2025-07-04,27123.3,27165.4,27040.75,27151.85,51408090,8583.97
2025-07-07,27149.1,27185.7,27074.95,27158.5,46830419,8189.69
2025-07-08,27156.65,27189,27061.75,27174.3,63639978,11776.47
2025-07-09,27144.3,27176.5,27091,27147.65,61642025,10360.44
2025-07-10,27153.45,27175.1,26967.45,26980.6,66778663,12063.74
2025-07-11,26883,26997.05,26730.95,26754.95,80123384,14673.6
2025-07-14,26795.75,26800.65,26641,26781.75,72276738,13376.96
2025-07-15,26806.25,26924.85,26771.3,26901.2,77162914,12936.4
2025-07-16,26946.25,26961.1,26826.75,26857.65,70410596,11656.09
2025-07-17,26874.8,26900.8,26764.95,26788.35,81509995,13678.2
2025-07-18,26818.7,26828.35,26558.45,26607.3,70510796,11453.49
2025-07-21,26630.35,26738.85,26550.3,26722.05,66041487,12013.91
2025-07-22,26750.5,26776.4,26578.05,26642.6,70990464,11889.89
2025-07-23,26708.4,26775.05,26615.45,26762.25,75115275,11767.6
2025-07-24,26796.1,26801.2,26579.45,26597.8,74490977,12302.23
2025-07-25,26527.2,26554.45,26412.45,26465.55,83052194,12721.77
2025-07-28,26387.45,26517.4,26265.7,26298.8,84269323,13424.26
2025-07-29,26244.2,26456,26228.85,26428.35,80743332,13957.81
2025-07-30,26454.95,26479.25,26372.95,26464.9,63534966,10768.14
2025-07-31,26244.35,26573.15,26237.6,26423.8,90191742,13588.57
2025-08-01,26381.65,26387.8,26023.35,26055.2,75111158,11922.34
2025-08-04,26094.4,26276.1,26023.5,26261.85,69805865,10660.24
2025-08-05,26285.85,26291.55,26117.95,26186,79541117,13547.75
2025-08-06,26180.25,26194.8,25893.15,25929.35,69248828,12052.89
2025-08-07,25812.5,26071.2,25802.35,26037.4,85423374,14815.71
2025-08-08,25996.85,26049.75,25793.05,25823.8,153753125,27400.6
2025-08-11,25850.15,26053.05,25777.8,26030.95,58804960,9843.21
2025-08-12,26032.15,26090.5,25914.95,25934,71910850,11030.56
2025-08-13,26021.65,26180.8,26016.05,26153.85,76767338,13222.16
2025-08-14,26189.65,26256.3,26140.5,26169.6,73915414,12198.19
2025-08-18,26500.6,26671.55,26429.25,26480.15,113994632,16922.38
2025-08-19,26498.45,26554.1,26414.55,26527.8,69031949,10683.38
2025-08-20,26523.5,26630.95,26477.4,26607.65,83714202,13277.55
2025-08-21,26689.45,26755.85,26610.2,26688.05,70736362,11050.35
2025-08-22,26683.45,26707.1,26496.95,26506.6,64352815,10526.6
2025-08-25,26592.9,26658,26546.65,26593.3,67238140,11078
2025-08-26,26544.75,26552.8,26326.95,26362.5,107712759,16758
2025-08-28,26334.95,26335.45,26084.3,26105.6,102453730,14245.88
2025-08-29,26078.85,26239.2,26064.75,26119.4,94893304,12433.23
2025-09-01,26144.2,26342.45,26144.2,26330.85,75459307,10018.8
2025-09-02,26353.65,26407.5,26243.75,26293.15,78210368,10026.07
2025-09-03,26320.1,26398.95,26236.75,26383.4,75825490,10303.44
2025-09-04,26773.75,26773.75,26416.1,26438.95,121061113,15045.48
2025-09-05,26534.15,26553,26265.1,26363.6,70248697,9168.5
2025-09-08,26409,26473.4,26300.6,26365.2,59362560,8630.11
2025-09-09,26433.95,26557.25,26427.15,26534.7,75441351,10957.1
2025-09-10,26624.15,26701.75,26604.6,26687,83105117,12268.36
2025-09-11,26670.65,26759.55,26603.45,26713.7,70654208,10019.15
2025-09-12,26777.2,26838.75,26719.6,26799,78765202,11049.1
2025-09-15,26814.9,26828.15,26698.05,26759.6,66284856,9250.57
2025-09-16,26788.2,26927.6,26786.7,26909.9,77575949,11312.05
2025-09-17,26950.8,26983.25,26845.25,26886.45,81556154,11641.51
2025-09-18,26980.05,27011.25,26896.4,26995.2,92475791,12605.48
2025-09-19,27010.8,27028.65,26864.55,26928.3,130001199,18860.62
2025-09-22,26816.1,26931.95,26732.95,26795.1,82926661,13076.79
2025-09-23,26815.5,26860.15,26620.5,26642.5,99749450,14013
2025-09-24,26597.2,26651.35,26505.15,26528.45,73899787,10089.6
2025-09-25,26512.7,26571.45,26285.9,26307.2,137150687,17917.24
2025-09-26,26179.85,26251.45,25966.1,25982.2,101609497,14059.9
2025-09-29,26040.35,26098.85,25886.9,25986.75,130421910,17537.44
2025-09-30,26019.85,26097.2,25897.95,25952.95,110526696,15177.88
2025-10-01,25959.55,26196.45,25923.05,26166.35,113229680,14916.88
2025-10-03,26116.5,26234.35,26056.9,26219,110609449,14671.37
2025-10-06,26233,26415.6,26197.15,26403.25,89304969,11837.54
2025-10-07,26430.55,26505.7,26405.25,26434.1,95944408,13028.08
2025-10-08,26421.45,26510.05,26351.5,26376.95,69491426,10103.28
2025-10-09,26424.9,26578.95,26365.95,26562.35,82536866,11186.14
2025-10-10,26575.55,26708.85,26512.65,26624.85,74657979,11649.25
2025-10-13,26526.95,26620.15,26525.3,26592.8,72961874,10260.63
2025-10-14,26658.8,26686.65,26433.15,26477.5,87851249,12018.02
2025-10-15,26551.2,26817.65,26529.3,26798,102027400,14011.43
2025-10-16,26822.3,27004.6,26767.7,26965.15,115905865,14625.78
2025-10-17,26938.6,27154,26885.5,27076.3,120331435,16490.19
2025-10-20,27193.65,27250.25,27128.1,27156.9,102901914,14902.34
2025-10-21,27255.5,27268.1,27129.25,27177.85,13250154,1793.49
2025-10-23,27334.2,27411.65,27137.4,27167.55,164961917,22317.99
2025-10-24,27216.1,27233.2,26976.85,27063.7,81828871,11003.99
2025-10-27,27103.9,27167.3,27064,27112.1,85953051,12334.47
2025-10-28,27116.65,27176.7,26925.55,27047,139034969,19505.53
2025-10-29,27093.9,27195.95,27041.75,27169.6,83530185,12378.14
2025-10-30,27088.95,27116.8,26901.95,26962.25,86274493,11954.81
2025-10-31,27002.9,27071.45,26769.75,26793.4,109870163,14629.5
2025-11-03,26772.85,26911.55,26737.8,26875.3,69632335,10077.11
2025-11-04,26890.75,26918.75,26805.5,26829.95,97236239,15094.24
2025-11-06,26840.9,26880.75,26630,26653.8,108309877,16416.01
2025-11-07,26586.6,26717.75,26473.2,26677.25,140963103,24932.79
2025-11-10,26726.3,26900.4,26726.3,26818.75,78738822,12215.15
2025-11-11,26777.5,26787.4,26536.65,26711.45,111950199,17170.45
2025-11-12,26831,26951.75,26775.25,26929.85,95136372,14883.67
2025-11-13,26977.2,27068.1,26873.8,26933.25,95833943,14488.86
2025-11-14,26862.45,26928.35,26734.15,26870.05,136924388,14145.53
2025-11-17,26943.65,27010.4,26885.4,26995.1,78192920,11721.12
2025-11-18,26995.1,27009.85,26816.9,26851.7,80172286,12278.3
2025-11-19,26879,26953.65,26781.2,26925.55,90562209,13748.37
2025-11-20,27008.65,27083.25,26901.75,27003.35,85137098,13107.28
2025-11-21,26960.75,26981.15,26840.3,26860.5,88463652,13871.53
2025-11-24,26914.3,26932.7,26740.5,26768.25,162749884,24950.49
2025-11-25,26800.35,26848.1,26725.95,26760.85,90624861,12973.28
2025-11-26,26734.05,27115.15,26734.05,27101.6,121542514,19425.09
2025-11-27,27139.55,27154.2,26992.95,27051.1,96406168,13751.74
2025-11-28,27087.3,27099,26973.05,27009.2,65818756,9822.11
2025-12-01,27091.55,27096.95,26937.8,27008.3,75478426,10648.44
2025-12-02,26940.5,27022.4,26900.75,26989.35,93266102,13586.31
2025-12-03,26984.05,27034.15,26843.7,26944.9,85925817,12845.72
2025-12-04,26963.65,27100.95,26914.1,27090.5,79315059,12414.81
2025-12-05,27082.65,27272.55,27039.1,27235.3,74139991,11679.84
2025-12-08,27230.9,27266.8,26948.5,27014.15,69578954,10717.82
2025-12-09,26950.05,26968.9,26767.4,26890.9,77305738,11900.94
2025-12-10,26909.5,27022,26813.45,26824.8,64344925,9463.9
2025-12-11,26852.6,27021.15,26759.55,26996.65,58621698,8861.62
2025-12-12,27029.5,27144.75,27007.45,27132.2,55607891,8510.11
2025-12-15,27062.95,27134.2,26961.6,27119.7,50206222,7502.17
2025-12-16,27104.4,27127.3,26946.25,26984.1,76803429,10551.09
2025-12-17,26990.7,27033.95,26826.35,26884.7,68785328,9907.34
2025-12-18,26880.25,26906.6,26740.4,26856.6,61278110,9226.94
2025-12-19,26896.3,27022.7,26886.55,27005,106028215,15903
2025-12-22,27074.75,27186.75,27047.45,27179.45,81127778,13053.61
2025-12-23,27206.35,27212.95,27116.35,27192.55,66291884,9479.33
2025-12-24,27181.1,27232.1,27116.2,27137.2,58095279,8625.89
2025-12-26,27121.55,27155.65,26983.05,27019,39304795,5929.92