Date,Open,High,Low,Close,SharesTraded,Turnover
2021-04-26,,,,12124.45,,
2021-04-28,,,,12264.1,,
2022-02-24,,,,13521.05,,
2022-02-25,,,,13842.8,,
2022-02-28,,,,14042.5,,
2022-03-02,,,,13938.85,,
2022-03-03,,,,13895.65,,
2022-09-26,,,,14236.35,,
2022-09-27,,,,14345.4,,
2022-09-30,,,,14337.4,,
2022-10-03,,,,14138.7,,
2022-10-04,,,,14409.45,,
2022-10-06,,,,14468.8,,
2022-10-07,,,,14429.05,,
2022-10-10,,,,14348.8,,
2022-10-11,,,,14046.7,,
2022-10-12,,,,14192.45,,
2022-10-13,,,,14160.55,,
2022-10-14,,,,14243.7,,
2022-10-17,,,,14282.95,,
2022-10-18,,,,14418.95,,
2022-10-19,,,,14391.45,,
2022-10-20,,,,14511.45,,
2022-10-21,,,,14420.6,,
2022-10-24,,,,14495.7,,
2022-10-25,,,,14454.45,,
2022-10-27,,,,14432.6,,
2022-10-28,,,,14384.85,,
2022-10-31,,,,14532.9,,
2022-11-01,,,,14707.55,,
2022-11-02,,,,14665.2,,
2022-11-03,,,,14637.65,,
2022-11-04,,,,14615.6,,
2022-11-07,,,,14628.4,,
2022-11-09,,,,14569.1,,
2022-11-10,,,,14520.1,,
2022-11-11,,,,14633.95,,
2022-11-14,,,,14614.3,,
2022-11-15,,,,14669.6,,
2022-11-16,,,,14633.6,,
2022-11-17,,,,14542.65,,
2022-11-18,,,,14521.85,,
2022-11-21,,,,14475.6,,
2022-11-22,,,,14519.75,,
2022-11-23,,,,14516.4,,
2022-11-24,,,,14646.0,,
2022-11-25,,,,14690.85,,
2022-11-28,,,,14722.05,,
2022-11-29,,,,14832.45,,
2022-11-30,,,,14912.85,,
2022-12-01,,,,14985.4,,
2022-12-02,,,,14960.55,,
2022-12-05,,,,14939.05,,
2022-12-06,,,,14876.0,,
2022-12-07,,,,14841.85,,
2022-12-08,,,,14833.35,,
2022-12-09,,,,14705.05,,
2022-12-12,,,,14689.45,,
2022-12-13,,,,14715.3,,
2022-12-14,,,,14706.8,,
2022-12-15,,,,14546.1,,
2022-12-16,,,,14386.25,,
2022-12-19,,,,14512.65,,
2022-12-20,,,,14486.2,,
2022-12-21,,,,14470.5,,
2022-12-22,,,,14413.8,,
2022-12-23,,,,14131.1,,
2022-12-26,,,,14232.6,,
2022-12-27,,,,14282.95,,
2022-12-28,,,,14300.8,,
2022-12-29,,,,14253.6,,
2022-12-30,,,,14208.25,,
2023-01-02,,,,14169.65,,
2023-01-03,,,,14207.4,,
2023-01-04,,,,14126.65,,
2023-01-05,,,,14219.05,,
2023-01-06,,,,14109.85,,
2023-01-09,,,,14255.2,,
2023-01-10,,,,14177.5,,
2023-01-11,,,,14079.35,,
2023-01-12,,,,14072.0,,
2023-01-13,,,,14098.9,,
2023-01-16,,,,14127.05,,
2023-01-17,,,,14223.8,,
2023-01-18,,,,14299.05,,
2023-01-19,,,,14231.65,,
2023-01-20,,,,14103.2,,
2023-01-23,,,,14261.55,,
2023-01-24,,,,14277.05,,
2023-01-25,,,,14163.9,,
2023-01-27,,,,14109.3,,
2023-01-30,,,,14146.65,,
2023-01-31,,,,14110.95,,
2023-02-01,,,,14172.35,,
2023-02-02,,,,14249.85,,
2023-02-03,,,,14202.05,,
2023-02-06,,,,14222.0,,
2023-02-07,,,,14144.65,,
2023-02-08,,,,14243.8,,
2023-02-09,,,,14243.65,,
2023-02-10,,,,14197.8,,
2023-02-13,,,,14088.85,,
2023-02-14,,,,14142.6,,
2023-02-15,,,,14238.75,,
2023-02-16,,,,14358.7,,
2023-02-17,,,,14281.95,,
2023-02-20,,,,14298.15,,
2023-02-21,,,,14275.8,,
2023-02-22,,,,14176.7,,
2023-02-23,,,,14141.5,,
2023-02-24,,,,14146.55,,
2023-02-27,,,,13998.45,,
2023-02-28,,,,14025.55,,
2023-03-01,,,,14138.8,,
2023-03-02,,,,14078.95,,
2023-03-03,,,,14110.15,,
2023-03-06,,,,14220.5,,
2023-03-08,,,,14208.1,,
2023-03-09,,,,14101.6,,
2023-03-10,,,,14083.1,,
2023-03-13,,,,13950.75,,
2023-03-14,,,,13855.35,,
2023-03-15,,,,13865.8,,
2023-03-16,,,,13952.1,,
2023-03-17,,,,14006.3,,
2023-03-20,,,,13977.55,,
2023-03-21,,,,13941.05,,
2023-03-22,,,,13964.95,,
2023-03-23,,,,13917.05,,
2023-03-24,,,,13816.15,,
2023-03-27,,,,13811.55,,
2023-03-28,,,,13719.65,,
2023-03-29,,,,13841.05,,
2023-03-31,,,,14014.15,,
2023-04-03,,,,14075.75,,
2023-04-05,,,,14231.3,,
2023-04-06,,,,14216.6,,
2023-04-10,,,,14244.0,,
2023-04-11,,,,14239.15,,
2023-04-12,,,,14382.4,,
2023-04-13,,,,14291.95,,
2023-04-17,,,,14215.1,,
2023-04-18,,,,14265.9,,
2023-04-19,,,,14168.4,,
2023-04-20,,,,14152.45,,
2023-04-21,,,,14233.95,,
2023-04-24,,,,14287.35,,
2023-04-25,,,,14320.15,,
2023-04-26,,,,14373.7,,
2023-04-27,,,,14448.3,,
2023-04-28,,,,14596.3,,
2023-05-02,,,,14644.25,,
2023-05-03,,,,14654.25,,
2023-05-04,,,,14719.0,,
2023-05-05,,,,14716.55,,
2023-05-08,,,,14808.65,,
2023-05-09,,,,14852.5,,
2023-05-10,,,,14895.7,,
2023-05-11,,,,14965.55,,
2023-05-12,,,,14973.25,,
2023-05-15,,,,15050.6,,
2023-05-16,,,,15041.2,,
2023-05-17,,,,14984.05,,
2023-05-18,,,,14877.9,,
2023-05-19,,,,14867.75,,
2023-05-22,,,,15032.0,,
2023-05-23,,,,15023.85,,
2023-05-24,,,,15037.1,,
2023-05-25,,,,15102.85,,
2023-05-26,,,,15211.9,,
2023-05-29,,,,15242.9,,
2023-05-30,,,,15261.5,,
2023-05-31,,,,15285.35,,
2023-06-01,,,,15331.75,,
2023-06-02,,,,15339.95,,
2023-06-05,,,,15301.85,,
2023-06-06,,,,15232.1,,
2023-06-07,,,,15392.65,,
2023-06-08,,,,15248.75,,
2023-06-09,,,,15070.25,,
2023-06-12,,,,15195.5,,
2023-06-13,,,,15339.3,,
2023-06-14,,,,15355.75,,
2023-06-15,,,,15387.45,,
2023-06-16,,,,15432.8,,
2023-06-19,,,,15409.9,,
2023-06-20,,,,15493.65,,
2023-06-21,,,,15483.1,,
2023-06-22,,,,15371.85,,
2023-06-23,,,,15286.2,,
2023-06-26,,,,15364.6,,
2023-06-27,,,,15410.5,,
2023-06-28,,,,15443.0,,
2023-06-30,,,,15648.8,,
2023-07-03,,,,15642.45,,
2023-07-04,,,,15691.05,,
2023-07-05,,,,15941.75,,
2023-07-06,,,,15983.4,,
2023-07-07,,,,15785.45,,
2023-07-10,15820.2,15822.3,15660,15692.4,0,0
2023-07-11,15737.75,15845.4,15691.45,15806.4,0,0
2023-07-12,15849,15849.5,15717.5,15770.7,0,0
2023-07-13,15810.1,15903.1,15734.6,15765.75,0,0
2023-07-14,15832.6,16091.15,15821.2,16066.95,0,0
2023-07-17,16088.7,16187.35,16027.1,16066.75,0,0
2023-07-18,16094.6,16117.8,16030.45,16098.05,0,0
2023-07-19,16137.4,16174.8,16058.75,16121.45,0,0
2023-07-20,16126.9,16186.55,16041.7,16172.15,0,0
2023-07-21,15980.3,16076.8,15923.95,15954.2,0,0
2023-07-24,15976.7,16022.25,15901.15,15916.3,0,0
2023-07-25,15955.7,15955.85,15797.45,15850.95,0,0
2023-07-26,15900.25,15922.6,15855.2,15871.25,0,0
2023-07-27,15889.4,15961,15829.6,15880.95,0,0
2023-07-28,15910.5,15961.1,15870.35,15941.85,0,0
2023-07-31,15917.2,15996.5,15878.7,15980.5,0,0
2023-08-01,16025.15,16074.15,15985.35,16057.05,0,0
2023-08-02,16050.85,16056.6,15879.7,15972.45,0,0
2023-08-03,15946.6,15985.2,15832.2,15892.45,0,0
2023-08-04,15954.2,16043.8,15945,15985.8,0,0
2023-08-07,16014.6,16071.35,15967.95,16065.75,0,0
2023-08-08,16091.05,16119.7,15997.8,16054.85,0,0
2023-08-09,16079.95,16087.75,15988.2,16078.75,0,0
2023-08-10,16071.6,16086,15944.85,15996.15,0,0
2023-08-11,16035.5,16045.25,15920.3,15939.8,0,0
2023-08-14,15915.7,15954.95,15748.55,15938.25,0,0
2023-08-16,15942.35,16002.35,15894.55,15989.55,0,0
2023-08-17,15994.05,15997.05,15867.05,15929.9,0,0
2023-08-18,15883.8,15890.05,15767.75,15807.15,0,0
2023-08-21,15799.85,15916.4,15779.9,15901.15,0,0
2023-08-22,15929.2,15934.95,15867.75,15902.15,0,0
2023-08-23,15959.6,15979.05,15913.8,15923.65,0,0
2023-08-24,15998.5,16022.35,15943.25,15957,0,0
2023-08-25,15911.65,15950.9,15825.9,15854.05,0,0
2023-08-28,15878.55,15893.65,15794.9,15851.1,0,0
2023-08-29,15882.95,15938.4,15876.1,15927.3,0,0
2023-08-30,15994.1,16033.65,15966.4,15980.1,0,0
2023-08-31,16024.4,16044.7,15888.5,15929.5,0,0
2023-09-01,15943.05,16001,15927.7,15992.65,0,0
2023-09-04,16034.6,16101.3,15981.95,16088.25,0,0
2023-09-05,16127.75,16221,16109.35,16209.7,0,0
2023-09-06,16232.7,16305.95,16200.6,16292.9,0,0
2023-09-07,16293.25,16439.25,16267.75,16431.05,0,0
2023-09-08,16455.8,16517.2,16432.3,16495.85,0,0
2023-09-11,16545.6,16601.85,16527.2,16592.75,0,0
2023-09-12,16641.15,16643.3,16397.65,16527.2,0,0
2023-09-13,16515.3,16535.7,16421.6,16524.7,0,0
2023-09-14,16573.8,16646.45,16507.55,16564.8,0,0
2023-09-15,16601.25,16705.85,16586.3,16693.8,0,0
2023-09-18,16700.7,16728.6,16622.6,16704.35,0,0
2023-09-20,16620.65,16730.2,16600,16636.6,0,0
2023-09-21,16614.25,16622.9,16512.95,16568.3,0,0
2023-09-22,16548,16645.2,16492.8,16580.1,0,0
2023-09-25,16580.8,16614.2,16501.45,16549.7,0,0
2023-09-26,16557.15,16597.65,16521.05,16573.8,0,0
2023-09-27,16580.8,16641.95,16507.45,16632.85,0,0
2023-09-28,16639.5,16647.4,16227.8,16264.45,0,0
2023-09-29,16288.3,16452.75,16269.4,16391.8,0,0
2023-10-03,16413.6,16428.55,16313.75,16340.5,0,0
2023-10-04,16310.1,16329.15,16203.4,16318.1,0,0
2023-10-05,16379.45,16398.5,16312.7,16367,0,0
2023-10-06,16440.4,16445.3,16376.35,16424.95,0,0
2023-10-09,16319.45,16446.2,16307.55,16375.95,0,0
2023-10-10,16420.85,16533.7,16395.4,16526.4,0,0
2023-10-11,16588.75,16653.85,16562.35,16577.15,0,0
2023-10-12,16616.8,16624.9,16519.2,16537.5,0,0
2023-10-13,16446.2,16611.55,16444.15,16546.1,0,0
2023-10-16,16532.3,16589.25,16500.75,16557.65,0,0
2023-10-17,16615.25,16654.9,16577.75,16631.6,0,0
2023-10-18,16627,16645.2,16509.4,16524,0,0
2023-10-19,16474.15,16633.35,16447.25,16610.8,0,0
2023-10-20,16536.55,16553.8,16442.7,16462.55,0,0
2023-10-23,16425.15,16470.8,16202.85,16231.35,0,0
2023-10-25,16221.3,16305.05,16105.9,16158.25,0,0
2023-10-26,16062.05,16076.9,15900.05,15926.6,0,0
2023-10-27,15966.35,16133.8,15961.3,16097.25,0,0
2023-10-30,16100.65,16135.5,15987.65,16061.6,0,0
2023-10-31,16117.05,16167.75,16059.7,16114.9,0,0
2023-11-01,16126.85,16162.65,15953.6,15967.2,0,0
2023-11-02,16077.8,16121.25,16037.3,16088.85,0,0
2023-11-03,16178.05,16215.3,16147.65,16192.95,0,0
2023-11-06,16257.25,16363.95,16235.7,16351.8,0,0
2023-11-07,16345.2,16359.65,16307.65,16344.25,0,0
2023-11-08,16398.65,16423.7,16368.5,16409.65,0,0
2023-11-09,16441.3,16442.55,16360.85,16371.85,0,0
2023-11-10,16338.4,16346.4,16275.35,16331.4,0,0
2023-11-12,16450.3,16463.95,16420.7,16434.6,0,0
2023-11-13,16409.95,16424.05,16346.25,16408.15,0,0
2023-11-15,16564.35,16584.1,16473.85,16571.6,0,0
2023-11-16,16612.6,16777.75,16561.3,16717.05,0,0
2023-11-17,16741.05,16892.45,16738.9,16847.75,0,0
2023-11-20,16874.75,16944.8,16839.05,16872.2,0,0
2023-11-21,16928.5,16940.3,16874.05,16898.35,0,0
2023-11-22,16904.9,16972.2,16852.8,16927.1,0,0
2023-11-23,16966.4,17018.4,16933.2,16957.85,0,0
2023-11-24,16969.95,16998.55,16884.5,16899,0,0
2023-11-28,16924.8,16977.6,16862,16961.9,0,0
2023-11-29,17006.2,17111.1,17001,17103.2,0,0
2023-11-30,17127.65,17204,17076.15,17185.2,0,0
2023-12-01,17253.1,17314.45,17219.45,17305.35,0,0
2023-12-04,17446.6,17462.8,17354.65,17395,0,0
2023-12-05,17430.9,17433.2,17293.1,17369.05,0,0
2023-12-06,17429.9,17531.7,17400.65,17466.65,0,0
2023-12-07,17507.25,17510.15,17421.95,17464.55,0,0
2023-12-08,17516.75,17550.5,17369.35,17424.9,0,0
2023-12-11,17446.6,17494.6,17399.7,17481.45,0,0
2023-12-12,17504.45,17584.4,17427.85,17481.4,0,0
2023-12-13,17516.45,17531.1,17338.05,17497.25,0,0
2023-12-14,17628.65,17711.05,17587.15,17680,0,0
2023-12-15,17768.7,17924.2,17743.25,17899.3,0,0
2023-12-18,17891.55,17998.5,17837.2,17915.25,0,0
2023-12-19,17946.85,18059.45,17841.05,18039.85,0,0
2023-12-20,18114.05,18185.75,17637.85,17690.2,0,0
2023-12-21,17578.2,17799.55,17531.15,17763.05,0,0
2023-12-22,17844.15,18036.8,17803.2,18018.3,0,0
2023-12-26,18027.2,18147.1,17987.05,18135.35,0,0
2023-12-27,18175.85,18247.45,18110.15,18233.65,0,0
2023-12-28,18275.35,18439.25,18245.45,18420,0,0
2023-12-29,18420.7,18469.05,18350.6,18453.1,0,0
2024-01-01,18470.1,18564.9,18449.25,18501.75,0,0
2024-01-02,18529.9,18539.2,18297.5,18477.6,0,0
2024-01-03,18433.45,18451.7,18319.3,18366.05,0,0
2024-01-04,18430.55,18479,18373.8,18450.25,0,0
2024-01-05,18528.6,18558.8,18433.65,18478.95,0,0
2024-01-08,18511.95,18521.15,18244.15,18258.95,0,0
2024-01-09,18420.75,18443.2,18275.35,18293.45,0,0
2024-01-10,18287.2,18330.75,18178.7,18307.7,0,0
2024-01-11,18371.95,18438.95,18343.25,18395.45,0,0
2024-01-12,18532.85,18645.1,18474,18612.75,0,0
2024-01-15,18779.55,18820.8,18712.8,18794.85,0,0
2024-01-16,18798.7,18807,18595.6,18692.45,0,0
2024-01-17,18567.45,18696.1,18549.05,18597.55,0,0
2024-01-18,18530.8,18567.8,18153.15,18450.65,0,0
2024-01-19,18580.75,18669.25,18530.75,18643.15,0,0
2024-01-20,18719.3,18728.25,18573.85,18584.5,0,0
2024-01-23,18656.75,18669.7,18128.25,18175.85,0,0
2024-01-24,18248.15,18481.95,18121.05,18463.4,0,0
2024-01-25,18491,18491,18258.8,18317.25,0,0
2024-01-29,18321.95,18504.15,18310.4,18489.5,0,0
2024-01-30,18567.6,18614.95,18326.15,18342,0,0
2024-01-31,18374.35,18515.9,18335.5,18503.25,0,0
2024-02-01,18551,18642.5,18418.85,18441.05,0,0
2024-02-02,18526.45,18725.3,18523.25,18602.2,0,0
2024-02-05,18678,18731.65,18508.3,18543.3,0,0
2024-02-06,18596.25,18747.6,18550.25,18734.25,0,0
2024-02-07,18840.85,18851.4,18645.75,18726.55,0,0
2024-02-08,18781.15,18794,18587.7,18641.4,0,0
2024-02-09,18681.05,18696.9,18435.85,18641.05,0,0
2024-02-12,18681.95,18713.1,18451.7,18492.7,0,0
2024-02-13,18556.15,18680.95,18434.95,18665.1,0,0
2024-02-14,18555.35,18794.55,18472.2,18755.95,0,0
2024-02-15,18829.75,18884.25,18734.3,18801,0,0
2024-02-16,18898.7,18952.5,18856.9,18939.9,0,0
2024-02-19,18990,19021.75,18876.85,18895.05,0,0
2024-02-20,18867.35,18875.55,18698.55,18796.15,0,0
2024-02-21,18815.85,18825.7,18568.8,18620.35,0,0
2024-02-22,18697.6,18880.9,18549.7,18854.6,0,0
2024-02-23,18930.3,18938.65,18856.5,18881.7,0,0
2024-02-26,18860,18871.3,18703.25,18734.8,0,0
2024-02-27,18739.1,18833.65,18701.65,18770.55,0,0
2024-02-28,18793.3,18810.7,18575,18626.7,0,0
2024-02-29,18603,18733.25,18465.55,18668.55,0,0
2024-03-01,18719.9,18774.35,18706.3,18732.15,0,0
2024-03-02,18799.45,18846.95,18745.7,18791.3,0,0
2024-03-04,18822.95,18846.4,18737.45,18804.2,0,0
2024-03-05,18789.55,18804.55,18653.3,18706.9,0,0
2024-03-06,18709.4,18800.15,18482.35,18778.9,0,0
2024-03-07,18795.35,18971.15,18769.95,18937.1,0,0
2024-03-11,19005.85,19008.75,18878.75,18909.85,0,0
2024-03-12,18889.35,18927.9,18715.5,18758.65,0,0
2024-03-13,18843.55,18902.75,18260.75,18390.9,0,0
2024-03-14,18350.55,18763.95,18255.25,18738.2,0,0
2024-03-15,18717.7,18746.6,18453.4,18628.8,0,0
2024-03-18,18639.6,18685.15,18520.65,18583.3,0,0
2024-03-19,18516.85,18521.65,18197.65,18214.2,0,0
2024-03-20,18236.7,18296.65,18106.45,18210.9,0,0
2024-03-21,18321.75,18490.15,18313.85,18466.2,0,0
2024-03-22,18342.6,18520.25,18255.65,18470.7,0,0
2024-03-26,18390.25,18560.6,18389.55,18536.45,0,0
2024-03-27,18587.95,18597.45,18450.1,18469.05,0,0
2024-03-28,18513.75,18704.7,18443.75,18598.05,0,0
2024-04-01,18712.5,18786.1,18686.4,18735.5,0,0
2024-04-02,18771.25,18859.35,18726.75,18842.3,0,0
2024-04-03,18829.25,18912.4,18758.45,18840.25,0,0
2024-04-04,18935.9,18943.5,18724.95,18816.1,0,0
2024-04-05,18822,18857.4,18755.4,18845.35,0,0
2024-04-08,18908.1,18916.05,18770.9,18839.85,0,0
2024-04-09,18899.8,18914.75,18715.05,18770.75,0,0
2024-04-10,18835.85,18947.1,18776.3,18925.85,0,0
2024-04-12,18918.15,18992.15,18843.75,18858.8,145083446,13782.08
2024-04-15,18726.9,18764.25,18603.45,18679.1,124207897,12131.28
2024-04-16,18576.1,18700.75,18522.95,18581.45,97669758,11397.76
2024-04-18,18659.05,18671.4,18353.1,18398.4,118011744,14340.6
2024-04-19,18272.7,18403.5,18133.5,18337.5,111657599,12775.17
2024-04-22,18459.7,18468.6,18343.85,18434.05,67537172,8161.27
2024-04-23,18507.6,18599.8,18459.2,18558.5,68355775,7352.43
2024-04-24,18614.65,18663.7,18587.4,18614.1,75219130,8015.11
2024-04-25,18608.25,18738.7,18557.05,18723.65,105183906,12895.36
2024-04-26,18780.3,18938.45,18773.9,18842.45,107142535,13085.85
2024-04-29,18886.85,18903.25,18748.35,18775.35,77052799,8424.86
2024-04-30,18802.2,18890.1,18734.85,18755.95,78405574,10157.79
2024-05-02,18770.95,18877.65,18770.95,18838.95,109622078,11437.54
2024-05-03,18930.5,18934.8,18650.25,18783.3,136437116,11767.44
2024-05-06,18874.35,18886.6,18682.9,18812.2,117090043,10319.22
2024-05-07,18889,19020.4,18753.05,18840.75,158556170,14307.61
2024-05-08,18807.2,18945.4,18695.2,18897.55,106006323,10245.59
2024-05-09,18916.85,18974.1,18598.75,18626.65,130795714,12793.13
2024-05-10,18664.15,18790.95,18578.9,18751.1,83397980,9118.71
2024-05-13,18775.7,18865.15,18559.2,18849.95,82984159,7522.44
2024-05-14,18888.55,19022.65,18846.55,18976.75,76057333,7656.64
2024-05-15,19008.15,19047.2,18892.75,18947.45,96905228,8061.01
2024-05-16,19033.75,19248.3,18872.05,19216.2,150058852,15873.74
2024-05-17,19268.7,19276.8,19125.1,19199.1,146718042,12027.34
2024-05-18,19343.35,19365,19325,19336.35,29828163,1938.03
2024-05-21,19342.95,19471.9,19327.3,19458.85,208075348,14725.99
2024-05-22,19527.7,19678.25,19426.35,19661.1,168456406,13168.38
2024-05-23,19717.45,19812.25,19610.15,19795.8,151419941,12602.24
2024-05-24,19781.65,19907.45,19698.45,19806.9,127751589,13104.57
2024-05-27,19913.35,19968.2,19761.75,19847.9,110686596,11888.28
2024-05-28,19889.2,19908,19763.2,19871.4,101635356,11499.09
2024-05-29,19779.75,19866.55,19724.65,19787.35,98304905,10929.54
2024-05-30,19721.95,19768.75,19459.6,19525.1,115536734,11590.41
2024-05-31,19582.45,19592.8,19390,19451,291710213,29288.74
2024-06-03,20070.55,20070.55,19759.5,19785.7,158357550,14567.47
2024-06-04,19756.3,19758.05,18370.1,19121.05,483506488,34329.35
2024-06-05,19294.45,19892.75,19112.8,19786.85,357337127,28402.19
2024-06-06,19939.8,20075.4,19831.7,20039.45,227722467,21204.3
2024-06-07,20075.45,20383.25,20038,20365.4,174185854,18488.49
2024-06-10,20443.1,20486.9,20246.5,20362.6,110797290,11174.68
2024-06-11,20420.8,20521.1,20383.75,20409.9,102499049,10355.71
2024-06-12,20528.55,20548.05,20447.3,20474.4,117579036,11942.37
2024-06-13,20587.6,20591.4,20464.7,20573.15,131226738,13373.19
2024-06-14,20627.8,20636.5,20556.45,20602.4,119182824,11894.42
2024-06-18,20690.9,20764.65,20674.25,20712.2,129348719,14438.8
2024-06-19,20780.1,20785.15,20470.2,20493.7,116179031,12024.21
2024-06-20,20520.95,20605.85,20339.9,20562.85,106514539,12095.88
2024-06-21,20656.5,20694.4,20409.85,20446.85,146587410,17937.5
2024-06-24,20400.5,20568.35,20300.4,20540.5,96612022,10330.66
2024-06-25,20580,20632.45,20520.3,20559.6,79324519,9305.3
2024-06-26,20576.4,20607.55,20479.3,20516.2,74224551,8375.52
2024-06-27,20498.45,20620.5,20415,20597.3,155757154,17078.58
2024-06-28,20639.35,20733.15,20629.65,20682.5,99907023,11269.99
2024-07-01,20687.25,20948,20684.3,20930.4,109558086,13334.83
2024-07-02,21005.75,21006.1,20815.85,20885,96853660,10814
2024-07-03,20954.7,21048.3,20912.5,21017.8,92442621,9714.67
2024-07-04,21099.8,21179.75,21063.3,21120.15,91370922,11088.32
2024-07-05,21145.75,21302.2,21130.9,21278.15,121704973,11918.19
2024-07-08,21349.6,21389.1,21278.5,21352.75,148164986,13270.67
2024-07-09,21438.6,21460.2,21329.6,21444.15,118677273,10460.15
2024-07-10,21491.7,21538.55,21154.05,21446.15,111834355,11636.48
2024-07-11,21527.9,21532.6,21394.1,21493.35,114048097,12300.16
2024-07-12,21615.85,21785.65,21546.25,21721.6,123284916,18815.44
2024-07-15,21824.65,21866.7,21754.6,21784.65,94129956,13297.12
2024-07-16,21816.85,21962.55,21779.1,21875.2,104539262,12897.85
2024-07-18,21795,21913.9,21682.05,21901,155046938,22857.38
2024-07-19,21978.05,21978.5,21622.85,21653.2,149977017,20731.08
2024-07-22,21607.25,21811.15,21513.4,21739.75,106124896,13415.34
2024-07-23,21785.85,21844.4,21183.8,21807.55,195527062,18733.47
2024-07-24,21799.5,21831.25,21700.75,21762.6,118600575,12711.59
2024-07-25,21632.15,21756.2,21565.95,21719.75,96103494,11861.55
2024-07-26,21805.85,22080.9,21749.3,22068.45,111569855,13387.77
2024-07-29,22177.1,22235.8,22079.8,22158.2,101029342,10067.45
2024-07-30,22211.4,22310.85,22164.85,22178.15,103590584,11162.52
2024-07-31,22229.15,22307.95,22202.05,22273,83996138,10955.41
2024-08-01,22338.5,22366.6,22156.4,22227.2,111135022,12060.4
2024-08-02,22037.75,22166.3,21911.65,21931,94104907,11541.98
2024-08-05,21495.15,21731.1,21321.65,21530.9,146161888,15851.8
2024-08-06,21579,21839.25,21473.95,21513.5,98614938,10528.91
2024-08-07,21762.85,21912.45,21743.75,21900.1,81245487,9282.48
2024-08-08,21902.45,21917,21620.8,21648.65,89216793,10281.64
2024-08-09,21880.25,21894.1,21741.2,21832.4,58847988,7370.72
2024-08-12,21775.3,21863.85,21649.9,21790.8,59894331,7759.93
2024-08-13,21818.85,21890.2,21690.35,21740.45,60028816,7486.55
2024-08-14,21805.95,21821.9,21629.65,21726.4,80057849,11647.59
2024-08-16,21909.4,22146.65,21856.4,22133.25,77476791,11073.61
2024-08-19,22204.85,22284.3,22155.5,22236,59180594,7862.02
2024-08-20,22297.95,22378.3,22269.85,22340.7,56012704,7928.77
2024-08-21,22341.85,22534.75,22313.35,22521.9,55500220,7680.79
2024-08-22,22606.1,22628.85,22550.6,22578.65,62157965,8537.93
2024-08-23,22597.95,22622.45,22470.35,22490.15,72484643,9643.01
2024-08-26,22566.3,22703.1,22528.85,22681.85,56411872,7794.82
2024-08-27,22687.9,22745.6,22558.3,22572.95,59132165,7479.69
2024-08-28,22585.25,22740.75,22492.95,22625.35,61583131,10703.83
2024-08-29,22597.85,22751.25,22564.05,22719.8,83982491,11395.17
2024-08-30,22755.95,22852.7,22752.5,22807.2,139662003,21296.17
2024-09-02,22897.05,22964.95,22886.35,22910.75,65062210,9152.5
2024-09-03,22947.85,23052.4,22921.1,22962.3,64578216,10113.39
2024-09-04,22799.4,22982.6,22774.3,22963.3,81132914,10465.37
2024-09-05,23012.6,23030.55,22874.05,22907.95,81338911,9707.94
2024-09-06,22909.4,23003.45,22706.65,22743.4,96800936,10814.77
2024-09-09,22728.65,22837.05,22665.35,22806.35,89392205,9547.33
2024-09-10,22908.15,23093.65,22861.6,23012.2,76007780,10715.66
2024-09-11,23064.7,23249.2,23030.25,23074.95,82173956,11198.35
2024-09-12,23185.05,23400.15,23111.55,23361.8,85260335,13280.09
2024-09-13,23393.85,23418.95,23276.45,23373.2,56540086,8423.35
2024-09-16,23375.3,23391.7,23302,23338.1,42249286,5884.83
2024-09-17,23360.65,23448.75,23298.8,23333.65,71097024,9463.34
2024-09-18,23309.45,23316.55,22906,23033.15,55671686,10015.32
2024-09-19,23159.3,23237.65,22884.45,22975.7,113232144,14526.1
2024-09-20,23077.05,23284.05,22988.5,23238.9,135097851,19120.75
2024-09-23,23304.7,23379.5,23241.05,23368.75,59493905,8882.57
2024-09-24,23351.1,23397,23284.15,23368.85,73540232,10605.79
2024-09-25,23363.2,23379.85,23093.65,23240.3,65375183,8587.14
2024-09-26,23269.75,23407.1,23212.1,23381.65,83428400,12359.44
2024-09-27,23481.65,23598.1,23442.5,23490.8,327698427,29269.12
2024-09-30,23410.3,23486.55,23309.35,23336.15,89475269,11532.37
2024-10-01,23337.85,23418.4,23217.45,23375.9,54415020,8428.16
2024-10-03,23026.3,23259.5,22880.95,22946.4,116062486,13662.92
2024-10-04,22882.3,23074.65,22633.4,22685.75,88242512,12619.14
2024-10-07,22765.05,22825.7,22416.1,22548.5,84249896,10045.7
2024-10-08,22542.7,22842.9,22447.05,22820.5,76983223,9247.16
2024-10-09,22893.9,23008.05,22821.5,22859.55,83922437,11099.53
2024-10-10,22941.9,22997.7,22722.65,22739.7,66249546,9108.98
2024-10-11,22739.75,22877.95,22730.25,22862.65,55521983,9222.61
2024-10-14,22910,22985.8,22839,22951.85,48537335,7318.03
2024-10-15,22999.55,23067.95,22904,22961.5,64810613,11072.79
2024-10-16,22952.6,22978.65,22809.25,22911,56628605,9710.86
2024-10-17,22903.7,22910.45,22506.35,22527.95,66996658,14166.41
2024-10-18,22424.55,22431.2,22234.05,22336.7,93426939,12640.03
2024-10-21,22404.9,22446.8,22122.55,22154.5,51910057,9662.91
2024-10-22,22149.25,22232,21795.15,21838.8,65407728,9038.12
2024-10-23,21766.55,22116.8,21765.9,21948.35,67704753,10684.43
2024-10-24,21942.1,21999.2,21630.7,21677.95,66423783,10549.47
2024-10-25,21728.85,21801.9,21483.85,21574.7,115320653,11783.49
2024-10-28,21603.45,21690.75,21448.95,21573.7,82244077,8012.27
2024-10-29,21626.65,21650.2,21342.4,21574.75,81982626,8736.9
2024-10-30,21623.85,21779.8,21570.65,21638.95,100281369,9789.39
2024-10-31,21631.85,21665.35,21275,21303.7,76445400,10590.38
2024-11-01,21428.25,21448.35,21343.3,21368.15,13038655,1051.15
2024-11-04,21386.75,21388.85,20954.55,21145.05,73231367,9876.87
2024-11-05,21108.9,21220.55,20999.3,21197.1,65119646,7504.9
2024-11-06,21294.25,21738,21280.3,21704.8,116186956,12323.13
2024-11-07,21764.1,21770.8,21448.9,21548,66785627,8672.34
2024-11-08,21582.85,21708,21481.4,21553.7,64941480,8105.99
2024-11-11,21469.7,21610.5,21325.5,21454.25,66846626,9533.76
2024-11-12,21513.15,21522.75,21077.5,21122.45,66268224,9566.19
2024-11-13,21056.6,21102.75,20844.35,20891.05,72415783,8379.26
2024-11-14,20889.45,20986.1,20766.6,20811.7,72608495,9103.66
2024-11-18,20892.4,20893.1,20542.8,20628.15,106161137,10373.52
2024-11-19,20696.55,20942.55,20632.1,20677.9,64984091,7577.24
2024-11-21,20676.5,20699.35,20480.7,20570,85408587,9359.42
2024-11-22,20631,21043.85,20597.65,21005.3,80952738,10528.9
2024-11-25,21260.95,21372.6,21204.1,21258.35,143150609,17977.41
2024-11-26,21328.9,21437.05,21317.2,21385,71583730,8652.52
2024-11-27,21420.5,21529.4,21362.35,21478.7,85523192,8220.11
2024-11-28,21503.8,21539,21140.25,21188.05,92253740,10878.99
2024-11-29,21154.35,21327.85,21149.8,21263.25,73115529,8526.44
2024-12-02,21258,21430.4,21180.15,21415.9,58463739,6861.1
2024-12-03,21462.25,21516.6,21385.15,21499.1,90845385,9668.49
2024-12-04,21544.15,21632.05,21368.6,21462.95,97489776,10716.17
2024-12-05,21536.25,21683.15,21351.2,21612.4,117388772,14883.9
2024-12-06,21653.45,21688.85,21589.45,21610.25,51530621,7450.75
2024-12-09,21566.45,21588.05,21390.25,21441.75,69750618,9307.06
2024-12-10,21455.75,21554.9,21440.7,21505.55,70998129,9530.83
2024-12-11,21552.45,21658.6,21516.75,21647.75,54597780,7079.17
2024-12-12,21654.4,21734.8,21551.05,21569.7,71337194,9903.78
2024-12-13,21547.85,21749.05,21332.6,21736.1,90331102,10165.81
2024-12-16,21758.95,21787.4,21624.3,21683.35,49125193,6184.72
2024-12-17,21637.45,21679.35,21403.85,21435.15,76612748,9434.68
2024-12-18,21404.25,21490.9,21296.95,21353.5,71035887,7351
2024-12-19,21052.6,21192.2,21026.15,21171.7,69830551,10294.38
2024-12-20,21252.55,21272.25,20709,20753.85,90416166,12438.04
2024-12-23,20858.65,20923.95,20725.95,20780.55,62574667,7491.04
2024-12-24,20820.15,20928.4,20730.35,20778.2,54021838,5475.95
2024-12-26,20811.7,20848.35,20676.55,20758.85,43340952,5255.9
2024-12-27,20801.2,20846.7,20745.1,20758.35,49393045,5800.4
2024-12-30,20770.75,20872.95,20648,20820.8,119516789,16497.59
2024-12-31,20751.5,20859.3,20586.35,20799.2,64866626,7183.38
2025-01-01,20801,20861.9,20741.6,20832.55,47290250,4981.76
2025-01-02,20856.1,21188.55,20802.2,21175.3,86587747,9959.06
2025-01-03,21221.95,21222.4,21047.6,21100.1,95733153,9839.1
2025-01-06,21158.25,21162.1,20642.2,20698,85952744,9428.75
2025-01-07,20755.45,20891.25,20726.5,20751.5,69311585,7475.52
2025-01-08,20759.95,20767.4,20519.5,20741.45,66772978,8136.25
2025-01-09,20768.1,20974.5,20693.6,20761.25,101309819,10777.97
2025-01-10,20776.2,20842.5,20564.8,20687.95,91150194,13480.28
2025-01-13,20508.9,20621.95,20245.35,20277.65,97073553,11304.52
2025-01-14,20325.25,20356.5,20117.3,20157.9,97429169,12271.67
2025-01-15,20244.15,20277.4,20091.9,20185.2,73217069,8538.34
2025-01-16,20287.65,20323.75,20108.55,20160.65,91256820,11097.97
2025-01-17,20087.7,20312.1,20022.05,20255,86630895,10797.29
2025-01-20,20316.75,20344.1,20123.25,20298.15,67656413,7094.26
2025-01-21,20336.65,20442.75,20099.45,20121.1,97096443,9626.97
2025-01-22,20172.85,20213.3,19937.65,20085.6,84502041,10872.26
2025-01-23,20080.05,20378.55,20050.75,20295.8,80092983,11245.94
2025-01-24,20315.95,20422.8,20149.95,20177.9,69856545,8452.58
2025-01-27,20039.4,20062.45,19750.75,19784,78339134,9610.85
2025-01-28,19812,19861.25,19586.55,19643,115351926,11284.12
2025-01-29,19696.15,19980.25,19695.3,19962.8,112446106,10007.17
2025-01-30,20025.1,20142.8,19969.9,20083.15,144114790,10677.51
2025-01-31,20125.2,20524.8,20096.15,20475.05,146847346,11041.05
2025-02-01,20537.65,20670.5,20246.3,20507.2,153389419,11564.44
2025-02-03,20410.15,20422.7,20054.25,20192.65,142105322,11355.47
2025-02-04,20298.85,20373.4,20190.25,20355,144524485,12123.37
2025-02-05,20384.4,20464.3,20307,20329.1,109332509,9705.65
2025-02-06,20419.2,20429.85,20145.2,20196.25,92434820,8789.37
2025-02-07,20254,20276.9,19965.55,20097.45,128215097,8474.47
2025-02-10,20115.2,20164.55,19874.7,19930.5,70418964,7115.51
2025-02-11,19933.4,19955.15,19438,19535.65,77462931,7372.74
2025-02-12,19546.7,19569.45,19199.2,19472.15,84204509,8363.76
2025-02-13,19488.3,19599.35,19348.8,19373.9,65954283,7009
2025-02-14,19434.45,19464.9,19109.95,19224.45,76074356,7614.08
2025-02-17,19137.85,19222.2,18971.1,19204.4,73313952,6766.29
2025-02-18,19200.7,19244.35,19026.05,19158.5,68692604,7054.94
2025-02-19,19105.8,19244.2,19045.55,19142.6,65263051,7671.66
2025-02-20,19070.7,19288.95,19042.65,19277.25,73567790,6759.89
2025-02-21,19263.35,19299,19059.05,19137.75,65724153,6663.94
2025-02-24,18968.1,19008.15,18889.75,18960.4,67541537,7980.05
2025-02-25,18906.75,18987.1,18856.75,18898.85,65959442,7447.94
2025-02-27,18808.8,18886.75,18620,18663.6,84806385,11376.55
2025-02-28,18566.75,18585.2,18117.5,18158.8,149876532,18066.66
2025-03-03,18187.2,18245.35,17980.6,18220.8,100235319,11268.22
2025-03-04,18041.65,18129.2,17915.05,18094.75,92784307,10071.47
2025-03-05,18054.95,18495.8,18054.95,18472.25,102777934,10061.98
2025-03-06,18598.5,18729.05,18504.2,18692.8,107540543,10593.51
2025-03-07,18684.85,18766.45,18597.1,18661,84481955,8261.02
2025-03-10,18672.45,18810.6,18483.35,18513.3,72551599,7197.19
2025-03-11,18379.95,18617.05,18337.45,18585.85,81660617,7876.71
2025-03-12,18584.85,18615.1,18301.15,18433.45,82453123,8903.89
2025-03-13,18495.35,18506.6,18315.25,18335.7,80850412,7208.64
2025-03-17,18252.65,18408.35,18224.5,18338.95,59588783,7200.07
2025-03-18,18420.6,18650.65,18368.05,18632.6,70187197,7929.35
2025-03-19,18672.05,18742.25,18552.25,18709.75,79914193,9157.65
2025-03-20,18808.25,18911.55,18716.1,18881.2,108297321,12339.91
2025-03-21,18850.5,19072.05,18792.7,19010.35,164105078,15332.27
2025-03-24,19123.4,19312.6,19065.85,19261.3,99146944,10288.38
2025-03-25,19337.3,19394.25,19140.75,19201.45,102659559,12574.5
2025-03-26,19230.25,19296.3,19135.45,19167.1,87826586,9969.73
2025-03-27,19094.55,19322.8,19033.75,19265.9,202633452,17822.33
2025-03-28,19285.45,19436.7,19125.1,19187.1,89864168,9274.25
2025-04-01,19122.75,19285.65,18930.45,18951.1,118047308,12180
2025-04-02,18980.2,19088.25,18778.15,19079.5,108867106,8907.19
2025-04-03,18871,18949.8,18793.95,18936,92687779,10987.07
2025-04-04,18846,18873.65,18496.1,18579.25,112658255,12114.75
2025-04-07,17445,18241.6,17440.65,18170.55,145966480,15428.07
2025-04-08,18432.95,18608.35,18263.65,18516.25,121870863,11888.19
2025-04-09,18479.55,18645,18359.1,18574.3,96688572,9673.34
2025-04-11,18792.7,18876.65,18693.05,18847.9,98959949,11698.3
2025-04-15,19165.25,19176.9,18997.1,19154.1,88632523,9855.08
2025-04-16,19121.4,19262.6,19071.95,19247.9,81891382,8029.01
2025-04-17,19192.45,19342.05,19026.8,19331.05,94419710,10067.24
2025-04-21,19345,19596.85,19321.3,19509.55,104079427,11730.39
2025-04-22,19551.95,19648.65,19444.8,19626.85,96504387,9741.47
2025-04-23,19758.05,19960.85,19698.35,19947.95,114692348,14178.62
2025-04-24,19968.45,20094.1,19842.55,19886.15,101785884,13176.51
2025-04-25,19922.65,19978.75,19504.85,19649.4,98692224,11331.32
2025-04-28,19619.25,19846.45,19566.1,19821.7,96005337,9485.3
2025-04-29,19856.15,19960.75,19808.85,19885.9,125166977,11347.64
2025-04-30,19899.1,19964.65,19701.3,19791.95,117756567,10555.98
2025-05-02,19744.4,19919.4,19612.3,19659.7,85024044,9052.64
2025-05-05,19756.85,19952.7,19748.8,19918.7,89958643,7847.36
2025-05-06,19918.85,19970.9,19768.5,19794.95,77998661,9388.8
2025-05-07,19555.25,19857.15,19550.8,19801.85,81198570,9107.28
2025-05-08,19813.4,19830.35,19522.2,19604.95,100510156,10554.77
2025-05-09,19303.3,19607.8,19300.7,19585.4,92496450,9182.99
2025-05-12,19981.05,20338.25,19935.75,20323.4,101314452,11288.52
2025-05-13,20336.15,20374.3,20156.15,20200.9,129098611,13018.08
2025-05-14,20247.55,20367.2,20177.95,20338.95,104903731,12470.12
2025-05-15,20401.25,20615,20291.1,20597.25,129832761,15824.02
2025-05-16,20654.9,20789.65,20568.25,20776.6,134858985,13176.96
2025-05-19,20798.45,20872.9,20720.5,20746.6,103012725,11305.58
2025-05-20,20846.55,20847.7,20441.35,20460.95,137291643,12502.9
2025-05-21,20521.6,20700.8,20465.4,20664.2,132194543,10298.08
2025-05-22,20594.65,20595.05,20334.65,20450.25,107620540,10875.05
2025-05-23,20508.85,20684.3,20465.75,20593.9,86880520,7902.5
2025-05-26,20656.25,20797.8,20644.9,20785.3,71299216,6722.69
2025-05-27,20782.9,20848.15,20610.55,20708.7,85888101,9433.55
2025-05-28,20725.85,20737.8,20588.75,20643.05,501842422,24863.26
2025-05-29,20738.4,20761.65,20627.35,20695.35,93261905,10577.43
2025-05-30,20680.2,20723.9,20507.55,20532.1,129027438,15463
2025-06-02,20528.75,20564.05,20482.4,20540.55,69260591,7563.71
2025-06-03,20583.15,20632.05,20418.15,20435.5,76714359,8308.9
2025-06-04,20459,20514.1,20389.25,20490.15,73325022,8552.35
2025-06-05,20549.55,20610.85,20468.85,20552.7,79000989,9403.31
2025-06-06,20605,20678.65,20546.35,20665.6,65644875,8091.39
2025-06-09,20756.5,20867.25,20734.75,20851.35,60040229,6778.25
2025-06-10,20934.35,21009.2,20877.8,20961.05,92196887,10846.25
2025-06-11,20984.4,21080.7,20951.4,20996.05,113104863,11436.11
2025-06-12,21032.7,21035.25,20665.3,20692.85,103968481,11611.94
2025-06-13,20330.1,20634.65,20327.55,20606.3,110785762,9915.52
2025-06-16,20557.6,20809.7,20512.95,20801.4,102957301,8586.84
2025-06-17,20801.35,20872.5,20745.6,20788.55,78149935,8646.05
2025-06-18,20778.65,20847.45,20631.6,20689.65,68814538,7921.68
2025-06-19,20710.1,20710.95,20470.25,20511,66678843,7885.45
2025-06-20,20517.3,20726.1,20478.15,20706.15,202404632,17687.18
2025-06-23,20597.65,20727,20538.6,20668.05,106372896,9683.66
2025-06-24,20875.2,20875.2,20676.55,20713.5,105486743,11138.91
2025-06-25,20804.5,20859.45,20767.15,20812.3,82525556,8940.21
2025-06-26,20840.25,20920.75,20777.2,20910.9,95862639,10396.27
2025-06-27,20963.7,21058.1,20933.15,21017.15,141798743,13437.62
2025-06-30,21071.6,21086.65,20961.05,21025.4,76404740,7622.13
2025-07-01,21083.85,21149.85,20921,20962.7,85837866,8171.43
2025-07-02,20978.4,21007.15,20863.9,20953.1,87863450,9112.25
2025-07-03,20995.8,21109.75,20978.5,20998.85,63406738,7260.98
2025-07-04,21073.3,21109.45,21007.2,21096.95,78104156,6957.4
2025-07-07,21107.5,21163.85,21061.3,21127.75,66030504,6745.11
2025-07-08,21129.9,21191.2,21068.1,21149.95,66764362,7432.34
2025-07-09,21184.5,21194.45,21077.5,21111.45,70613129,7595.83
2025-07-10,21148.9,21159.1,20962.45,20991.6,61014352,7307.42
2025-07-11,20903.25,20999.8,20774.1,20808,80276715,12594.67
2025-07-14,20807.4,20824.7,20711.9,20790.55,69131219,8548.29
2025-07-15,20805.3,20993,20803.55,20973.8,74429150,10610.81
2025-07-16,20978.85,21008.75,20926,20960.15,62980192,7958.97
2025-07-17,20972.2,20995.9,20874.35,20892.65,54617460,8218.41
2025-07-18,20937.3,20942,20739.35,20782.6,72124205,10074.2
2025-07-21,20781.3,20845.3,20677.55,20827.65,54544117,6945.32
2025-07-22,20863.55,20873.45,20731.7,20749.8,66571314,7987.76
2025-07-23,20788.1,20816.2,20662.3,20758.5,63956694,7585.43
2025-07-24,20756.4,20765.3,20447.95,20474.55,67376325,10504.63
2025-07-25,20439.3,20448.25,20132.8,20172.5,56110308,7797.25
2025-07-28,20159.8,20286.95,20043.3,20107.65,71016427,7637.41
2025-07-29,20081.7,20227.2,20022.15,20196.75,81788712,9291.59
2025-07-30,20220.3,20262.1,20122.95,20245.45,68608357,7546.39
2025-07-31,20068.35,20346.45,20046.6,20203.55,83688810,9469.61
2025-08-01,20181.55,20305.85,20052.7,20081.25,75774615,8428.46
2025-08-04,20103.05,20328.85,20027.95,20318.4,86773674,8502.18
2025-08-05,20343.15,20347.3,20145.3,20261.35,65217765,7205.43
2025-08-06,20289.65,20294.65,20109.3,20144,67778192,8461.96
2025-08-07,20054.8,20252.65,19998.75,20226.7,62737772,8436.01
2025-08-08,20234.1,20251.1,20050.65,20075.65,63914989,8601.42
2025-08-11,20068.3,20151.65,19959.45,20126.45,56704349,6555.07
2025-08-12,20150.9,20260.25,20073.3,20091.95,66260975,8799.39
2025-08-13,20141.5,20217.5,20089,20193.4,60628084,8207.47
2025-08-14,20226.55,20256.55,20122.65,20143.5,67945433,8701.87
2025-08-18,20404.6,20508.2,20375.45,20398.95,93204297,11791.19
2025-08-19,20423.75,20541.2,20310.9,20520.85,63423471,7903.79
2025-08-20,20532.45,20771.4,20491.4,20744.9,96375539,12294.22
2025-08-21,20791.2,20792.25,20663.2,20677.2,68097413,8377.29
2025-08-22,20681.1,20720.95,20492.15,20505.1,61016112,7281.25
2025-08-25,20600.8,20699.6,20583.3,20631.6,62722832,8187.34
2025-08-26,20588.5,20668,20518.8,20544.45,111251193,15901.5
2025-08-28,20591.45,20592.95,20319.65,20341.75,72156984,9281.54
2025-08-29,20328.9,20492.5,20319.3,20377.05,81638482,9217.45
2025-09-01,20410.05,20692.4,20409.9,20683.35,55068654,6281.94
2025-09-02,20729.55,20874.3,20645.45,20787.3,74318960,7768.9
2025-09-03,20827.5,20834.9,20764.6,20820.8,62866473,6544.43
2025-09-04,21138.7,21138.7,20833.2,20854.35,80123591,9653.49
2025-09-05,20892.7,20916.3,20607.65,20726.2,60662763,6912.76
2025-09-08,20768.85,20830.55,20685.7,20701.25,42660728,6066.15
2025-09-09,20779.85,20842.4,20729.9,20822.5,64629059,8189.82
2025-09-10,20914.05,21117.45,20908.2,21100.6,74165022,9993.79
2025-09-11,21141,21143.85,21042.75,21082.9,72680713,9252.95
2025-09-12,21143.3,21162.45,21049.2,21108.15,84601404,9148.74
2025-09-15,21130.3,21150.75,21031.7,21062.9,60274022,6640.95
2025-09-16,21093.25,21190.65,21055.3,21161.9,57818189,7422.18
2025-09-17,21241.3,21261.95,21168.55,21209.1,90043608,8779.01
2025-09-18,21285.75,21330.35,21186.85,21245.35,70323925,8171.39
2025-09-19,21264.3,21274.25,21154.15,21172.4,98437717,11859.4
2025-09-22,21062.9,21131,20931.35,20988.35,71022030,10053.9
2025-09-23,21010.6,21041.75,20813.45,20839.6,74407710,8571.11
2025-09-24,20817,20850.05,20700.95,20744.35,60131520,6642.29
2025-09-25,20736.8,20816.1,20643.5,20658.2,96404887,10375.56
2025-09-26,20635.8,20663.65,20307.85,20325.6,73532787,8485.97
2025-09-29,20370.5,20459.45,20306.55,20352.15,119098729,14519.32
2025-09-30,20407.7,20453.5,20269.1,20338.8,86508351,9330.06
2025-10-01,20360.55,20453.25,20292.7,20432.75,79821541,7870.43
2025-10-03,20448.8,20575.75,20353.55,20565.75,84406357,9367.43
2025-10-06,20572.55,20716.1,20550.95,20705.1,66157691,6498.44
2025-10-07,20740.5,20777.15,20648.35,20692.55,88033368,7635.2
2025-10-08,20669.5,20733.8,20603.4,20644.45,62923418,7329.13
2025-10-09,20661.3,20814.55,20626.5,20804.25,79772986,8168.56
2025-10-10,20819,20886.6,20734.6,20833.8,79974408,9653.38
2025-10-13,20769.35,20828.15,20662.35,20759.75,59460502,6999.22
2025-10-14,20829.4,20887.55,20586.5,20617.7,71733621,7897.75
2025-10-15,20674.3,20853.25,20671.45,20838.5,88455859,10451.76
2025-10-16,20884,21085.7,20834.75,21065.55,81818974,9507.36
2025-10-17,21058,21227.4,21050.65,21106,109181094,13483.69
2025-10-20,21180.15,21245.55,21121.7,21140.3,65917849,7465.29
2025-10-21,21214.9,21223.8,21087.7,21125.65,11066958,1125.08
2025-10-23,21263.45,21394.4,21166.2,21200.25,118166704,13303.16
2025-10-24,21216,21221.8,21091.3,21156.3,82481895,8752.93
2025-10-27,21203.4,21267.55,21153.75,21225.95,69842471,7639.85
2025-10-28,21231.3,21261.4,20999.8,21088.4,81299574,9518.45
2025-10-29,21117.7,21205.85,21062.2,21160.45,93094220,8954.89
2025-10-30,21175.15,21183.1,21019.65,21124.3,79754839,7730.42
2025-10-31,21159.8,21221.2,21072.1,21091.25,114766804,9297.4
2025-11-03,21088.25,21113.7,20980.5,21070.85,91777302,7405.26
2025-11-04,21041.85,21056.15,20875.2,20895.45,76201191,8578.78
2025-11-06,20972.35,21017.3,20819.5,20841.55,73482050,9230.64
2025-11-07,20813.3,20874.2,20654.65,20855.6,61756239,7298.61
2025-11-10,20900.95,21094.8,20899.15,21050.4,58267365,7690.08
2025-11-11,21065.65,21222.65,20972.85,21209.1,92689098,10323.01
2025-11-12,21271.25,21394.35,21245.2,21373,80635832,11267.08
2025-11-13,21433.8,21469.15,21327.05,21346.2,88890496,10896.2
2025-11-14,21296.5,21346.25,21193.8,21300.85,124269946,10459.12
2025-11-17,21349.05,21444.95,21337.2,21419.4,65462525,8124.01
2025-11-18,21417.2,21418.85,21269.7,21285.25,67537252,8003.35
2025-11-19,21307.25,21446,21267.5,21419.65,70350516,9838.55
2025-11-20,21496.9,21528.2,21387.3,21414.25,61233940,8372.44
2025-11-21,21370.1,21398.35,21269.15,21287.95,57619337,8196.65
2025-11-24,21294.7,21368.3,21130.75,21158.75,134984787,21398.75
2025-11-25,21181.6,21190.2,21092.45,21113.25,65576309,7781.86
2025-11-26,21134.4,21366.75,21134.3,21356.6,57005081,6594.57
2025-11-27,21407.2,21417.7,21256.45,21342.4,50981139,7417.95
2025-11-28,21360.1,21372.05,21299.7,21332.4,52277162,6035.76
2025-12-01,21391.55,21417.65,21330.65,21381.9,66952434,7335.27
2025-12-02,21376,21426.25,21303.75,21371.8,63402393,7970.45
2025-12-03,21394.05,21418.1,21239.25,21260.15,80975432,10175.73
2025-12-04,21289.5,21434.3,21270.65,21419.05,70405728,10194.41
2025-12-05,21421.85,21481,21324,21468.75,61453725,9475.14
2025-12-08,21479.85,21489.95,21064.65,21135.4,74173629,8548.71
2025-12-09,21084.5,21107.6,20872.25,21050.5,68500816,8542.63
2025-12-10,21097.9,21167.95,20960.6,20991.85,71537551,7631.23
2025-12-11,21001.6,21140.5,20966.8,21112.45,62092771,6733.23
2025-12-12,21164.55,21236.25,21101.8,21223,93194425,9286.34
2025-12-15,21193.95,21289,21136.9,21270.95,67425727,6984.93
2025-12-16,21250.85,21264.25,21122.9,21166.85,61444444,6742.81
2025-12-17,21163.75,21222.7,21047.7,21084.65,97553893,7990.83
2025-12-18,21106.8,21145.8,20993.5,21120.4,65864685,7611.08
2025-12-19,21163.25,21316.9,21140.7,21300.55,83692721,11959.21
2025-12-22,21367.4,21526,21342.95,21514.45,76840889,10297.47
2025-12-23,21535.4,21589.5,21460.75,21557.4,69847051,6936.39
2025-12-24,21563.25,21610.4,21457.2,21477.25,63176052,5749.73
2025-12-26,21500.5,21573.05,21394.65,21412.2,57341509,5273.14