Date,Close,OPEN,High,Low
2005-10-03,1000.0,,,
2005-10-04,1011.4,,,
2005-10-05,1002.06,,,
2005-10-06,987.74,,,
2005-10-07,982.98,,,
2005-10-10,975.74,,,
2005-10-11,974.5,,,
2005-10-13,970.73,,,
2005-10-14,946.65,,,
2005-10-17,935.11,,,
2005-10-18,923.32,,,
2005-10-19,892.91,,,
2005-10-20,868.28,,,
2005-10-21,882.46,,,
2005-10-24,870.82,,,
2005-10-25,873.57,,,
2005-10-26,865.06,,,
2005-10-27,837.26,,,
2005-10-28,821.45,,,
2005-10-31,841.13,,,
2005-11-01,847.88,,,
2005-11-02,852.33,,,
2005-11-07,876.26,,,
2005-11-08,885.58,,,
2005-11-09,885.05,,,
2005-11-10,888.66,,,
2005-11-11,909.98,,,
2005-11-14,916.74,,,
2005-11-16,928.7,,,
2005-11-17,927.63,,,
2005-11-18,929.51,,,
2005-11-21,919.5,,,
2005-11-22,908.81,,,
2005-11-23,909.82,,,
2005-11-24,920.05,,,
2005-11-25,936.27,,,
2005-11-26,949.13,,,
2005-11-28,942.95,,,
2005-11-29,937.97,,,
2005-11-30,928.18,,,
2005-12-01,945.11,,,
2005-12-02,950.03,,,
2005-12-05,943.7,,,
2005-12-06,938.96,,,
2005-12-07,945.51,,,
2005-12-08,951.86,,,
2005-12-09,964.81,,,
2005-12-12,963.39,,,
2005-12-13,967.43,,,
2005-12-14,965.68,,,
2005-12-15,950.12,,,
2005-12-16,955.17,,,
2005-12-19,964.79,,,
2005-12-20,965.76,,,
2005-12-21,960.82,,,
2005-12-22,963.15,,,
2005-12-23,950.2,,,
2005-12-26,930.89,,,
2005-12-27,953.15,,,
2005-12-28,947.06,,,
2005-12-29,950.48,,,
2005-12-30,964.81,,,
2006-01-02,984.62,,,
2006-01-03,1002.63,,,
2006-01-04,1009.06,,,
2006-01-05,1021.51,,,
2006-01-06,1024.61,,,
2006-01-09,1037.9,,,
2006-01-10,1034.45,,,
2006-01-12,1029.3,,,
2006-01-13,1028.34,,,
2006-01-16,1020.42,,,
2006-01-17,1004.42,,,
2006-01-18,1001.08,,,
2006-01-19,1018.12,,,
2006-01-20,1026.8,,,
2006-01-23,1018.78,,,
2006-01-24,1014.78,,,
2006-01-25,1004.74,,,
2006-01-27,1031.68,,,
2006-01-30,1017.04,,,
2006-01-31,1026.6,,,
2006-02-01,1016.95,,,
2006-02-02,1013.91,,,
2006-02-03,1018.15,,,
2006-02-06,1034.64,,,
2006-02-07,1043.68,,,
2006-02-08,1039.49,,,
2006-02-10,1052.4,,,
2006-02-13,1058.27,,,
2006-02-14,1053.41,,,
2006-02-15,1050.06,,,
2006-02-16,1054.67,,,
2006-02-17,1037.93,,,
2006-02-20,1027.58,,,
2006-02-21,1031.37,,,
2006-02-22,1031.59,,,
2006-02-23,1025.77,,,
2006-02-24,1040.79,,,
2006-02-27,1051.96,,,
2006-02-28,1036.3,,,
2006-03-01,1051.5,,,
2006-03-02,1052.24,,,
2006-03-03,1062.33,,,
2006-03-06,1077.9,,,
2006-03-07,1082.76,,,
2006-03-08,1061.79,,,
2006-03-09,1063.64,,,
2006-03-10,1081.07,,,
2006-03-13,1090.82,,,
2006-03-14,1079.62,,,
2006-03-16,1085.35,,,
2006-03-17,1078.7,,,
2006-03-20,1088.14,,,
2006-03-21,1079.78,,,
2006-03-22,1067.09,,,
2006-03-23,1076.08,,,
2006-03-24,1083.7,,,
2006-03-27,1098.65,,,
2006-03-28,1091.74,,,
2006-03-29,1095.59,,,
2006-03-30,1098.82,,,
2006-03-31,1130.68,,,
2006-04-03,1158.04,,,
2006-04-04,1174.5,,,
2006-04-05,1212.76,,,
2006-04-07,1182.6,,,
2006-04-10,1194.25,,,
2006-04-12,1172.71,,,
2006-04-13,1143.93,,,
2006-04-17,1180.5,,,
2006-04-18,1195.63,,,
2006-04-19,1212.92,,,
2006-04-20,1219.82,,,
2006-04-21,1218.17,,,
2006-04-24,1249.28,,,
2006-04-25,1220.98,,,
2006-04-26,1235.35,,,
2006-04-27,1211.06,,,
2006-04-28,1230.39,,,
2006-04-29,1255.5,,,
2006-05-02,1272.75,,,
2006-05-03,1272.24,,,
2006-05-04,1265.98,,,
2006-05-05,1269.61,,,
2006-05-08,1279.1,,,
2006-05-09,1283.84,,,
2006-05-10,1296.1,,,
2006-05-11,1270.24,,,
2006-05-12,1247.27,,,
2006-05-15,1178.07,,,
2006-05-16,1154.06,,,
2006-05-17,1213.0,,,
2006-05-18,1093.72,,,
2006-05-19,1029.74,,,
2006-05-22,923.31,,,
2006-05-23,994.05,,,
2006-05-24,988.97,,,
2006-05-25,985.27,,,
2006-05-26,1040.04,,,
2006-05-29,1047.91,,,
2006-05-30,1044.22,,,
2006-05-31,1005.79,,,
2006-06-01,968.56,,,
2006-06-02,984.62,,,
2006-06-05,961.4,,,
2006-06-06,930.18,,,
2006-06-07,864.16,,,
2006-06-08,786.4,,,
2006-06-09,854.16,,,
2006-06-12,821.53,,,
2006-06-13,764.16,,,
2006-06-14,744.43,,,
2006-06-15,804.38,,,
2006-06-16,823.1,,,
2006-06-19,850.77,,,
2006-06-20,854.29,,,
2006-06-21,871.28,,,
2006-06-22,887.83,,,
2006-06-23,890.06,,,
2006-06-25,897.82,,,
2006-06-26,852.4,,,
2006-06-27,850.47,,,
2006-06-28,854.1,,,
2006-06-29,853.19,,,
2006-06-30,890.62,,,
2006-07-03,892.57,,,
2006-07-04,891.01,,,
2006-07-05,902.97,,,
2006-07-06,904.77,,,
2006-07-07,870.24,,,
2006-07-10,881.45,,,
2006-07-11,879.78,,,
2006-07-12,888.56,,,
2006-07-13,882.79,,,
2006-07-14,872.4,,,
2006-07-17,843.64,,,
2006-07-18,824.15,,,
2006-07-19,800.05,,,
2006-07-20,818.7,,,
2006-07-21,798.86,,,
2006-07-24,809.18,,,
2006-07-25,835.46,,,
2006-07-26,857.25,,,
2006-07-27,875.06,,,
2006-07-28,885.63,,,
2006-07-31,883.25,,,
2006-08-01,884.48,,,
2006-08-02,902.64,,,
2006-08-03,905.18,,,
2006-08-04,897.23,,,
2006-08-07,898.51,,,
2006-08-08,912.18,,,
2006-08-09,929.65,,,
2006-08-10,948.22,,,
2006-08-11,957.1,,,
2006-08-14,974.68,,,
2006-08-16,978.87,,,
2006-08-17,975.09,,,
2006-08-18,987.48,,,
2006-08-21,997.39,,,
2006-08-22,993.85,,,
2006-08-23,980.62,,,
2006-08-24,990.55,,,
2006-08-25,1004.92,,,
2006-08-28,1012.76,,,
2006-08-29,1017.69,,,
2006-08-30,1018.42,,,
2006-08-31,1004.86,,,
2006-09-01,1027.61,,,
2006-09-04,1058.14,,,
2006-09-05,1059.56,,,
2006-09-06,1059.24,,,
2006-09-07,1064.59,,,
2006-09-08,1075.34,,,
2006-09-11,1011.84,,,
2006-09-12,1030.07,,,
2006-09-13,1056.8,,,
2006-09-14,1066.5,,,
2006-09-15,1068.65,,,
2006-09-18,1072.43,,,
2006-09-19,1051.68,,,
2006-09-20,1066.22,,,
2006-09-21,1078.3,,,
2006-09-22,1072.17,,,
2006-09-25,1062.33,,,
2006-09-26,1066.43,,,
2006-09-27,1072.47,,,
2006-09-28,1087.28,,,
2006-09-29,1109.08,,,
2006-10-03,1114.52,,,
2006-10-04,1106.28,,,
2006-10-05,1122.02,,,
2006-10-06,1129.54,,,
2006-10-09,1136.3,,,
2006-10-10,1129.03,,,
2006-10-11,1106.73,,,
2006-10-12,1126.27,,,
2006-10-13,1122.2,,,
2006-10-16,1119.69,,,
2006-10-17,1117.56,,,
2006-10-18,1118.85,,,
2006-10-19,1106.62,,,
2006-10-20,1111.18,,,
2006-10-21,1114.65,,,
2006-10-23,1115.18,,,
2006-10-26,1124.6,,,
2006-10-27,1137.25,,,
2006-10-30,1141.46,,,
2006-10-31,1125.02,,,
2006-11-01,1132.28,,,
2006-11-02,1132.54,,,
2006-11-03,1131.7,,,
2006-11-06,1137.35,,,
2006-11-07,1143.04,,,
2006-11-08,1123.4,,,
2006-11-09,1136.91,,,
2006-11-10,1146.04,,,
2006-11-13,1162.48,,,
2006-11-14,1155.17,,,
2006-11-15,1158.74,,,
2006-11-16,1154.1,,,
2006-11-17,1130.24,,,
2006-11-20,1126.43,,,
2006-11-21,1150.43,,,
2006-11-22,1165.1,,,
2006-11-23,1169.48,,,
2006-11-24,1178.74,,,
2006-11-27,1184.85,,,
2006-11-28,1179.51,,,
2006-11-29,1181.28,,,
2006-11-30,1169.54,,,
2006-12-01,1189.39,,,
2006-12-04,1194.8,,,
2006-12-05,1197.79,,,
2006-12-06,1177.53,,,
2006-12-07,1180.39,,,
2006-12-08,1176.52,,,
2006-12-11,1132.71,,,
2006-12-12,1056.09,,,
2006-12-13,1095.93,,,
2006-12-14,1132.54,,,
2006-12-15,1150.95,,,
2006-12-18,1158.06,,,
2006-12-19,1135.51,,,
2006-12-20,1130.41,,,
2006-12-21,1144.46,,,
2006-12-22,1160.84,,,
2006-12-26,1180.03,,,
2006-12-27,1195.93,,,
2006-12-28,1194.09,,,
2006-12-29,1202.87,,,
2007-01-02,1216.5,,,
2007-01-03,1230.75,,,
2007-01-04,1228.96,,,
2007-01-05,1219.36,,,
2007-01-08,1211.25,,,
2007-01-09,1203.39,,,
2007-01-10,1190.59,,,
2007-01-11,1214.54,,,
2007-01-12,1235.54,,,
2007-01-15,1240.47,,,
2007-01-16,1245.48,,,
2007-01-17,1255.21,,,
2007-01-18,1251.36,,,
2007-01-19,1251.05,,,
2007-01-22,1242.41,,,
2007-01-23,1223.85,,,
2007-01-24,1229.06,,,
2007-01-25,1255.86,,,
2007-01-29,1263.37,,,
2007-01-31,1252.51,,,
2007-02-01,1275.18,,,
2007-02-02,1285.94,,,
2007-02-05,1289.28,,,
2007-02-06,1296.06,,,
2007-02-07,1296.56,,,
2007-02-08,1298.14,,,
2007-02-09,1256.94,,,
2007-02-12,1189.72,,,
2007-02-13,1177.93,,,
2007-02-14,1192.45,,,
2007-02-15,1237.3,,,
2007-02-19,1221.21,,,
2007-02-20,1200.17,,,
2007-02-21,1196.01,,,
2007-02-22,1170.26,,,
2007-02-23,1137.59,,,
2007-02-26,1153.96,,,
2007-02-27,1152.7,,,
2007-02-28,1094.4,,,
2007-03-01,1110.02,,,
2007-03-02,1090.13,,,
2007-03-05,1023.84,,,
2007-03-06,1037.04,,,
2007-03-07,1003.08,,,
2007-03-08,1050.3,,,
2007-03-09,1041.45,,,
2007-03-12,1045.43,,,
2007-03-13,1060.72,,,
2007-03-14,1043.47,,,
2007-03-15,1051.2,,,
2007-03-16,1045.11,,,
2007-03-19,1059.37,,,
2007-03-20,1074.29,,,
2007-03-21,1077.53,,,
2007-03-22,1094.45,,,
2007-03-23,1097.39,,,
2007-03-26,1088.47,,,
2007-03-28,1073.27,,,
2007-03-29,1073.0,,,
2007-03-30,1090.88,,,
2007-04-02,1049.54,,,
2007-04-03,1050.07,,,
2007-04-04,1059.78,,,
2007-04-05,1071.76,,,
2007-04-09,1097.16,,,
2007-04-10,1103.06,,,
2007-04-11,1105.29,,,
2007-04-12,1102.84,,,
2007-04-13,1123.72,,,
2007-04-16,1145.46,,,
2007-04-17,1135.54,,,
2007-04-18,1142.06,,,
2007-04-19,1136.26,,,
2007-04-20,1143.38,,,
2007-04-23,1138.68,,,
2007-04-24,1155.53,,,
2007-04-25,1182.5,,,
2007-04-26,1180.94,,,
2007-04-27,1163.32,,,
2007-04-30,1185.52,,,
2007-05-03,1204.61,,,
2007-05-04,1200.45,,,
2007-05-07,1185.31,,,
2007-05-08,1164.3,,,
2007-05-09,1170.73,,,
2007-05-10,1171.99,,,
2007-05-11,1177.66,,,
2007-05-14,1195.51,,,
2007-05-15,1191.62,,,
2007-05-16,1208.12,,,
2007-05-17,1215.25,,,
2007-05-18,1216.74,,,
2007-05-21,1230.28,,,
2007-05-22,1236.42,,,
2007-05-23,1223.9,,,
2007-05-24,1224.26,,,
2007-05-25,1229.19,,,
2007-05-28,1244.4,,,
2007-05-29,1248.92,,,
2007-05-30,1224.15,,,
2007-05-31,1219.1,,,
2007-06-01,1239.36,,,
2007-06-04,1227.02,,,
2007-06-05,1235.69,,,
2007-06-06,1210.55,,,
2007-06-07,1208.98,,,
2007-06-08,1200.53,,,
2007-06-11,1195.84,,,
2007-06-12,1190.0,,,
2007-06-13,1189.39,,,
2007-06-14,1219.23,,,
2007-06-15,1224.26,,,
2007-06-18,1226.1,,,
2007-06-19,1241.28,,,
2007-06-20,1269.34,,,
2007-06-21,1273.6,,,
2007-06-22,1266.21,,,
2007-06-25,1266.3,,,
2007-06-26,1271.37,,,
2007-06-27,1273.63,,,
2007-06-28,1281.32,,,
2007-06-29,1301.67,,,
2007-07-02,1315.56,,,
2007-07-03,1330.65,,,
2007-07-04,1335.84,,,
2007-07-05,1322.39,,,
2007-07-06,1314.65,,,
2007-07-09,1340.83,,,
2007-07-10,1340.47,,,
2007-07-11,1351.88,,,
2007-07-12,1370.93,,,
2007-07-13,1377.88,,,
2007-07-16,1390.15,,,
2007-07-17,1377.93,,,
2007-07-18,1377.66,,,
2007-07-19,1382.62,,,
2007-07-20,1386.2,,,
2007-07-23,1392.78,,,
2007-07-24,1382.23,,,
2007-07-25,1353.24,,,
2007-07-26,1352.34,,,
2007-07-27,1310.87,,,
2007-07-30,1320.15,,,
2007-07-31,1350.76,,,
2007-08-01,1292.3,,,
2007-08-02,1307.6,,,
2007-08-03,1329.46,,,
2007-08-06,1307.01,,,
2007-08-07,1311.89,,,
2007-08-08,1336.46,,,
2007-08-09,1314.61,,,
2007-08-10,1302.95,,,
2007-08-13,1309.71,,,
2007-08-14,1308.73,,,
2007-08-16,1253.45,,,
2007-08-17,1231.17,,,
2007-08-20,1250.0,,,
2007-08-21,1195.12,,,
2007-08-22,1204.02,,,
2007-08-23,1188.3,,,
2007-08-24,1222.11,,,
2007-08-27,1273.16,,,
2007-08-28,1286.76,,,
2007-08-29,1304.15,,,
2007-08-30,1304.12,,,
2007-08-31,1327.14,,,
2007-09-03,1347.95,,,
2007-09-04,1357.21,,,
2007-09-05,1362.37,,,
2007-09-06,1373.42,,,
2007-09-07,1375.09,,,
2007-09-10,1380.2,,,
2007-09-11,1376.19,,,
2007-09-12,1378.37,,,
2007-09-13,1389.68,,,
2007-09-14,1377.1,,,
2007-09-17,1383.72,,,
2007-09-18,1395.61,,,
2007-09-19,1439.75,,,
2007-09-20,1449.01,,,
2007-09-21,1447.18,,,
2007-09-24,1459.03,,,
2007-09-25,1469.88,,,
2007-09-26,1482.54,,,
2007-09-27,1479.74,,,
2007-09-28,1521.04,,,
2007-10-01,1548.36,,,
2007-10-03,1567.22,,,
2007-10-04,1588.13,,,
2007-10-05,1554.78,,,
2007-10-08,1500.23,,,
2007-10-09,1549.66,,,
2007-10-10,1578.85,,,
2007-10-11,1615.27,,,
2007-10-12,1594.71,,,
2007-10-15,1667.82,,,
2007-10-16,1688.01,,,
2007-10-17,1632.99,,,
2007-10-18,1569.77,,,
2007-10-19,1527.0,,,
2007-10-22,1543.31,,,
2007-10-23,1634.91,,,
2007-10-24,1668.53,,,
2007-10-25,1668.98,,,
2007-10-26,1714.91,,,
2007-10-29,1754.53,,,
2007-10-30,1750.89,,,
2007-10-31,1754.91,,,
2007-11-01,1695.89,,,
2007-11-02,1712.56,,,
2007-11-05,1705.09,,,
2007-11-06,1713.43,,,
2007-11-07,1715.18,,,
2007-11-08,1689.36,,,
2007-11-09,1700.19,,,
2007-11-12,1687.78,,,
2007-11-13,1724.02,,,
2007-11-14,1801.66,,,
2007-11-15,1862.81,,,
2007-11-16,1911.08,,,
2007-11-19,1947.23,,,
2007-11-20,1901.62,,,
2007-11-21,1807.23,,,
2007-11-22,1784.11,,,
2007-11-23,1838.77,,,
2007-11-26,1874.4,,,
2007-11-27,1906.77,,,
2007-11-28,1863.83,,,
2007-11-29,1849.25,,,
2007-11-30,1944.96,,,
2007-12-03,2037.16,,,
2007-12-04,2072.09,,,
2007-12-05,2107.79,,,
2007-12-06,2101.15,,,
2007-12-07,2105.49,,,
2007-12-10,2110.44,,,
2007-12-11,2110.92,,,
2007-12-12,2152.45,,,
2007-12-13,2156.29,,,
2007-12-14,2165.93,,,
2007-12-17,2025.5,,,
2007-12-18,2056.46,,,
2007-12-19,2064.03,,,
2007-12-20,2056.08,,,
2007-12-24,2101.5,,,
2007-12-26,2165.31,,,
2007-12-27,2163.35,,,
2007-12-28,2220.02,,,
2007-12-31,2244.45,,,
2008-01-01,2279.15,,,
2008-01-02,2311.88,,,
2008-01-03,2296.07,,,
2008-01-04,2289.15,,,
2008-01-07,2280.69,,,
2008-01-08,2219.07,,,
2008-01-09,2203.4,,,
2008-01-10,2128.7,,,
2008-01-11,2136.32,,,
2008-01-14,2143.21,,,
2008-01-15,2121.88,,,
2008-01-16,2090.69,,,
2008-01-17,2088.25,,,
2008-01-18,1973.1,,,
2008-01-21,1679.65,,,
2008-01-22,1535.04,,,
2008-01-23,1690.16,,,
2008-01-24,1620.77,,,
2008-01-25,1778.18,,,
2008-01-28,1792.83,,,
2008-01-29,1803.72,,,
2008-01-30,1756.79,,,
2008-01-31,1708.2,,,
2008-02-01,1731.17,,,
2008-02-04,1807.09,,,
2008-02-05,1826.7,,,
2008-02-06,1775.68,,,
2008-02-07,1738.05,,,
2008-02-08,1702.36,,,
2008-02-11,1599.6,,,
2008-02-12,1580.04,,,
2008-02-13,1602.25,,,
2008-02-14,1694.01,,,
2008-02-15,1758.87,,,
2008-02-18,1748.7,,,
2008-02-19,1769.33,,,
2008-02-20,1739.04,,,
2008-02-21,1754.98,,,
2008-02-22,1730.39,,,
2008-02-25,1736.76,,,
2008-02-26,1748.52,,,
2008-02-27,1745.89,,,
2008-02-28,1756.17,,,
2008-02-29,1780.51,,,
2008-03-03,1696.91,,,
2008-03-04,1667.3,,,
2008-03-05,1648.76,,,
2008-03-07,1588.01,,,
2008-03-10,1616.07,,,
2008-03-11,1653.76,,,
2008-03-12,1641.57,,,
2008-03-13,1524.11,,,
2008-03-14,1538.09,,,
2008-03-17,1404.0,,,
2008-03-18,1391.05,,,
2008-03-19,1400.72,,,
2008-03-24,1381.71,,,
2008-03-25,1470.51,,,
2008-03-26,1486.5,,,
2008-03-27,1462.27,,,
2008-03-28,1521.76,,,
2008-03-31,1489.45,,,
2008-04-01,1478.43,,,
2008-04-02,1493.88,,,
2008-04-03,1486.85,,,
2008-04-04,1454.07,,,
2008-04-07,1475.65,,,
2008-04-08,1484.1,,,
2008-04-09,1504.26,,,
2008-04-10,1514.31,,,
2008-04-11,1521.2,,,
2008-04-15,1535.36,,,
2008-04-16,1557.85,,,
2008-04-17,1599.27,,,
2008-04-21,1635.7,,,
2008-04-22,1648.4,,,
2008-04-23,1648.23,,,
2008-04-24,1621.78,,,
2008-04-25,1638.7,,,
2008-04-28,1666.6,,,
2008-04-29,1715.66,,,
2008-04-30,1718.58,,,
2008-05-02,1740.01,,,
2008-05-05,1748.02,,,
2008-05-06,1710.75,,,
2008-05-07,1694.36,,,
2008-05-08,1689.19,,,
2008-05-09,1631.6,,,
2008-05-12,1624.41,,,
2008-05-13,1639.46,,,
2008-05-14,1676.77,,,
2008-05-15,1702.26,,,
2008-05-16,1728.05,,,
2008-05-20,1716.74,,,
2008-05-21,1744.2,,,
2008-05-22,1711.14,,,
2008-05-23,1685.26,,,
2008-05-26,1633.56,,,
2008-05-27,1626.17,,,
2008-05-28,1654.73,,,
2008-05-29,1650.87,,,
2008-05-30,1667.6,,,
2008-06-02,1624.77,,,
2008-06-03,1613.82,,,
2008-06-04,1539.83,,,
2008-06-05,1541.57,,,
2008-06-06,1536.7,,,
2008-06-09,1497.55,,,
2008-06-10,1479.57,,,
2008-06-11,1495.13,,,
2008-06-12,1511.44,,,
2008-06-13,1497.83,,,
2008-06-16,1499.22,,,
2008-06-17,1538.87,,,
2008-06-18,1527.87,,,
2008-06-19,1492.9,,,
2008-06-20,1443.34,,,
2008-06-23,1383.84,,,
2008-06-24,1356.41,,,
2008-06-25,1377.76,,,
2008-06-26,1381.47,,,
2008-06-27,1337.99,,,
2008-06-30,1286.01,,,
2008-07-01,1218.13,,,
2008-07-02,1270.78,,,
2008-07-03,1225.12,,,
2008-07-04,1250.94,,,
2008-07-07,1267.81,,,
2008-07-08,1270.03,,,
2008-07-09,1320.94,,,
2008-07-10,1318.66,,,
2008-07-11,1285.12,,,
2008-07-14,1276.01,,,
2008-07-15,1222.8,,,
2008-07-16,1192.9,,,
2008-07-17,1222.72,,,
2008-07-18,1240.44,,,
2008-07-21,1249.18,,,
2008-07-22,1278.92,,,
2008-07-23,1377.9,,,
2008-07-24,1369.98,,,
2008-07-25,1352.95,,,
2008-07-28,1363.47,,,
2008-07-29,1320.14,,,
2008-07-30,1353.54,,,
2008-07-31,1340.53,,,
2008-08-01,1371.37,,,
2008-08-04,1399.61,,,
2008-08-05,1407.91,,,
2008-08-06,1405.53,,,
2008-08-07,1418.35,,,
2008-08-08,1433.46,,,
2008-08-11,1458.92,,,
2008-08-12,1439.58,,,
2008-08-13,1428.05,,,
2008-08-14,1389.24,,,
2008-08-18,1371.68,,,
2008-08-19,1360.38,,,
2008-08-20,1370.36,,,
2008-08-21,1329.04,,,
2008-08-22,1325.26,,,
2008-08-25,1331.17,,,
2008-08-26,1331.73,,,
2008-08-27,1318.46,,,
2008-08-28,1295.99,,,
2008-08-29,1339.28,,,
2008-09-01,1332.02,,,
2008-09-02,1370.09,,,
2008-09-04,1373.05,,,
2008-09-05,1354.31,,,
2008-09-08,1360.69,,,
2008-09-09,1354.64,,,
2008-09-10,1339.83,,,
2008-09-11,1317.17,,,
2008-09-12,1290.12,,,
2008-09-15,1235.33,,,
2008-09-16,1226.81,,,
2008-09-17,1204.27,,,
2008-09-18,1185.34,,,
2008-09-19,1228.83,,,
2008-09-22,1220.6,,,
2008-09-23,1193.28,,,
2008-09-24,1204.76,,,
2008-09-25,1193.6,,,
2008-09-26,1150.77,,,
2008-09-29,1101.68,,,
2008-09-30,1129.83,,,
2008-10-01,1141.31,,,
2008-10-03,1109.64,,,
2008-10-06,1031.38,,,
2008-10-07,1018.56,,,
2008-10-08,950.19,,,
2008-10-10,852.98,,,
2008-10-13,920.03,,,
2008-10-14,930.43,,,
2008-10-15,874.24,,,
2008-10-16,876.75,,,
2008-10-17,840.64,,,
2008-10-20,849.29,,,
2008-10-21,882.65,,,
2008-10-22,849.45,,,
2008-10-23,809.65,,,
2008-10-24,736.05,,,
2008-10-27,702.46,,,
2008-10-28,754.52,,,
2008-10-29,754.03,,,
2008-10-31,801.03,,,
2008-11-03,852.43,,,
2008-11-04,894.63,,,
2008-11-05,877.61,,,
2008-11-06,858.1,,,
2008-11-07,881.6,,,
2008-11-10,913.3,,,
2008-11-11,865.09,,,
2008-11-12,848.41,,,
2008-11-14,831.12,,,
2008-11-17,806.8,,,
2008-11-18,787.67,,,
2008-11-19,778.75,,,
2008-11-20,750.6,,,
2008-11-21,762.63,,,
2008-11-24,765.68,,,
2008-11-25,749.47,,,
2008-11-26,760.73,,,
2008-11-28,769.7,,,
2008-12-01,752.94,,,
2008-12-02,745.64,,,
2008-12-03,752.11,,,
2008-12-04,780.31,,,
2008-12-05,762.88,,,
2008-12-08,764.25,,,
2008-12-10,797.31,,,
2008-12-11,809.97,,,
2008-12-12,821.6,,,
2008-12-15,864.86,,,
2008-12-16,878.08,,,
2008-12-17,850.2,,,
2008-12-18,876.83,,,
2008-12-19,895.24,,,
2008-12-22,889.14,,,
2008-12-23,863.97,,,
2008-12-24,862.02,,,
2008-12-26,846.56,,,
2008-12-29,861.56,,,
2008-12-30,879.45,,,
2008-12-31,882.13,,,
2009-01-01,900.77,,,
2009-01-02,923.28,,,
2009-01-05,940.79,,,
2009-01-06,938.94,,,
2009-01-07,874.24,,,
2009-01-09,848.84,,,
2009-01-12,823.12,,,
2009-01-13,809.52,,,
2009-01-14,825.92,,,
2009-01-15,810.35,,,
2009-01-16,823.98,,,
2009-01-19,825.02,,,
2009-01-20,818.3,,,
2009-01-21,786.85,,,
2009-01-22,776.07,,,
2009-01-23,755.29,,,
2009-01-27,751.23,,,
2009-01-28,767.67,,,
2009-01-29,766.98,,,
2009-01-30,777.32,,,
2009-02-02,770.29,,,
2009-02-03,768.95,,,
2009-02-04,764.94,,,
2009-02-05,755.96,,,
2009-02-06,769.54,,,
2009-02-09,790.09,,,
2009-02-10,801.85,,,
2009-02-11,805.93,,,
2009-02-12,808.77,,,
2009-02-13,811.34,,,
2009-02-16,786.14,,,
2009-02-17,759.64,,,
2009-02-18,758.77,,,
2009-02-19,753.83,,,
2009-02-20,744.2,,,
2009-02-24,732.86,,,
2009-02-25,736.79,,,
2009-02-26,730.96,,,
2009-02-27,734.93,,,
2009-03-02,719.92,,,
2009-03-03,709.02,,,
2009-03-04,707.1,,,
2009-03-05,691.88,,,
2009-03-06,691.86,,,
2009-03-09,676.61,,,
2009-03-12,682.85,,,
2009-03-13,698.54,,,
2009-03-16,724.1,,,
2009-03-17,730.25,,,
2009-03-18,739.26,,,
2009-03-19,737.75,,,
2009-03-20,731.56,,,
2009-03-23,754.61,,,
2009-03-24,758.83,,,
2009-03-25,769.63,,,
2009-03-26,793.86,,,
2009-03-27,810.68,,,
2009-03-30,790.0,,,
2009-03-31,807.34,,,
2009-04-01,815.02,,,
2009-04-02,849.21,,,
2009-04-06,855.32,,,
2009-04-08,882.06,,,
2009-04-09,900.82,,,
2009-04-13,921.65,,,
2009-04-15,952.41,,,
2009-04-16,911.25,,,
2009-04-17,915.42,,,
2009-04-20,929.13,,,
2009-04-21,935.46,,,
2009-04-22,926.87,,,
2009-04-23,935.04,,,
2009-04-24,952.92,,,
2009-04-27,954.52,,,
2009-04-28,913.11,,,
2009-04-29,930.87,,,
2009-05-04,978.06,,,
2009-05-05,996.08,,,
2009-05-06,987.06,,,
2009-05-07,1012.19,,,
2009-05-08,1010.95,,,
2009-05-11,983.52,,,
2009-05-12,988.21,,,
2009-05-13,991.59,,,
2009-05-14,999.87,,,
2009-05-15,1011.47,,,
2009-05-18,1147.13,,,
2009-05-19,1193.36,,,
2009-05-20,1262.15,,,
2009-05-21,1258.31,,,
2009-05-22,1260.0,,,
2009-05-25,1287.47,,,
2009-05-26,1234.24,,,
2009-05-27,1285.16,,,
2009-05-28,1292.41,,,
2009-05-29,1328.69,,,
2009-06-01,1368.06,,,
2009-06-02,1382.83,,,
2009-06-03,1411.11,,,
2009-06-04,1438.77,,,
2009-06-05,1425.07,,,
2009-06-08,1342.19,,,
2009-06-09,1389.8,,,
2009-06-10,1425.76,,,
2009-06-11,1423.38,,,
2009-06-12,1393.69,,,
2009-06-15,1361.68,,,
2009-06-16,1379.36,,,
2009-06-17,1325.23,,,
2009-06-18,1277.9,,,
2009-06-19,1296.78,,,
2009-06-22,1289.46,,,
2009-06-23,1289.9,,,
2009-06-24,1317.74,,,
2009-06-25,1313.69,,,
2009-06-26,1344.55,,,
2009-06-29,1357.21,,,
2009-06-30,1309.53,,,
2009-07-01,1335.97,,,
2009-07-02,1343.65,,,
2009-07-03,1355.26,,,
2009-07-06,1283.95,,,
2009-07-07,1301.19,,,
2009-07-08,1253.63,,,
2009-07-09,1247.41,,,
2009-07-10,1224.94,,,
2009-07-13,1188.95,,,
2009-07-14,1234.07,,,
2009-07-15,1291.8,,,
2009-07-16,1293.18,,,
2009-07-17,1319.61,,,
2009-07-20,1348.01,,,
2009-07-21,1346.75,,,
2009-07-22,1335.24,,,
2009-07-23,1363.74,,,
2009-07-24,1388.07,,,
2009-07-27,1404.41,,,
2009-07-28,1422.28,,,
2009-07-29,1401.28,,,
2009-07-30,1401.12,,,
2009-07-31,1420.03,,,
2009-08-03,1450.59,,,
2009-08-04,1451.78,,,
2009-08-05,1442.64,,,
2009-08-06,1399.45,,,
2009-08-07,1369.38,,,
2009-08-10,1344.57,,,
2009-08-11,1361.13,,,
2009-08-12,1376.6,,,
2009-08-13,1423.51,,,
2009-08-14,1414.06,,,
2009-08-17,1358.01,,,
2009-08-18,1382.96,,,
2009-08-19,1374.78,,,
2009-08-20,1384.65,,,
2009-08-21,1422.91,,,
2009-08-24,1458.64,,,
2009-08-25,1467.57,,,
2009-08-26,1474.66,,,
2009-08-27,1478.57,,,
2009-08-28,1491.4,,,
2009-08-31,1484.12,,,
2009-09-01,1453.31,,,
2009-09-02,1435.37,,,
2009-09-03,1436.55,,,
2009-09-04,1460.41,,,
2009-09-07,1488.62,,,
2009-09-08,1488.52,,,
2009-09-09,1481.31,,,
2009-09-10,1478.53,,,
2009-09-11,1470.04,,,
2009-09-14,1474.93,,,
2009-09-15,1511.31,,,
2009-09-16,1535.71,,,
2009-09-17,1538.5,,,
2009-09-18,1548.33,,,
2009-09-22,1558.73,,,
2009-09-23,1539.72,,,
2009-09-24,1552.41,,,
2009-09-25,1557.14,,,
2009-09-29,1564.3,,,
2009-09-30,1572.9,,,
2009-10-01,1566.29,,,
2009-10-05,1534.79,,,
2009-10-06,1543.4,,,
2009-10-07,1583.87,,,
2009-10-08,1590.46,,,
2009-10-09,1586.26,,,
2009-10-12,1603.54,,,
2009-10-14,1620.33,,,
2009-10-15,1642.95,,,
2009-10-16,1656.03,,,
2009-10-17,1663.24,,,
2009-10-20,1660.14,,,
2009-10-21,1632.74,,,
2009-10-22,1590.17,,,
2009-10-23,1605.92,,,
2009-10-26,1575.32,,,
2009-10-27,1518.92,,,
2009-10-28,1515.29,,,
2009-10-29,1478.07,,,
2009-10-30,1469.05,,,
2009-11-03,1427.21,,,
2009-11-04,1480.9,,,
2009-11-05,1500.21,,,
2009-11-06,1529.69,,,
2009-11-09,1549.91,,,
2009-11-10,1535.04,,,
2009-11-11,1580.62,,,
2009-11-12,1578.63,,,
2009-11-13,1577.01,,,
2009-11-16,1589.55,,,
2009-11-17,1587.15,,,
2009-11-18,1590.42,,,
2009-11-19,1556.09,,,
2009-11-20,1577.28,,,
2009-11-23,1579.86,,,
2009-11-24,1586.78,,,
2009-11-25,1587.84,,,
2009-11-26,1556.07,,,
2009-11-27,1529.38,,,
2009-11-30,1568.31,,,
2009-12-01,1600.04,,,
2009-12-02,1610.0,,,
2009-12-03,1613.61,,,
2009-12-04,1611.64,,,
2009-12-07,1611.35,,,
2009-12-08,1635.35,,,
2009-12-09,1625.81,,,
2009-12-10,1628.48,,,
2009-12-11,1612.09,,,
2009-12-14,1600.51,,,
2009-12-15,1571.59,,,
2009-12-16,1581.41,,,
2009-12-17,1596.99,,,
2009-12-18,1583.6,,,
2009-12-21,1576.15,,,
2009-12-22,1581.06,,,
2009-12-23,1612.12,,,
2009-12-24,1624.4,,,
2009-12-29,1637.28,,,
2009-12-30,1646.03,,,
2009-12-31,1635.56,,,
2010-01-04,1667.52,,,
2010-01-05,1701.57,,,
2010-01-06,1731.79,,,
2010-01-07,1736.45,,,
2010-01-08,1731.64,,,
2010-01-11,1747.78,,,
2010-01-12,1713.85,,,
2010-01-13,1732.9,,,
2010-01-14,1748.78,,,
2010-01-15,1750.97,,,
2010-01-18,1764.17,,,
2010-01-19,1743.11,,,
2010-01-20,1736.52,,,
2010-01-21,1702.49,,,
2010-01-22,1684.76,,,
2010-01-25,1650.83,,,
2010-01-27,1590.15,,,
2010-01-28,1595.64,,,
2010-01-29,1623.6,,,
2010-02-01,1656.03,,,
2010-02-02,1630.04,,,
2010-02-03,1659.37,,,
2010-02-04,1615.1,,,
2010-02-05,1571.45,,,
2010-02-06,1592.34,,,
2010-02-08,1591.27,,,
2010-02-09,1601.91,,,
2010-02-10,1592.98,,,
2010-02-11,1609.56,,,
2010-02-15,1595.56,,,
2010-02-16,1611.31,,,
2010-02-17,1625.48,,,
2010-02-18,1618.46,,,
2010-02-19,1603.64,,,
2010-02-22,1587.28,,,
2010-02-23,1572.4,,,
2010-02-24,1569.0,,,
2010-02-25,1557.19,,,
2010-02-26,1586.58,,,
2010-03-02,1617.86,,,
2010-03-03,1645.05,,,
2010-03-04,1659.31,,,
2010-03-05,1668.94,,,
2010-03-08,1678.11,,,
2010-03-09,1662.45,,,
2010-03-10,1656.91,,,
2010-03-11,1654.9,,,
2010-03-12,1650.56,,,
2010-03-15,1643.13,,,
2010-03-16,1666.23,,,
2010-03-17,1667.73,,,
2010-03-18,1680.86,,,
2010-03-19,1682.47,,,
2010-03-22,1664.33,,,
2010-03-23,1670.36,,,
2010-03-25,1666.76,,,
2010-03-26,1682.92,,,
2010-03-29,1684.16,,,
2010-03-30,1685.68,,,
2010-03-31,1689.31,,,
2010-04-01,1696.37,,,
2010-04-05,1723.46,,,
2010-04-06,1738.61,,,
2010-04-07,1747.65,,,
2010-04-08,1741.64,,,
2010-04-09,1766.62,,,
2010-04-12,1762.42,,,
2010-04-13,1757.67,,,
2010-04-15,1750.44,,,
2010-04-16,1752.11,,,
2010-04-19,1727.82,,,
2010-04-20,1758.53,,,
2010-04-21,1774.12,,,
2010-04-22,1771.26,,,
2010-04-23,1771.82,,,
2010-04-26,1777.85,,,
2010-04-27,1779.93,,,
2010-04-28,1753.37,,,
2010-04-29,1777.39,,,
2010-04-30,1801.94,,,
2010-05-03,1795.65,,,
2010-05-04,1768.61,,,
2010-05-05,1773.64,,,
2010-05-06,1763.18,,,
2010-05-07,1716.67,,,
2010-05-10,1760.62,,,
2010-05-11,1739.75,,,
2010-05-12,1731.52,,,
2010-05-13,1756.47,,,
2010-05-14,1740.48,,,
2010-05-17,1739.08,,,
2010-05-18,1753.1,,,
2010-05-19,1699.92,,,
2010-05-20,1707.16,,,
2010-05-21,1677.2,,,
2010-05-24,1670.46,,,
2010-05-25,1621.25,,,
2010-05-26,1641.16,,,
2010-05-27,1660.68,,,
2010-05-28,1698.54,,,
2010-05-31,1722.87,,,
2010-06-01,1695.51,,,
2010-06-02,1713.36,,,
2010-06-03,1732.31,,,
2010-06-04,1741.63,,,
2010-06-07,1713.7,,,
2010-06-08,1703.57,,,
2010-06-09,1715.93,,,
2010-06-10,1738.41,,,
2010-06-11,1735.87,,,
2010-06-14,1746.42,,,
2010-06-15,1746.74,,,
2010-06-16,1749.14,,,
2010-06-17,1757.3,,,
2010-06-18,1751.57,,,
2010-06-21,1780.33,,,
2010-06-22,1773.66,,,
2010-06-23,1783.76,,,
2010-06-24,1786.85,,,
2010-06-25,1773.59,,,
2010-06-28,1796.89,,,
2010-06-29,1783.35,,,
2010-06-30,1790.13,,,
2010-07-01,1780.73,,,
2010-07-02,1779.91,,,
2010-07-05,1784.34,,,
2010-07-06,1794.89,,,
2010-07-07,1790.85,,,
2010-07-08,1803.24,,,
2010-07-09,1821.15,,,
2010-07-12,1821.26,,,
2010-07-13,1839.02,,,
2010-07-14,1829.0,,,
2010-07-15,1834.91,,,
2010-07-16,1838.02,,,
2010-07-19,1836.88,,,
2010-07-20,1828.88,,,
2010-07-21,1835.98,,,
2010-07-22,1848.06,,,
2010-07-23,1835.47,,,
2010-07-26,1821.2,,,
2010-07-27,1829.68,,,
2010-07-28,1837.64,,,
2010-07-29,1835.03,,,
2010-07-30,1839.74,,,
2010-08-02,1855.97,,,
2010-08-03,1856.95,,,
2010-08-04,1851.37,,,
2010-08-05,1848.46,,,
2010-08-06,1855.5,,,
2010-08-09,1878.95,,,
2010-08-10,1866.79,,,
2010-08-11,1853.98,,,
2010-08-12,1854.53,,,
2010-08-13,1881.33,,,
2010-08-16,1897.31,,,
2010-08-17,1894.36,,,
2010-08-18,1909.07,,,
2010-08-19,1932.0,,,
2010-08-20,1924.06,,,
2010-08-23,1950.21,,,
2010-08-24,1939.27,,,
2010-08-25,1914.8,,,
2010-08-26,1903.93,,,
2010-08-27,1892.27,,,
2010-08-30,1894.94,,,
2010-08-31,1889.73,,,
2010-09-01,1914.09,,,
2010-09-02,1920.46,,,
2010-09-03,1935.73,,,
2010-09-06,1959.85,,,
2010-09-07,1960.44,,,
2010-09-08,1957.99,,,
2010-09-09,1972.23,,,
2010-09-13,1985.75,,,
2010-09-14,1975.13,,,
2010-09-15,1980.21,,,
2010-09-16,1949.64,,,
2010-09-17,1986.84,,,
2010-09-20,2002.35,,,
2010-09-21,1986.93,,,
2010-09-22,1980.31,,,
2010-09-23,1985.3,,,
2010-09-24,2009.3,,,
2010-09-27,2018.67,,,
2010-09-28,2026.71,,,
2010-09-29,2005.28,,,
2010-09-30,1980.29,,,
2010-10-01,2013.86,,,
2010-10-04,2026.71,,,
2010-10-05,2039.6,,,
2010-10-06,2069.34,,,
2010-10-07,2046.05,,,
2010-10-08,2035.67,,,
2010-10-11,2063.71,,,
2010-10-12,2046.94,,,
2010-10-13,2065.02,,,
2010-10-14,2053.44,,,
2010-10-15,2013.92,,,
2010-10-18,2013.55,,,
2010-10-19,2019.68,,,
2010-10-20,2024.81,,,
2010-10-21,2056.38,,,
2010-10-22,2059.86,,,
2010-10-25,2068.9,,,
2010-10-26,2062.13,,,
2010-10-27,2052.01,,,
2010-10-28,2027.57,,,
2010-10-29,2012.59,,,
2010-11-01,2054.37,,,
2010-11-02,2060.55,,,
2010-11-03,2067.5,,,
2010-11-04,2090.41,,,
2010-11-05,2099.46,,,
2010-11-08,2107.63,,,
2010-11-09,2119.94,,,
2010-11-10,2142.56,,,
2010-11-11,2099.84,,,
2010-11-12,2037.33,,,
2010-11-15,2042.37,,,
2010-11-16,1996.01,,,
2010-11-18,1981.6,,,
2010-11-19,1954.55,,,
2010-11-22,1986.19,,,
2010-11-23,1968.93,,,
2010-11-24,1920.26,,,
2010-11-25,1864.68,,,
2010-11-26,1819.36,,,
2010-11-29,1843.21,,,
2010-11-30,1867.64,,,
2010-12-01,1929.59,,,
2010-12-02,1950.24,,,
2010-12-03,1912.23,,,
2010-12-06,1898.66,,,
2010-12-07,1882.64,,,
2010-12-08,1841.14,,,
2010-12-09,1749.42,,,
2010-12-10,1787.49,,,
2010-12-13,1825.53,,,
2010-12-14,1841.21,,,
2010-12-15,1805.01,,,
2010-12-16,1799.27,,,
2010-12-20,1788.1,,,
2010-12-21,1805.89,,,
2010-12-22,1812.37,,,
2010-12-23,1812.04,,,
2010-12-24,1819.67,,,
2010-12-27,1813.15,,,
2010-12-28,1810.88,,,
2010-12-29,1823.01,,,
2010-12-30,1834.17,,,
2010-12-31,1856.87,,,
2011-01-03,1881.04,,,
2011-01-04,1875.88,,,
2011-01-05,1852.65,,,
2011-01-06,1823.21,,,
2011-01-07,1768.42,,,
2011-01-10,1716.85,,,
2011-01-11,1719.25,,,
2011-01-12,1756.76,,,
2011-01-13,1742.19,,,
2011-01-14,1715.56,,,
2011-01-17,1689.35,,,
2011-01-18,1693.24,,,
2011-01-19,1699.2,,,
2011-01-20,1702.65,,,
2011-01-21,1706.88,,,
2011-01-24,1729.16,,,
2011-01-25,1721.0,,,
2011-01-27,1677.68,,,
2011-01-28,1623.48,,,
2011-01-31,1620.05,,,
2011-02-01,1580.89,,,
2011-02-02,1584.58,,,
2011-02-03,1610.05,,,
2011-02-04,1586.13,,,
2011-02-07,1581.29,,,
2011-02-08,1535.02,,,
2011-02-09,1474.29,,,
2011-02-10,1476.87,,,
2011-02-11,1520.17,,,
2011-02-14,1571.87,,,
2011-02-15,1585.94,,,
2011-02-16,1595.52,,,
2011-02-17,1617.69,,,
2011-02-18,1573.44,,,
2011-02-21,1587.08,,,
2011-02-22,1570.56,,,
2011-02-23,1548.09,,,
2011-02-24,1490.9,,,
2011-02-25,1507.04,,,
2011-02-28,1514.23,,,
2011-03-01,1563.41,,,
2011-03-03,1567.51,,,
2011-03-04,1569.79,,,
2011-03-07,1543.82,,,
2011-03-08,1563.15,,,
2011-03-09,1575.44,,,
2011-03-10,1568.03,,,
2011-03-11,1551.92,,,
2011-03-14,1559.62,,,
2011-03-15,1527.1,,,
2011-03-16,1549.32,,,
2011-03-17,1552.42,,,
2011-03-18,1530.3,,,
2011-03-21,1521.84,,,
2011-03-22,1540.94,,,
2011-03-23,1559.16,,,
2011-03-24,1573.38,,,
2011-03-25,1600.78,,,
2011-03-28,1614.28,,,
2011-03-29,1619.05,,,
2011-03-30,1652.96,,,
2011-03-31,1642.42,,,
2011-04-01,1665.8,,,
2011-04-04,1687.14,,,
2011-04-05,1699.22,,,
2011-04-06,1702.88,,,
2011-04-07,1722.87,,,
2011-04-08,1688.23,,,
2011-04-11,1676.47,,,
2011-04-13,1701.62,,,
2011-04-15,1699.12,,,
2011-04-18,1675.8,,,
2011-04-19,1690.96,,,
2011-04-20,1713.4,,,
2011-04-21,1708.95,,,
2011-04-25,1712.62,,,
2011-04-26,1702.05,,,
2011-04-27,1697.46,,,
2011-04-28,1688.1,,,
2011-04-29,1660.49,,,
2011-05-02,1650.31,,,
2011-05-03,1620.13,,,
2011-05-04,1610.1,,,
2011-05-05,1597.73,,,
2011-05-06,1626.77,,,
2011-05-09,1625.63,,,
2011-05-10,1626.84,,,
2011-05-11,1646.15,,,
2011-05-12,1633.11,,,
2011-05-13,1652.2,,,
2011-05-16,1631.37,,,
2011-05-17,1618.61,,,
2011-05-18,1605.94,,,
2011-05-19,1593.25,,,
2011-05-20,1607.53,,,
2011-05-23,1582.48,,,
2011-05-24,1591.47,,,
2011-05-25,1584.68,,,
2011-05-26,1588.32,,,
2011-05-27,1624.52,,,
2011-05-30,1635.93,,,
2011-05-31,1655.19,,,
2011-06-01,1664.46,,,
2011-06-02,1653.03,,,
2011-06-03,1650.05,,,
2011-06-06,1648.82,,,
2011-06-07,1663.04,,,
2011-06-08,1656.51,,,
2011-06-09,1648.45,,,
2011-06-10,1636.25,,,
2011-06-13,1647.2,,,
2011-06-14,1653.54,,,
2011-06-15,1638.91,,,
2011-06-16,1625.57,,,
2011-06-17,1609.46,,,
2011-06-20,1562.76,,,
2011-06-21,1560.87,,,
2011-06-22,1549.44,,,
2011-06-23,1554.09,,,
2011-06-24,1597.33,,,
2011-06-27,1626.72,,,
2011-06-28,1637.79,,,
2011-06-29,1652.85,,,
2011-06-30,1650.0,,,
2011-07-01,1660.17,,,
2011-07-04,1683.52,,,
2011-07-05,1676.64,,,
2011-07-06,1677.84,,,
2011-07-07,1696.41,,,
2011-07-08,1677.44,,,
2011-07-11,1671.82,,,
2011-07-12,1634.49,,,
2011-07-13,1654.81,,,
2011-07-14,1664.22,,,
2011-07-15,1663.57,,,
2011-07-18,1668.84,,,
2011-07-19,1677.85,,,
2011-07-20,1652.88,,,
2011-07-21,1631.22,,,
2011-07-22,1652.78,,,
2011-07-25,1662.37,,,
2011-07-26,1640.51,,,
2011-07-27,1638.96,,,
2011-07-28,1621.48,,,
2011-07-29,1610.21,,,
2011-08-01,1607.56,,,
2011-08-02,1574.81,,,
2011-08-03,1567.56,,,
2011-08-04,1552.09,,,
2011-08-05,1532.48,,,
2011-08-08,1517.17,,,
2011-08-09,1491.35,,,
2011-08-10,1532.38,,,
2011-08-11,1531.42,,,
2011-08-12,1514.65,,,
2011-08-16,1491.27,,,
2011-08-17,1468.3,,,
2011-08-18,1433.08,,,
2011-08-19,1410.44,,,
2011-08-22,1427.85,,,
2011-08-23,1439.43,,,
2011-08-24,1430.77,,,
2011-08-25,1409.31,,,
2011-08-26,1373.23,,,
2011-08-29,1415.22,,,
2011-08-30,1439.07,,,
2011-09-02,1453.69,,,
2011-09-05,1458.13,,,
2011-09-06,1456.21,,,
2011-09-07,1481.4,,,
2011-09-08,1492.61,,,
2011-09-09,1475.13,,,
2011-09-12,1422.9,,,
2011-09-13,1418.24,,,
2011-09-14,1427.85,,,
2011-09-15,1447.0,,,
2011-09-16,1446.75,,,
2011-09-19,1449.42,,,
2011-09-20,1465.49,,,
2011-09-21,1473.77,,,
2011-09-22,1415.46,,,
2011-09-23,1396.97,,,
2011-09-26,1381.26,,,
2011-09-27,1410.84,,,
2011-09-28,1403.14,,,
2011-09-29,1412.41,,,
2011-09-30,1395.95,,,
2011-10-03,1359.93,,,
2011-10-04,1334.44,,,
2011-10-05,1314.07,,,
2011-10-07,1340.08,,,
2011-10-10,1369.6,,,
2011-10-11,1375.32,,,
2011-10-12,1404.39,,,
2011-10-13,1413.97,,,
2011-10-14,1420.82,,,
2011-10-17,1428.06,,,
2011-10-18,1399.17,,,
2011-10-19,1426.04,,,
2011-10-20,1406.31,,,
2011-10-21,1386.61,,,
2011-10-24,1378.8,,,
2011-10-25,1396.17,,,
2011-10-26,1413.48,,,
2011-10-28,1456.7,,,
2011-10-31,1462.71,,,
2011-11-01,1445.23,,,
2011-11-02,1445.39,,,
2011-11-03,1452.85,,,
2011-11-04,1466.65,,,
2011-11-08,1463.38,,,
2011-11-09,1440.32,,,
2011-11-11,1417.61,,,
2011-11-14,1382.54,,,
2011-11-15,1338.63,,,
2011-11-16,1323.31,,,
2011-11-17,1311.71,,,
2011-11-18,1306.79,,,
2011-11-21,1282.6,,,
2011-11-22,1288.55,,,
2011-11-23,1266.89,,,
2011-11-24,1294.08,,,
2011-11-25,1288.44,,,
2011-11-28,1319.3,,,
2011-11-29,1310.47,,,
2011-11-30,1305.37,,,
2011-12-01,1329.52,,,
2011-12-02,1365.17,,,
2011-12-05,1363.75,,,
2011-12-07,1361.17,,,
2011-12-08,1332.33,,,
2011-12-09,1325.7,,,
2011-12-12,1298.76,,,
2011-12-13,1294.91,,,
2011-12-14,1279.09,,,
2011-12-15,1275.48,,,
2011-12-16,1248.32,,,
2011-12-19,1225.08,,,
2011-12-20,1190.77,,,
2011-12-21,1213.75,,,
2011-12-22,1234.04,,,
2011-12-23,1224.17,,,
2011-12-26,1235.74,,,
2011-12-27,1218.63,,,
2011-12-28,1203.17,,,
2011-12-29,1191.21,,,
2011-12-30,1190.11,,,
2012-01-02,1191.48,,,
2012-01-03,1241.95,,,
2012-01-04,1242.34,,,
2012-01-05,1243.0,,,
2012-01-06,1241.09,,,
2012-01-07,1249.94,,,
2012-01-09,1261.68,,,
2012-01-10,1304.18,,,
2012-01-11,1318.91,,,
2012-01-12,1332.48,,,
2012-01-13,1336.08,,,
2012-01-16,1333.59,,,
2012-01-17,1356.26,,,
2012-01-18,1335.13,,,
2012-01-19,1349.04,,,
2012-01-20,1364.99,,,
2012-01-23,1373.26,,,
2012-01-24,1406.31,,,
2012-01-25,1432.93,,,
2012-01-27,1436.4,,,
2012-01-30,1397.11,,,
2012-01-31,1439.49,,,
2012-02-01,1458.94,,,
2012-02-02,1470.79,,,
2012-02-03,1493.2,,,
2012-02-06,1519.32,,,
2012-02-07,1499.78,,,
2012-02-08,1514.15,,,
2012-02-09,1540.98,,,
2012-02-10,1544.18,,,
2012-02-13,1550.27,,,
2012-02-14,1564.98,,,
2012-02-15,1611.38,,,
2012-02-16,1617.53,,,
2012-02-17,1618.9,,,
2012-02-21,1642.16,,,
2012-02-22,1557.15,,,
2012-02-23,1556.91,,,
2012-02-24,1529.2,,,
2012-02-27,1471.98,,,
2012-02-28,1540.72,,,
2012-02-29,1565.95,,,
2012-03-01,1542.94,,,
2012-03-02,1540.19,,,
2012-03-03,1542.02,,,
2012-03-05,1510.77,,,
2012-03-06,1494.49,,,
2012-03-07,1499.74,,,
2012-03-09,1548.52,,,
2012-03-12,1568.72,,,
2012-03-13,1578.34,,,
2012-03-14,1594.36,,,
2012-03-15,1555.23,,,
2012-03-16,1536.93,,,
2012-03-19,1507.47,,,
2012-03-20,1528.41,,,
2012-03-21,1564.35,,,
2012-03-22,1517.29,,,
2012-03-23,1534.2,,,
2012-03-26,1496.48,,,
2012-03-27,1498.73,,,
2012-03-28,1471.95,,,
2012-03-29,1479.94,,,
2012-03-30,1528.12,,,
2012-04-02,1543.37,,,
2012-04-03,1557.49,,,
2012-04-04,1557.73,,,
2012-04-09,1529.0,,,
2012-04-10,1533.09,,,
2012-04-11,1525.89,,,
2012-04-12,1545.23,,,
2012-04-13,1519.49,,,
2012-04-16,1539.7,,,
2012-04-17,1549.67,,,
2012-04-18,1547.47,,,
2012-04-19,1552.8,,,
2012-04-20,1530.9,,,
2012-04-23,1496.89,,,
2012-04-24,1493.98,,,
2012-04-25,1479.3,,,
2012-04-26,1459.82,,,
2012-04-27,1453.08,,,
2012-04-28,1463.03,,,
2012-04-30,1476.08,,,
2012-05-02,1477.73,,,
2012-05-03,1459.28,,,
2012-05-04,1432.75,,,
2012-05-07,1442.37,,,
2012-05-08,1413.34,,,
2012-05-09,1389.06,,,
2012-05-10,1388.56,,,
2012-05-11,1378.01,,,
2012-05-14,1367.32,,,
2012-05-15,1372.11,,,
2012-05-16,1355.57,,,
2012-05-17,1346.82,,,
2012-05-18,1348.51,,,
2012-05-21,1362.88,,,
2012-05-22,1346.34,,,
2012-05-23,1337.74,,,
2012-05-24,1348.74,,,
2012-05-25,1359.52,,,
2012-05-28,1388.69,,,
2012-05-29,1380.8,,,
2012-05-30,1349.14,,,
2012-05-31,1355.01,,,
2012-06-01,1331.11,,,
2012-06-04,1323.89,,,
2012-06-05,1330.02,,,
2012-06-06,1366.82,,,
2012-06-07,1380.85,,,
2012-06-08,1396.16,,,
2012-06-11,1391.86,,,
2012-06-12,1415.76,,,
2012-06-13,1407.82,,,
2012-06-14,1380.68,,,
2012-06-15,1393.29,,,
2012-06-18,1372.86,,,
2012-06-19,1375.98,,,
2012-06-20,1393.4,,,
2012-06-21,1417.15,,,
2012-06-22,1418.68,,,
2012-06-25,1415.66,,,
2012-06-26,1430.41,,,
2012-06-27,1433.42,,,
2012-06-28,1432.63,,,
2012-06-29,1466.43,,,
2012-07-02,1480.87,,,
2012-07-03,1491.54,,,
2012-07-04,1505.04,,,
2012-07-05,1518.06,,,
2012-07-06,1505.02,,,
2012-07-09,1479.67,,,
2012-07-10,1502.56,,,
2012-07-11,1495.53,,,
2012-07-12,1486.3,,,
2012-07-13,1475.25,,,
2012-07-16,1469.72,,,
2012-07-17,1461.94,,,
2012-07-18,1469.99,,,
2012-07-19,1473.17,,,
2012-07-20,1464.78,,,
2012-07-23,1428.18,,,
2012-07-24,1439.91,,,
2012-07-25,1424.02,,,
2012-07-26,1394.84,,,
2012-07-27,1396.29,,,
2012-07-30,1430.78,,,
2012-07-31,1443.95,,,
2012-08-01,1453.93,,,
2012-08-02,1454.99,,,
2012-08-03,1449.32,,,
2012-08-06,1460.71,,,
2012-08-07,1468.3,,,
2012-08-08,1457.42,,,
2012-08-09,1448.65,,,
2012-08-10,1445.31,,,
2012-08-13,1464.31,,,
2012-08-14,1466.9,,,
2012-08-16,1463.01,,,
2012-08-17,1455.58,,,
2012-08-21,1457.75,,,
2012-08-22,1447.27,,,
2012-08-23,1443.26,,,
2012-08-24,1422.08,,,
2012-08-27,1397.44,,,
2012-08-28,1379.57,,,
2012-08-29,1373.28,,,
2012-08-30,1374.38,,,
2012-08-31,1362.69,,,
2012-09-03,1356.72,,,
2012-09-04,1367.76,,,
2012-09-05,1360.39,,,
2012-09-06,1367.04,,,
2012-09-07,1392.25,,,
2012-09-08,1398.89,,,
2012-09-10,1399.62,,,
2012-09-11,1400.41,,,
2012-09-12,1406.73,,,
2012-09-13,1392.68,,,
2012-09-14,1419.43,,,
2012-09-17,1463.47,,,
2012-09-18,1479.04,,,
2012-09-20,1464.65,,,
2012-09-21,1511.11,,,
2012-09-24,1517.83,,,
2012-09-25,1520.48,,,
2012-09-26,1516.01,,,
2012-09-27,1523.78,,,
2012-09-28,1536.83,,,
2012-10-01,1547.47,,,
2012-10-03,1560.91,,,
2012-10-04,1575.73,,,
2012-10-05,1572.31,,,
2012-10-08,1550.76,,,
2012-10-09,1566.92,,,
2012-10-10,1546.87,,,
2012-10-11,1587.1,,,
2012-10-12,1579.25,,,
2012-10-15,1575.44,,,
2012-10-16,1565.23,,,
2012-10-17,1564.76,,,
2012-10-18,1580.76,,,
2012-10-19,1563.93,,,
2012-10-22,1569.16,,,
2012-10-23,1553.82,,,
2012-10-25,1542.35,,,
2012-10-26,1525.64,,,
2012-10-29,1500.84,,,
2012-10-30,1485.45,,,
2012-10-31,1497.19,,,
2012-11-01,1517.65,,,
2012-11-02,1522.41,,,
2012-11-05,1519.47,,,
2012-11-06,1522.73,,,
2012-11-07,1545.49,,,
2012-11-08,1557.52,,,
2012-11-09,1550.05,,,
2012-11-12,1619.97,,,
2012-11-13,1617.99,,,
2012-11-15,1629.04,,,
2012-11-16,1599.89,,,
2012-11-19,1580.51,,,
2012-11-20,1564.11,,,
2012-11-21,1578.21,,,
2012-11-22,1587.1,,,
2012-11-23,1597.55,,,
2012-11-26,1617.68,,,
2012-11-27,1649.31,,,
2012-11-29,1666.17,,,
2012-11-30,1681.74,,,
2012-12-03,1705.53,,,
2012-12-04,1718.96,,,
2012-12-05,1728.14,,,
2012-12-06,1732.18,,,
2012-12-07,1727.41,,,
2012-12-10,1746.75,,,
2012-12-11,1742.41,,,
2012-12-12,1735.48,,,
2012-12-13,1700.15,,,
2012-12-14,1711.92,,,
2012-12-17,1713.04,,,
2012-12-18,1731.72,,,
2012-12-19,1748.32,,,
2012-12-20,1747.27,,,
2012-12-21,1705.66,,,
2012-12-24,1702.3,,,
2012-12-26,1718.2,,,
2012-12-27,1707.18,,,
2012-12-28,1722.22,,,
2012-12-31,1728.01,,,
2013-01-01,1757.97,,,
2013-01-02,1772.77,,,
2013-01-03,1779.72,,,
2013-01-04,1782.81,,,
2013-01-07,1781.49,,,
2013-01-08,1784.18,,,
2013-01-09,1776.08,,,
2013-01-10,1770.21,,,
2013-01-11,1742.81,,,
2013-01-14,1771.51,,,
2013-01-15,1765.42,,,
2013-01-16,1737.14,,,
2013-01-17,1735.43,,,
2013-01-18,1735.89,,,
2013-01-21,1738.39,,,
2013-01-22,1714.47,,,
2013-01-23,1696.66,,,
2013-01-24,1637.4,,,
2013-01-25,1682.88,,,
2013-01-28,1684.16,,,
2013-01-29,1665.72,,,
2013-01-30,1660.05,,,
2013-01-31,1665.58,,,
2013-02-01,1666.21,,,
2013-02-04,1646.91,,,
2013-02-05,1638.51,,,
2013-02-06,1642.66,,,
2013-02-07,1639.66,,,
2013-02-08,1621.47,,,
2013-02-11,1620.78,,,
2013-02-12,1606.79,,,
2013-02-13,1579.01,,,
2013-02-14,1558.1,,,
2013-02-15,1569.37,,,
2013-02-18,1575.52,,,
2013-02-19,1593.03,,,
2013-02-20,1581.93,,,
2013-02-21,1547.63,,,
2013-02-22,1553.43,,,
2013-02-25,1543.76,,,
2013-02-26,1516.97,,,
2013-02-27,1529.15,,,
2013-02-28,1488.09,,,
2013-03-01,1505.5,,,
2013-03-04,1481.94,,,
2013-03-05,1516.81,,,
2013-03-06,1529.16,,,
2013-03-07,1536.39,,,
2013-03-08,1556.53,,,
2013-03-11,1568.86,,,
2013-03-12,1557.87,,,
2013-03-13,1542.95,,,
2013-03-14,1565.05,,,
2013-03-15,1553.99,,,
2013-03-18,1551.6,,,
2013-03-19,1515.48,,,
2013-03-20,1470.8,,,
2013-03-21,1456.76,,,
2013-03-22,1458.39,,,
2013-03-25,1458.27,,,
2013-03-26,1451.44,,,
2013-03-28,1472.84,,,
2013-04-01,1495.08,,,
2013-04-02,1514.38,,,
2013-04-03,1488.19,,,
2013-04-04,1457.33,,,
2013-04-05,1452.55,,,
2013-04-08,1448.89,,,
2013-04-09,1437.59,,,
2013-04-10,1451.74,,,
2013-04-11,1451.47,,,
2013-04-12,1457.13,,,
2013-04-15,1459.32,,,
2013-04-16,1486.79,,,
2013-04-17,1488.61,,,
2013-04-18,1514.26,,,
2013-04-22,1545.69,,,
2013-04-23,1534.5,,,
2013-04-25,1533.59,,,
2013-04-26,1525.83,,,
2013-04-29,1540.08,,,
2013-04-30,1545.26,,,
2013-05-02,1561.17,,,
2013-05-03,1553.31,,,
2013-05-06,1568.98,,,
2013-05-07,1582.93,,,
2013-05-08,1578.0,,,
2013-05-09,1561.94,,,
2013-05-10,1568.91,,,
2013-05-11,1575.15,,,
2013-05-13,1540.56,,,
2013-05-14,1544.06,,,
2013-05-15,1579.4,,,
2013-05-16,1587.12,,,
2013-05-17,1599.32,,,
2013-05-20,1588.24,,,
2013-05-21,1578.51,,,
2013-05-22,1559.46,,,
2013-05-23,1514.83,,,
2013-05-24,1520.79,,,
2013-05-27,1534.85,,,
2013-05-28,1544.5,,,
2013-05-29,1528.67,,,
2013-05-30,1528.28,,,
2013-05-31,1504.02,,,
2013-06-03,1513.07,,,
2013-06-04,1518.8,,,
2013-06-05,1520.91,,,
2013-06-06,1518.78,,,
2013-06-07,1500.48,,,
2013-06-10,1477.5,,,
2013-06-11,1444.44,,,
2013-06-12,1446.29,,,
2013-06-13,1413.62,,,
2013-06-14,1430.27,,,
2013-06-17,1438.54,,,
2013-06-18,1438.25,,,
2013-06-19,1449.15,,,
2013-06-20,1416.23,,,
2013-06-21,1390.15,,,
2013-06-24,1350.42,,,
2013-06-25,1354.2,,,
2013-06-26,1350.41,,,
2013-06-27,1357.24,,,
2013-06-28,1392.3,,,
2013-07-01,1431.38,,,
2013-07-02,1421.32,,,
2013-07-03,1381.25,,,
2013-07-04,1390.47,,,
2013-07-05,1393.03,,,
2013-07-08,1390.69,,,
2013-07-09,1406.9,,,
2013-07-10,1401.59,,,
2013-07-11,1413.56,,,
2013-07-12,1416.97,,,
2013-07-15,1434.86,,,
2013-07-16,1407.67,,,
2013-07-17,1394.37,,,
2013-07-18,1415.98,,,
2013-07-19,1415.77,,,
2013-07-22,1430.2,,,
2013-07-23,1434.08,,,
2013-07-24,1406.97,,,
2013-07-25,1394.76,,,
2013-07-26,1395.72,,,
2013-07-29,1385.84,,,
2013-07-30,1351.62,,,
2013-07-31,1362.49,,,
2013-08-01,1329.59,,,
2013-08-02,1314.16,,,
2013-08-05,1320.49,,,
2013-08-06,1279.74,,,
2013-08-07,1297.3,,,
2013-08-08,1320.62,,,
2013-08-12,1343.82,,,
2013-08-13,1374.38,,,
2013-08-14,1379.15,,,
2013-08-16,1329.37,,,
2013-08-19,1304.23,,,
2013-08-20,1302.7,,,
2013-08-21,1268.5,,,
2013-08-22,1292.72,,,
2013-08-23,1323.96,,,
2013-08-26,1333.79,,,
2013-08-27,1294.33,,,
2013-08-28,1283.29,,,
2013-08-29,1296.36,,,
2013-08-30,1298.13,,,
2013-09-02,1318.12,,,
2013-09-03,1286.32,,,
2013-09-04,1305.21,,,
2013-09-05,1335.36,,,
2013-09-06,1339.68,,,
2013-09-10,1351.79,,,
2013-09-11,1366.64,,,
2013-09-12,1358.39,,,
2013-09-13,1368.8,,,
2013-09-16,1362.15,,,
2013-09-17,1362.76,,,
2013-09-18,1367.72,,,
2013-09-19,1405.3,,,
2013-09-20,1390.75,,,
2013-09-23,1370.37,,,
2013-09-24,1375.2,,,
2013-09-25,1376.74,,,
2013-09-26,1375.11,,,
2013-09-27,1371.14,,,
2013-09-30,1352.02,,,
2013-10-01,1367.44,,,
2013-10-03,1404.07,,,
2013-10-04,1404.01,,,
2013-10-07,1417.23,,,
2013-10-08,1416.62,,,
2013-10-09,1433.89,,,
2013-10-10,1441.2,,,
2013-10-11,1453.18,,,
2013-10-14,1469.81,,,
2013-10-15,1438.73,,,
2013-10-17,1440.5,,,
2013-10-18,1467.97,,,
2013-10-21,1496.49,,,
2013-10-22,1506.03,,,
2013-10-23,1491.2,,,
2013-10-24,1501.17,,,
2013-10-25,1488.1,,,
2013-10-28,1465.81,,,
2013-10-29,1497.73,,,
2013-10-30,1506.12,,,
2013-10-31,1545.0,,,
2013-11-01,1577.63,,,
2013-11-03,1587.76,,,
2013-11-05,1613.84,,,
2013-11-06,1588.4,,,
2013-11-07,1553.76,,,
2013-11-08,1557.16,,,
2013-11-11,1534.86,,,
2013-11-12,1510.54,,,
2013-11-13,1495.08,,,
2013-11-14,1518.46,,,
2013-11-18,1555.65,,,
2013-11-19,1561.42,,,
2013-11-20,1543.66,,,
2013-11-21,1519.02,,,
2013-11-22,1517.1,,,
2013-11-25,1551.87,,,
2013-11-26,1543.04,,,
2013-11-27,1548.97,,,
2013-11-28,1573.27,,,
2013-11-29,1596.23,,,
2013-12-02,1602.63,,,
2013-12-03,1597.59,,,
2013-12-04,1579.73,,,
2013-12-05,1607.56,,,
2013-12-06,1619.73,,,
2013-12-09,1650.57,,,
2013-12-10,1643.24,,,
2013-12-11,1635.88,,,
2013-12-12,1622.14,,,
2013-12-13,1587.7,,,
2013-12-16,1590.96,,,
2013-12-17,1584.67,,,
2013-12-18,1616.35,,,
2013-12-19,1596.47,,,
2013-12-20,1631.24,,,
2013-12-23,1656.46,,,
2013-12-24,1668.65,,,
2013-12-26,1667.97,,,
2013-12-27,1672.2,,,
2013-12-30,1666.12,,,
2013-12-31,1681.8,,,
2014-01-01,1693.65,,,
2014-01-02,1652.78,,,
2014-01-03,1655.46,,,
2014-01-06,1664.83,,,
2014-01-07,1651.87,,,
2014-01-08,1658.2,,,
2014-01-09,1636.63,,,
2014-01-10,1612.53,,,
2014-01-13,1617.27,,,
2014-01-14,1614.15,,,
2014-01-15,1621.3,,,
2014-01-16,1621.08,,,
2014-01-17,1603.49,,,
2014-01-20,1622.41,,,
2014-01-21,1619.13,,,
2014-01-22,1630.49,,,
2014-01-23,1617.28,,,
2014-01-24,1579.34,,,
2014-01-27,1517.16,,,
2014-01-28,1509.64,,,
2014-01-29,1520.08,,,
2014-01-30,1505.34,,,
2014-01-31,1547.86,,,
2014-02-03,1526.63,,,
2014-02-04,1535.57,,,
2014-02-05,1537.97,,,
2014-02-06,1538.6,,,
2014-02-07,1553.76,,,
2014-02-10,1554.46,,,
2014-02-11,1559.47,,,
2014-02-12,1558.91,,,
2014-02-13,1529.96,,,
2014-02-14,1531.0,,,
2014-02-17,1527.22,,,
2014-02-18,1540.43,,,
2014-02-19,1541.2,,,
2014-02-20,1537.84,,,
2014-02-21,1551.03,,,
2014-02-24,1559.27,,,
2014-02-25,1562.0,,,
2014-02-26,1565.61,,,
2014-02-28,1573.68,,,
2014-03-03,1563.88,,,
2014-03-04,1599.37,,,
2014-03-05,1613.58,,,
2014-03-06,1652.5,,,
2014-03-07,1664.58,,,
2014-03-10,1683.38,,,
2014-03-11,1679.17,,,
2014-03-12,1677.24,,,
2014-03-13,1657.7,,,
2014-03-14,1661.89,,,
2014-03-18,1687.98,,,
2014-03-19,1695.0,,,
2014-03-20,1673.02,,,
2014-03-21,1687.88,,,
2014-03-22,1699.39,,,
2014-03-24,1716.51,,,
2014-03-25,1737.78,,,
2014-03-26,1745.28,,,
2014-03-27,1742.77,,,
2014-03-28,1781.08,,,
2014-03-31,1796.58,,,
2014-04-01,1797.27,,,
2014-04-02,1831.96,,,
2014-04-03,1817.82,,,
2014-04-04,1827.11,,,
2014-04-07,1809.84,,,
2014-04-09,1855.54,,,
2014-04-10,1875.9,,,
2014-04-11,1877.49,,,
2014-04-15,1869.93,,,
2014-04-16,1840.23,,,
2014-04-17,1885.28,,,
2014-04-21,1908.62,,,
2014-04-22,1894.81,,,
2014-04-23,1888.11,,,
2014-04-25,1877.5,,,
2014-04-28,1915.05,,,
2014-04-29,1895.36,,,
2014-04-30,1858.8,,,
2014-05-02,1878.31,,,
2014-05-05,1875.34,,,
2014-05-06,1877.92,,,
2014-05-07,1879.6,,,
2014-05-08,1875.96,,,
2014-05-09,1920.57,,,
2014-05-12,1945.84,,,
2014-05-13,1984.18,,,
2014-05-14,2013.27,,,
2014-05-15,1986.95,,,
2014-05-16,2049.38,,,
2014-05-19,2187.51,,,
2014-05-20,2192.21,,,
2014-05-21,2197.73,,,
2014-05-22,2237.53,,,
2014-05-23,2278.48,,,
2014-05-26,2226.41,,,
2014-05-27,2212.22,,,
2014-05-28,2221.22,,,
2014-05-29,2199.12,,,
2014-05-30,2210.01,,,
2014-06-02,2263.7,,,
2014-06-03,2277.24,,,
2014-06-04,2330.42,,,
2014-06-05,2391.06,,,
2014-06-06,2442.87,,,
2014-06-09,2474.04,,,
2014-06-10,2463.92,,,
2014-06-11,2421.32,,,
2014-06-12,2438.2,,,
2014-06-13,2357.25,,,
2014-06-16,2379.72,,,
2014-06-17,2422.57,,,
2014-06-18,2391.21,,,
2014-06-19,2363.52,,,
2014-06-20,2350.07,,,
2014-06-23,2380.23,,,
2014-06-24,2447.49,,,
2014-06-25,2457.6,,,
2014-06-26,2427.57,,,
2014-06-27,2449.81,,,
2014-06-30,2512.84,,,
2014-07-01,2512.8,,,
2014-07-02,2531.39,,,
2014-07-03,2536.35,,,
2014-07-04,2543.82,,,
2014-07-07,2536.96,,,
2014-07-08,2394.02,,,
2014-07-09,2340.91,,,
2014-07-10,2355.71,,,
2014-07-11,2264.69,,,
2014-07-14,2285.05,,,
2014-07-15,2367.01,,,
2014-07-16,2409.09,,,
2014-07-17,2457.41,,,
2014-07-18,2435.68,,,
2014-07-21,2431.5,,,
2014-07-22,2420.27,,,
2014-07-23,2423.79,,,
2014-07-24,2418.65,,,
2014-07-25,2361.87,,,
2014-07-28,2346.61,,,
2014-07-30,2367.72,,,
2014-07-31,2375.85,,,
2014-08-01,2358.83,,,
2014-08-04,2407.82,,,
2014-08-05,2425.49,,,
2014-08-06,2401.39,,,
2014-08-07,2388.23,,,
2014-08-08,2324.14,,,
2014-08-11,2355.02,,,
2014-08-12,2371.96,,,
2014-08-13,2323.94,,,
2014-08-14,2362.39,,,
2014-08-18,2427.04,,,
2014-08-19,2449.75,,,
2014-08-20,2443.84,,,
2014-08-21,2458.78,,,
2014-08-22,2471.65,,,
2014-08-25,2435.32,,,
2014-08-26,2441.43,,,
2014-08-27,2458.67,,,
2014-08-28,2437.74,,,
2014-09-01,2514.08,,,
2014-09-02,2529.38,,,
2014-09-03,2563.57,,,
2014-09-04,2576.86,,,
2014-09-05,2587.65,,,
2014-09-08,2637.59,,,
2014-09-09,2650.32,,,
2014-09-10,2653.92,,,
2014-09-11,2675.97,,,
2014-09-12,2666.76,,,
2014-09-15,2661.09,,,
2014-09-16,2532.61,,,
2014-09-17,2557.8,,,
2014-09-18,2621.21,,,
2014-09-19,2599.19,,,
2014-09-22,2605.15,,,
2014-09-23,2537.12,,,
2014-09-24,2510.14,,,
2014-09-25,2442.03,,,
2014-09-26,2487.76,,,
2014-09-29,2505.53,,,
2014-09-30,2510.92,,,
2014-10-01,2502.47,,,
2014-10-07,2476.1,,,
2014-10-08,2491.79,,,
2014-10-09,2537.8,,,
2014-10-10,2480.5,,,
2014-10-13,2508.13,,,
2014-10-14,2505.0,,,
2014-10-16,2418.66,,,
2014-10-17,2442.97,,,
2014-10-20,2476.23,,,
2014-10-21,2492.23,,,
2014-10-22,2523.24,,,
2014-10-23,2540.93,,,
2014-10-27,2507.87,,,
2014-10-28,2512.46,,,
2014-10-29,2520.77,,,
2014-10-30,2547.56,,,
2014-10-31,2587.04,,,
2014-11-03,2617.32,,,
2014-11-05,2629.25,,,
2014-11-07,2626.08,,,
2014-11-10,2657.02,,,
2014-11-11,2667.65,,,
2014-11-12,2686.73,,,
2014-11-13,2665.31,,,
2014-11-14,2692.4,,,
2014-11-17,2717.54,,,
2014-11-18,2727.4,,,
2014-11-19,2680.85,,,
2014-11-20,2682.44,,,
2014-11-21,2689.9,,,
2014-11-24,2704.83,,,
2014-11-25,2652.44,,,
2014-11-26,2684.74,,,
2014-11-27,2715.46,,,
2014-11-28,2760.95,,,
2014-12-01,2756.56,,,
2014-12-02,2787.33,,,
2014-12-03,2824.95,,,
2014-12-04,2815.47,,,
2014-12-05,2787.27,,,
2014-12-08,2745.29,,,
2014-12-09,2698.63,,,
2014-12-10,2726.93,,,
2014-12-11,2689.14,,,
2014-12-12,2647.68,,,
2014-12-15,2633.54,,,
2014-12-16,2559.86,,,
2014-12-17,2550.74,,,
2014-12-18,2637.75,,,
2014-12-19,2665.46,,,
2014-12-22,2687.79,,,
2014-12-23,2663.06,,,
2014-12-24,2658.06,,,
2014-12-26,2670.08,,,
2014-12-29,2701.94,,,
2014-12-30,2714.51,,,
2014-12-31,2737.14,,,
2015-01-01,2744.16,,,
2015-01-02,2757.91,,,
2015-01-05,2775.17,,,
2015-01-06,2678.13,,,
2015-01-07,2680.17,,,
2015-01-08,2753.46,,,
2015-01-09,2757.53,,,
2015-01-12,2787.14,,,
2015-01-13,2781.91,,,
2015-01-14,2774.98,,,
2015-01-15,2803.38,,,
2015-01-16,2821.66,,,
2015-01-19,2830.58,,,
2015-01-20,2820.98,,,
2015-01-21,2826.43,,,
2015-01-22,2825.27,,,
2015-01-23,2835.71,,,
2015-01-27,2842.94,,,
2015-01-28,2849.43,,,
2015-01-29,2863.4,,,
2015-01-30,2858.04,,,
2015-02-02,2889.23,,,
2015-02-03,2871.53,,,
2015-02-04,2855.21,,,
2015-02-05,2811.83,,,
2015-02-06,2778.79,,,
2015-02-09,2723.83,,,
2015-02-10,2745.45,,,
2015-02-11,2818.95,,,
2015-02-12,2864.38,,,
2015-02-13,2878.45,,,
2015-02-16,2862.51,,,
2015-02-18,2884.29,,,
2015-02-19,2902.02,,,
2015-02-20,2909.65,,,
2015-02-23,2877.35,,,
2015-02-24,2884.93,,,
2015-02-25,2878.53,,,
2015-02-26,2835.02,,,
2015-02-27,2905.75,,,
2015-02-28,2900.12,,,
2015-03-02,2972.36,,,
2015-03-03,2996.12,,,
2015-03-04,2932.79,,,
2015-03-05,2957.78,,,
2015-03-09,2918.42,,,
2015-03-10,2916.05,,,
2015-03-11,2912.92,,,
2015-03-12,2970.57,,,
2015-03-13,2898.77,,,
2015-03-16,2893.9,,,
2015-03-17,2924.54,,,
2015-03-18,2929.4,,,
2015-03-19,2906.75,,,
2015-03-20,2863.79,,,
2015-03-23,2850.33,,,
2015-03-24,2829.68,,,
2015-03-25,2826.22,,,
2015-03-26,2800.59,,,
2015-03-27,2799.02,,,
2015-03-30,2844.6,,,
2015-03-31,2847.32,,,
2015-04-01,2882.67,,,
2015-04-06,2903.61,,,
2015-04-07,2929.69,,,
2015-04-08,2937.08,,,
2015-04-09,2958.26,,,
2015-04-10,2981.28,,,
2015-04-13,2994.21,,,
2015-04-15,2963.89,,,
2015-04-16,2933.53,,,
2015-04-17,2888.34,,,
2015-04-20,2809.5,,,
2015-04-21,2808.44,,,
2015-04-22,2823.33,,,
2015-04-23,2825.55,,,
2015-04-24,2761.85,,,
2015-04-27,2696.63,,,
2015-04-28,2765.48,,,
2015-04-29,2789.82,,,
2015-04-30,2804.29,,,
2015-05-04,2843.0,,,
2015-05-05,2843.51,,,
2015-05-06,2718.3,,,
2015-05-07,2664.2,,,
2015-05-08,2735.18,,,
2015-05-11,2792.55,,,
2015-05-12,2727.01,,,
2015-05-13,2770.46,,,
2015-05-14,2820.54,,,
2015-05-15,2839.1,,,
2015-05-18,2866.99,,,
2015-05-19,2864.16,,,
2015-05-20,2872.62,,,
2015-05-21,2874.87,,,
2015-05-22,2884.63,,,
2015-05-25,2893.7,,,
2015-05-26,2902.21,,,
2015-05-27,2898.14,,,
2015-05-28,2885.06,,,
2015-05-29,2936.96,,,
2015-06-01,2941.1,,,
2015-06-02,2859.84,,,
2015-06-03,2816.08,,,
2015-06-04,2815.67,,,
2015-06-05,2807.0,,,
2015-06-08,2758.43,,,
2015-06-09,2744.0,,,
2015-06-10,2772.94,,,
2015-06-11,2709.27,,,
2015-06-12,2708.45,,,
2015-06-15,2709.11,,,
2015-06-16,2726.5,,,
2015-06-17,2764.81,,,
2015-06-18,2785.32,,,
2015-06-19,2806.04,,,
2015-06-22,2861.0,,,
2015-06-23,2880.64,,,
2015-06-24,2839.02,,,
2015-06-25,2869.14,,,
2015-06-26,2873.11,,,
2015-06-29,2820.08,,,
2015-06-30,2839.66,,,
2015-07-01,2892.63,,,
2015-07-02,2921.66,,,
2015-07-03,2914.25,,,
2015-07-06,2947.77,,,
2015-07-07,2967.73,,,
2015-07-08,2910.74,,,
2015-07-09,2898.98,,,
2015-07-10,2905.94,,,
2015-07-13,2941.42,,,
2015-07-14,2963.7,,,
2015-07-15,2968.6,,,
2015-07-16,3003.65,,,
2015-07-17,3016.71,,,
2015-07-20,3031.52,,,
2015-07-21,2984.89,,,
2015-07-22,3044.32,,,
2015-07-23,3056.54,,,
2015-07-24,3034.53,,,
2015-07-27,3003.74,,,
2015-07-28,2997.17,,,
2015-07-29,3010.79,,,
2015-07-30,3027.5,,,
2015-07-31,3049.26,,,
2015-08-03,3081.79,,,
2015-08-04,3147.25,,,
2015-08-05,3152.48,,,
2015-08-06,3147.58,,,
2015-08-07,3148.9,,,
2015-08-10,3147.97,,,
2015-08-11,3114.71,,,
2015-08-12,3023.61,,,
2015-08-13,3014.82,,,
2015-08-14,3078.05,,,
2015-08-17,3095.18,,,
2015-08-18,3133.87,,,
2015-08-19,3120.1,,,
2015-08-20,3058.35,,,
2015-08-21,3030.98,,,
2015-08-24,2741.57,,,
2015-08-25,2812.02,,,
2015-08-26,2823.74,,,
2015-08-27,2900.78,,,
2015-08-28,2911.25,,,
2015-08-31,2879.33,,,
2015-09-01,2809.41,,,
2015-09-02,2796.9,,,
2015-09-03,2830.95,,,
2015-09-04,2772.92,,,
2015-09-07,2739.46,,,
2015-09-08,2766.21,,,
2015-09-09,2818.98,,,
2015-09-10,2810.86,,,
2015-09-11,2819.2,,,
2015-09-14,2869.12,,,
2015-09-15,2842.39,,,
2015-09-16,2809.21,,,
2015-09-18,2827.6,,,
2015-09-21,2866.43,,,
2015-09-22,2824.7,,,
2015-09-23,2869.7,,,
2015-09-24,2874.95,,,
2015-09-28,2860.71,,,
2015-09-29,2866.09,,,
2015-09-30,2906.39,,,
2015-10-01,2910.09,,,
2015-10-05,2969.12,,,
2015-10-06,2991.28,,,
2015-10-07,2988.7,,,
2015-10-08,2958.25,,,
2015-10-09,2945.46,,,
2015-10-12,2956.33,,,
2015-10-13,2957.7,,,
2015-10-14,2958.99,,,
2015-10-15,2969.79,,,
2015-10-16,2993.02,,,
2015-10-19,3007.87,,,
2015-10-20,3018.43,,,
2015-10-21,2991.03,,,
2015-10-23,2993.47,,,
2015-10-26,2980.22,,,
2015-10-27,2983.31,,,
2015-10-28,2961.67,,,
2015-10-29,2946.93,,,
2015-10-30,2921.16,,,
2015-11-02,2907.07,,,
2015-11-03,2917.01,,,
2015-11-04,2911.74,,,
2015-11-05,2856.56,,,
2015-11-06,2843.71,,,
2015-11-09,2887.09,,,
2015-11-10,2841.94,,,
2015-11-11,2857.5,,,
2015-11-13,2849.46,,,
2015-11-16,2876.73,,,
2015-11-17,2905.41,,,
2015-11-18,2879.18,,,
2015-11-19,2921.74,,,
2015-11-20,2956.99,,,
2015-11-23,2964.2,,,
2015-11-24,2963.95,,,
2015-11-26,2982.87,,,
2015-11-27,3012.94,,,
2015-11-30,3014.8,,,
2015-12-01,3026.93,,,
2015-12-02,3012.34,,,
2015-12-03,2994.75,,,
2015-12-04,2977.89,,,
2015-12-07,2975.92,,,
2015-12-08,2941.89,,,
2015-12-09,2882.31,,,
2015-12-10,2927.91,,,
2015-12-11,2885.73,,,
2015-12-14,2885.4,,,
2015-12-15,2907.24,,,
2015-12-16,2923.8,,,
2015-12-17,2969.72,,,
2015-12-18,2961.59,,,
2015-12-21,2976.54,,,
2015-12-22,2958.17,,,
2015-12-23,2972.82,,,
2015-12-24,2996.67,,,
2015-12-28,3003.08,,,
2015-12-29,3020.64,,,
2015-12-30,3021.73,,,
2015-12-31,3038.34,,,
2016-01-01,3086.75,,,
2016-01-04,3057.42,,,
2016-01-05,3080.23,,,
2016-01-06,3061.29,,,
2016-01-07,2958.11,,,
2016-01-08,2989.46,,,
2016-01-11,2982.34,,,
2016-01-12,2947.77,,,
2016-01-13,2918.1,,,
2016-01-14,2876.02,,,
2016-01-15,2773.63,,,
2016-01-18,2686.14,,,
2016-01-19,2731.22,,,
2016-01-20,2669.23,,,
2016-01-21,2668.73,,,
2016-01-22,2746.9,,,
2016-01-25,2753.32,,,
2016-01-27,2766.86,,,
2016-01-28,2753.09,,,
2016-01-29,2783.8,,,
2016-02-01,2797.24,,,
2016-02-02,2768.73,,,
2016-02-03,2712.25,,,
2016-02-04,2689.69,,,
2016-02-05,2759.77,,,
2016-02-08,2753.17,,,
2016-02-09,2699.45,,,
2016-02-10,2688.58,,,
2016-02-11,2546.99,,,
2016-02-12,2507.97,,,
2016-02-15,2623.11,,,
2016-02-16,2546.08,,,
2016-02-17,2568.14,,,
2016-02-18,2590.65,,,
2016-02-19,2608.49,,,
2016-02-22,2628.07,,,
2016-02-23,2582.29,,,
2016-02-24,2556.46,,,
2016-02-25,2510.93,,,
2016-02-26,2509.13,,,
2016-02-29,2514.3,,,
2016-03-01,2603.21,,,
2016-03-02,2685.35,,,
2016-03-03,2712.64,,,
2016-03-04,2729.73,,,
2016-03-08,2735.4,,,
2016-03-09,2751.44,,,
2016-03-10,2737.63,,,
2016-03-11,2743.85,,,
2016-03-14,2755.33,,,
2016-03-15,2730.43,,,
2016-03-16,2722.64,,,
2016-03-17,2739.91,,,
2016-03-18,2776.11,,,
2016-03-21,2821.97,,,
2016-03-22,2835.41,,,
2016-03-23,2831.86,,,
2016-03-28,2792.81,,,
2016-03-29,2789.88,,,
2016-03-30,2846.98,,,
2016-03-31,2880.16,,,
2016-04-01,2892.31,,,
2016-04-04,2883.78,,,
2016-04-05,2810.83,,,
2016-04-06,2839.53,,,
2016-04-07,2815.66,,,
2016-04-08,2834.61,,,
2016-04-11,2878.02,,,
2016-04-12,2911.35,,,
2016-04-13,2955.71,,,
2016-04-18,2993.23,,,
2016-04-20,3005.4,,,
2016-04-21,2983.33,,,
2016-04-22,2999.41,,,
2016-04-25,3006.66,,,
2016-04-26,3046.96,,,
2016-04-27,3046.94,,,
2016-04-28,2976.96,,,
2016-04-29,2971.61,,,
2016-05-02,2995.64,,,
2016-05-03,2965.77,,,
2016-05-04,2935.28,,,
2016-05-05,2937.49,,,
2016-05-06,2968.07,,,
2016-05-09,3007.0,,,
2016-05-10,2997.14,,,
2016-05-11,2993.63,,,
2016-05-12,3019.54,,,
2016-05-13,3021.16,,,
2016-05-16,3030.54,,,
2016-05-17,3029.61,,,
2016-05-18,3030.13,,,
2016-05-19,2984.4,,,
2016-05-20,2983.2,,,
2016-05-23,2955.22,,,
2016-05-24,2940.55,,,
2016-05-25,2991.79,,,
2016-05-26,3039.52,,,
2016-05-27,3066.92,,,
2016-05-30,3083.21,,,
2016-05-31,3071.73,,,
2016-06-01,3047.78,,,
2016-06-02,3067.97,,,
2016-06-03,3043.3,,,
2016-06-06,3057.89,,,
2016-06-07,3083.75,,,
2016-06-08,3108.38,,,
2016-06-09,3091.68,,,
2016-06-10,3074.46,,,
2016-06-13,3054.13,,,
2016-06-14,3077.24,,,
2016-06-15,3093.26,,,
2016-06-16,3068.62,,,
2016-06-17,3069.75,,,
2016-06-20,3093.81,,,
2016-06-21,3100.35,,,
2016-06-22,3084.01,,,
2016-06-23,3087.64,,,
2016-06-24,3038.06,,,
2016-06-27,3059.61,,,
2016-06-28,3080.91,,,
2016-06-29,3126.25,,,
2016-06-30,3162.66,,,
2016-07-01,3212.37,,,
2016-07-04,3246.79,,,
2016-07-05,3242.01,,,
2016-07-07,3217.73,,,
2016-07-08,3207.02,,,
2016-07-11,3246.52,,,
2016-07-12,3263.73,,,
2016-07-13,3229.12,,,
2016-07-14,3243.73,,,
2016-07-15,3222.82,,,
2016-07-18,3195.64,,,
2016-07-19,3187.41,,,
2016-07-20,3236.14,,,
2016-07-21,3197.38,,,
2016-07-22,3242.63,,,
2016-07-25,3289.52,,,
2016-07-26,3257.39,,,
2016-07-27,3270.79,,,
2016-07-28,3292.23,,,
2016-07-29,3348.08,,,
2016-08-01,3379.75,,,
2016-08-02,3346.87,,,
2016-08-03,3277.97,,,
2016-08-04,3296.81,,,
2016-08-05,3367.31,,,
2016-08-08,3375.75,,,
2016-08-09,3364.89,,,
2016-08-10,3313.74,,,
2016-08-11,3317.98,,,
2016-08-12,3321.53,,,
2016-08-16,3342.75,,,
2016-08-17,3354.19,,,
2016-08-18,3376.03,,,
2016-08-19,3412.97,,,
2016-08-22,3357.92,,,
2016-08-23,3378.91,,,
2016-08-24,3404.09,,,
2016-08-25,3392.27,,,
2016-08-26,3407.37,,,
2016-08-29,3445.13,,,
2016-08-30,3493.43,,,
2016-08-31,3514.87,,,
2016-09-01,3497.41,,,
2016-09-02,3548.4,,,
2016-09-06,3587.02,,,
2016-09-07,3594.89,,,
2016-09-08,3613.39,,,
2016-09-09,3585.61,,,
2016-09-12,3446.53,,,
2016-09-14,3535.71,,,
2016-09-15,3535.15,,,
2016-09-16,3541.46,,,
2016-09-19,3585.96,,,
2016-09-20,3556.58,,,
2016-09-21,3544.07,,,
2016-09-22,3617.43,,,
2016-09-23,3629.45,,,
2016-09-26,3606.12,,,
2016-09-27,3607.5,,,
2016-09-28,3684.7,,,
2016-09-29,3532.43,,,
2016-09-30,3631.76,,,
2016-10-03,3733.77,,,
2016-10-04,3766.5,,,
2016-10-05,3800.46,,,
2016-10-06,3760.36,,,
2016-10-07,3756.68,,,
2016-10-10,3756.53,,,
2016-10-13,3703.55,,,
2016-10-14,3744.94,,,
2016-10-17,3676.35,,,
2016-10-18,3755.65,,,
2016-10-19,3736.76,,,
2016-10-20,3753.74,,,
2016-10-21,3773.7,,,
2016-10-24,3776.53,,,
2016-10-25,3797.5,,,
2016-10-26,3760.6,,,
2016-10-27,3700.0,,,
2016-10-28,3745.34,,,
2016-10-30,3753.82,,,
2016-11-01,3743.16,,,
2016-11-02,3656.12,,,
2016-11-03,3606.36,,,
2016-11-04,3543.97,,,
2016-11-07,3578.28,,,
2016-11-08,3590.52,,,
2016-11-09,3507.12,,,
2016-11-10,3583.99,,,
2016-11-11,3426.73,,,
2016-11-15,3287.45,,,
2016-11-16,3306.65,,,
2016-11-17,3292.82,,,
2016-11-18,3298.98,,,
2016-11-21,3182.8,,,
2016-11-22,3236.77,,,
2016-11-23,3277.59,,,
2016-11-24,3235.54,,,
2016-11-25,3298.11,,,
2016-11-28,3301.01,,,
2016-11-29,3336.6,,,
2016-11-30,3392.09,,,
2016-12-01,3334.29,,,
2016-12-02,3271.26,,,
2016-12-05,3291.96,,,
2016-12-06,3317.59,,,
2016-12-07,3299.17,,,
2016-12-08,3369.36,,,
2016-12-09,3399.88,,,
2016-12-12,3335.83,,,
2016-12-13,3335.75,,,
2016-12-14,3309.52,,,
2016-12-15,3324.82,,,
2016-12-16,3295.77,,,
2016-12-19,3288.62,,,
2016-12-20,3223.99,,,
2016-12-21,3225.88,,,
2016-12-22,3179.93,,,
2016-12-23,3168.72,,,
2016-12-26,3070.29,,,
2016-12-27,3136.13,,,
2016-12-28,3155.92,,,
2016-12-29,3220.51,,,
2016-12-30,3235.97,,,
2017-01-02,3265.66,,,
2017-01-03,3286.98,,,
2017-01-04,3291.67,,,
2017-01-05,3349.35,,,
2017-01-06,3333.56,,,
2017-01-09,3339.78,,,
2017-01-10,3356.96,,,
2017-01-11,3420.22,,,
2017-01-12,3413.13,,,
2017-01-13,3408.01,,,
2017-01-16,3431.05,,,
2017-01-17,3442.71,,,
2017-01-18,3460.61,,,
2017-01-19,3472.08,,,
2017-01-20,3414.53,,,
2017-01-23,3424.63,,,
2017-01-24,3453.14,,,
2017-01-25,3509.84,,,
2017-01-27,3524.75,,,
2017-01-30,3509.38,,,
2017-01-31,3444.59,,,
2017-02-01,3534.31,,,
2017-02-02,3559.19,,,
2017-02-03,3599.83,,,
2017-02-06,3605.25,,,
2017-02-07,3582.07,,,
2017-02-08,3608.42,,,
2017-02-09,3612.06,,,
2017-02-10,3613.96,,,
2017-02-13,3594.76,,,
2017-02-14,3586.85,,,
2017-02-15,3519.32,,,
2017-02-16,3577.79,,,
2017-02-17,3607.87,,,
2017-02-20,3642.76,,,
2017-02-21,3668.27,,,
2017-02-22,3637.77,,,
2017-02-23,3644.97,,,
2017-02-27,3638.66,,,
2017-02-28,3666.14,,,
2017-03-01,3676.65,,,
2017-03-02,3612.69,,,
2017-03-03,3636.43,,,
2017-03-06,3669.16,,,
2017-03-07,3662.47,,,
2017-03-08,3632.71,,,
2017-03-09,3641.61,,,
2017-03-10,3623.6,,,
2017-03-14,3674.58,,,
2017-03-15,3730.14,,,
2017-03-16,3782.84,,,
2017-03-17,3795.35,,,
2017-03-20,3805.91,,,
2017-03-21,3812.73,,,
2017-03-22,3756.64,,,
2017-03-23,3810.55,,,
2017-03-24,3830.39,,,
2017-03-27,3837.16,,,
2017-03-28,3838.14,,,
2017-03-29,3860.21,,,
2017-03-30,3860.29,,,
2017-03-31,3880.6,,,
2017-04-03,3915.08,,,
2017-04-05,3919.44,,,
2017-04-06,3911.55,,,
2017-04-07,3891.26,,,
2017-04-10,3915.18,,,
2017-04-11,3954.47,,,
2017-04-12,3914.39,,,
2017-04-13,3908.08,,,
2017-04-17,3919.71,,,
2017-04-18,3890.73,,,
2017-04-19,3928.88,,,
2017-04-20,3979.7,,,
2017-04-21,3971.51,,,
2017-04-24,4010.93,,,
2017-04-25,4054.2,,,
2017-04-26,4066.4,,,
2017-04-27,4084.66,,,
2017-04-28,4133.36,,,
2017-05-02,4157.16,,,
2017-05-03,4117.19,,,
2017-05-04,4129.62,,,
2017-05-05,4115.55,,,
2017-05-08,4132.03,,,
2017-05-09,4129.66,,,
2017-05-10,4152.36,,,
2017-05-11,4164.18,,,
2017-05-12,4136.09,,,
2017-05-15,4174.5,,,
2017-05-16,4172.59,,,
2017-05-17,4160.66,,,
2017-05-18,4042.28,,,
2017-05-19,4014.5,,,
2017-05-22,3962.82,,,
2017-05-23,3885.67,,,
2017-05-24,3843.84,,,
2017-05-25,3935.82,,,
2017-05-26,4003.47,,,
2017-05-29,3933.32,,,
2017-05-30,3978.13,,,
2017-05-31,4016.93,,,
2017-06-01,4081.85,,,
2017-06-02,4104.66,,,
2017-06-05,4110.83,,,
2017-06-06,4082.52,,,
2017-06-07,4104.67,,,
2017-06-08,4116.53,,,
2017-06-09,4125.25,,,
2017-06-12,4090.12,,,
2017-06-13,4082.61,,,
2017-06-14,4089.44,,,
2017-06-15,4106.08,,,
2017-06-16,4111.52,,,
2017-06-19,4102.05,,,
2017-06-20,4108.16,,,
2017-06-21,4098.7,,,
2017-06-22,4078.43,,,
2017-06-23,4017.45,,,
2017-06-27,3964.21,,,
2017-06-28,3971.65,,,
2017-06-29,3988.07,,,
2017-06-30,4011.34,,,
2017-07-03,4059.15,,,
2017-07-04,4055.08,,,
2017-07-05,4131.76,,,
2017-07-06,4128.38,,,
2017-07-07,4141.15,,,
2017-07-10,4139.11,,,
2017-07-11,4095.95,,,
2017-07-12,4155.86,,,
2017-07-13,4171.51,,,
2017-07-14,4189.51,,,
2017-07-17,4193.18,,,
2017-07-18,4170.93,,,
2017-07-19,4200.03,,,
2017-07-20,4178.5,,,
2017-07-21,4174.67,,,
2017-07-24,4180.41,,,
2017-07-25,4220.9,,,
2017-07-26,4207.41,,,
2017-07-27,4196.87,,,
2017-07-28,4219.59,,,
2017-07-31,4204.12,,,
2017-08-01,4230.69,,,
2017-08-02,4236.13,,,
2017-08-03,4179.48,,,
2017-08-04,4176.42,,,
2017-08-07,4217.21,,,
2017-08-08,4165.96,,,
2017-08-09,4090.7,,,
2017-08-10,3981.9,,,
2017-08-11,3970.83,,,
2017-08-14,4091.36,,,
2017-08-16,4136.79,,,
2017-08-17,4118.35,,,
2017-08-18,4101.31,,,
2017-08-21,4031.27,,,
2017-08-22,4009.8,,,
2017-08-23,4056.41,,,
2017-08-24,4057.27,,,
2017-08-28,4091.38,,,
2017-08-29,4033.7,,,
2017-08-30,4081.46,,,
2017-08-31,4080.89,,,
2017-09-01,4153.31,,,
2017-09-04,4145.75,,,
2017-09-05,4181.48,,,
2017-09-06,4202.34,,,
2017-09-07,4222.53,,,
2017-09-08,4238.39,,,
2017-09-11,4270.29,,,
2017-09-12,4329.34,,,
2017-09-13,4284.33,,,
2017-09-14,4321.17,,,
2017-09-15,4316.49,,,
2017-09-18,4362.05,,,
2017-09-19,4375.17,,,
2017-09-20,4364.57,,,
2017-09-21,4327.62,,,
2017-09-22,4210.93,,,
2017-09-25,4151.23,,,
2017-09-26,4182.96,,,
2017-09-27,4104.24,,,
2017-09-28,4115.44,,,
2017-09-29,4149.6,,,
2017-10-03,4178.85,,,
2017-10-04,4185.94,,,
2017-10-05,4211.59,,,
2017-10-06,4263.18,,,
2017-10-09,4272.25,,,
2017-10-10,4324.74,,,
2017-10-11,4282.12,,,
2017-10-12,4341.81,,,
2017-10-13,4323.89,,,
2017-10-16,4366.38,,,
2017-10-17,4386.5,,,
2017-10-18,4379.78,,,
2017-10-19,4343.16,,,
2017-10-23,4379.04,,,
2017-10-24,4394.99,,,
2017-10-25,4363.42,,,
2017-10-26,4382.09,,,
2017-10-27,4384.54,,,
2017-10-30,4428.07,,,
2017-10-31,4440.64,,,
2017-11-01,4458.61,,,
2017-11-02,4465.44,,,
2017-11-03,4465.42,,,
2017-11-06,4468.17,,,
2017-11-07,4404.23,,,
2017-11-08,4375.55,,,
2017-11-09,4435.02,,,
2017-11-10,4430.33,,,
2017-11-13,4424.58,,,
2017-11-14,4425.76,,,
2017-11-15,4396.99,,,
2017-11-16,4444.21,,,
2017-11-17,4481.15,,,
2017-11-20,4519.61,,,
2017-11-21,4524.81,,,
2017-11-22,4521.73,,,
2017-11-23,4530.23,,,
2017-11-24,4553.15,,,
2017-11-27,4590.05,,,
2017-11-28,4604.21,,,
2017-11-29,4586.14,,,
2017-11-30,4542.11,,,
2017-12-01,4501.3,,,
2017-12-04,4507.77,,,
2017-12-05,4527.59,,,
2017-12-06,4502.86,,,
2017-12-07,4574.58,,,
2017-12-08,4594.37,,,
2017-12-11,4631.76,,,
2017-12-12,4589.35,,,
2017-12-13,4540.28,,,
2017-12-14,4531.32,,,
2017-12-15,4596.35,,,
2017-12-18,4634.67,,,
2017-12-19,4720.43,,,
2017-12-20,4725.24,,,
2017-12-21,4767.09,,,
2017-12-22,4773.78,,,
2017-12-26,4781.01,,,
2017-12-27,4792.04,,,
2017-12-28,4792.4,,,
2017-12-29,4809.96,,,
2018-01-01,4792.43,,,
2018-01-02,4758.3,,,
2018-01-03,4772.66,,,
2018-01-04,4786.18,,,
2018-01-05,4853.31,,,
2018-01-08,4909.49,,,
2018-01-09,4881.43,,,
2018-01-10,4827.75,,,
2018-01-11,4852.47,,,
2018-01-12,4853.39,,,
2018-01-15,4830.65,,,
2018-01-16,4712.62,,,
2018-01-17,4735.64,,,
2018-01-18,4641.01,,,
2018-01-19,4676.15,,,
2018-01-22,4714.98,,,
2018-01-23,4761.17,,,
2018-01-24,4737.64,,,
2018-01-25,4684.68,,,
2018-01-29,4673.51,,,
2018-01-30,4661.03,,,
2018-01-31,4619.2,,,
2018-02-01,4614.31,,,
2018-02-02,4414.06,,,
2018-02-05,4420.1,,,
2018-02-06,4369.51,,,
2018-02-07,4401.06,,,
2018-02-08,4515.42,,,
2018-02-09,4500.4,,,
2018-02-12,4567.13,,,
2018-02-14,4579.58,,,
2018-02-15,4543.52,,,
2018-02-16,4491.54,,,
2018-02-19,4433.97,,,
2018-02-20,4431.01,,,
2018-02-21,4449.74,,,
2018-02-22,4432.97,,,
2018-02-23,4544.55,,,
2018-02-26,4597.26,,,
2018-02-27,4574.28,,,
2018-02-28,4575.32,,,
2018-03-01,4556.83,,,
2018-03-05,4514.9,,,
2018-03-06,4490.84,,,
2018-03-07,4418.55,,,
2018-03-08,4465.7,,,
2018-03-09,4458.08,,,
2018-03-12,4490.29,,,
2018-03-13,4513.69,,,
2018-03-14,4509.85,,,
2018-03-15,4514.51,,,
2018-03-16,4460.05,,,
2018-03-19,4371.91,,,
2018-03-20,4388.15,,,
2018-03-21,4403.44,,,
2018-03-22,4368.53,,,
2018-03-23,4322.19,,,
2018-03-26,4385.14,,,
2018-03-27,4456.83,,,
2018-03-28,4441.72,,,
2018-04-02,4530.43,,,
2018-04-03,4569.13,,,
2018-04-04,4523.38,,,
2018-04-05,4618.2,,,
2018-04-06,4641.87,,,
2018-04-09,4676.02,,,
2018-04-10,4672.99,,,
2018-04-11,4678.81,,,
2018-04-12,4677.65,,,
2018-04-13,4703.18,,,
2018-04-16,4741.88,,,
2018-04-17,4745.93,,,
2018-04-18,4741.9,,,
2018-04-19,4765.52,,,
2018-04-20,4751.31,,,
2018-04-23,4761.16,,,
2018-04-24,4758.37,,,
2018-04-25,4740.14,,,
2018-04-26,4757.99,,,
2018-04-27,4818.88,,,
2018-04-30,4858.57,,,
2018-05-02,4794.77,,,
2018-05-03,4732.57,,,
2018-05-04,4719.18,,,
2018-05-07,4759.39,,,
2018-05-08,4752.38,,,
2018-05-09,4707.06,,,
2018-05-10,4631.15,,,
2018-05-11,4667.78,,,
2018-05-14,4614.63,,,
2018-05-15,4565.46,,,
2018-05-16,4539.33,,,
2018-05-17,4538.59,,,
2018-05-18,4484.88,,,
2018-05-21,4401.13,,,
2018-05-22,4425.7,,,
2018-05-23,4399.71,,,
2018-05-24,4360.45,,,
2018-05-25,4494.5,,,
2018-05-28,4541.6,,,
2018-05-29,4519.84,,,
2018-05-30,4520.28,,,
2018-05-31,4501.31,,,
2018-06-01,4439.01,,,
2018-06-04,4396.91,,,
2018-06-05,4363.92,,,
2018-06-06,4423.57,,,
2018-06-07,4480.77,,,
2018-06-08,4493.01,,,
2018-06-11,4480.63,,,
2018-06-12,4521.78,,,
2018-06-13,4512.33,,,
2018-06-14,4522.67,,,
2018-06-15,4511.1,,,
2018-06-18,4506.25,,,
2018-06-19,4438.96,,,
2018-06-20,4468.84,,,
2018-06-21,4437.73,,,
2018-06-22,4460.08,,,
2018-06-25,4458.78,,,
2018-06-26,4465.09,,,
2018-06-27,4387.2,,,
2018-06-28,4304.71,,,
2018-06-29,4374.45,,,
2018-07-02,4358.73,,,
2018-07-03,4426.92,,,
2018-07-04,4440.67,,,
2018-07-05,4390.78,,,
2018-07-06,4412.33,,,
2018-07-09,4514.58,,,
2018-07-10,4516.61,,,
2018-07-11,4486.06,,,
2018-07-12,4456.84,,,
2018-07-13,4408.39,,,
2018-07-16,4297.67,,,
2018-07-17,4437.99,,,
2018-07-18,4373.94,,,
2018-07-19,4344.96,,,
2018-07-20,4381.83,,,
2018-07-23,4413.97,,,
2018-07-24,4448.91,,,
2018-07-25,4437.15,,,
2018-07-26,4467.98,,,
2018-07-27,4539.48,,,
2018-07-30,4539.35,,,
2018-07-31,4568.42,,,
2018-08-01,4550.17,,,
2018-08-02,4556.51,,,
2018-08-03,4572.69,,,
2018-08-06,4571.14,,,
2018-08-07,4538.96,,,
2018-08-08,4541.11,,,
2018-08-09,4570.55,,,
2018-08-10,4562.97,,,
2018-08-13,4564.33,,,
2018-08-14,4613.1,,,
2018-08-16,4618.17,,,
2018-08-17,4658.39,,,
2018-08-20,4723.52,,,
2018-08-21,4717.91,,,
2018-08-23,4720.52,,,
2018-08-24,4715.84,,,
2018-08-27,4780.81,,,
2018-08-28,4769.86,,,
2018-08-29,4797.87,,,
2018-08-30,4785.83,,,
2018-08-31,4785.24,,,
2018-09-03,4757.72,,,
2018-09-04,4619.07,,,
2018-09-05,4607.49,,,
2018-09-06,4623.73,,,
2018-09-07,4705.02,,,
2018-09-10,4608.6,,,
2018-09-11,4556.16,,,
2018-09-12,4587.42,,,
2018-09-14,4693.57,,,
2018-09-17,4658.18,,,
2018-09-18,4602.72,,,
2018-09-19,4559.29,,,
2018-09-21,4484.44,,,
2018-09-24,4375.35,,,
2018-09-25,4425.74,,,
2018-09-26,4451.74,,,
2018-09-27,4359.9,,,
2018-09-28,4283.33,,,
2018-10-01,4333.18,,,
2018-10-03,4262.86,,,
2018-10-04,4149.26,,,
2018-10-05,4026.62,,,
2018-10-08,4009.19,,,
2018-10-09,4016.33,,,
2018-10-10,4205.82,,,
2018-10-11,4065.74,,,
2018-10-12,4197.43,,,
2018-10-15,4216.12,,,
2018-10-16,4284.74,,,
2018-10-17,4201.99,,,
2018-10-19,4170.73,,,
2018-10-22,4112.26,,,
2018-10-23,4088.55,,,
2018-10-24,4169.0,,,
2018-10-25,4170.46,,,
2018-10-26,4137.7,,,
2018-10-29,4287.73,,,
2018-10-30,4303.58,,,
2018-10-31,4356.57,,,
2018-11-01,4385.38,,,
2018-11-02,4442.6,,,
2018-11-05,4404.3,,,
2018-11-06,4371.34,,,
2018-11-07,4398.94,,,
2018-11-09,4454.54,,,
2018-11-12,4412.87,,,
2018-11-13,4436.45,,,
2018-11-14,4428.64,,,
2018-11-15,4451.82,,,
2018-11-16,4436.71,,,
2018-11-19,4471.69,,,
2018-11-20,4430.33,,,
2018-11-21,4476.9,,,
2018-11-22,4428.41,,,
2018-11-26,4444.98,,,
2018-11-27,4467.06,,,
2018-11-28,4405.06,,,
2018-11-29,4439.43,,,
2018-11-30,4446.93,,,
2018-12-03,4469.29,,,
2018-12-04,4449.23,,,
2018-12-05,4372.23,,,
2018-12-06,4296.4,,,
2018-12-07,4306.79,,,
2018-12-10,4237.97,,,
2018-12-11,4303.21,,,
2018-12-12,4411.37,,,
2018-12-13,4425.4,,,
2018-12-14,4439.65,,,
2018-12-17,4468.05,,,
2018-12-18,4490.97,,,
2018-12-19,4553.11,,,
2018-12-20,4569.02,,,
2018-12-21,4474.56,,,
2018-12-24,4464.18,,,
2018-12-26,4465.25,,,
2018-12-27,4485.25,,,
2018-12-28,4527.15,,,
2018-12-31,4541.7,,,
2019-01-01,4531.39,,,
2019-01-02,4465.89,,,
2019-01-03,4415.56,,,
2019-01-04,4457.66,,,
2019-01-07,4454.8,,,
2019-01-08,4454.22,,,
2019-01-09,4464.05,,,
2019-01-10,4488.42,,,
2019-01-11,4477.64,,,
2019-01-14,4456.78,,,
2019-01-15,4495.36,,,
2019-01-16,4498.05,,,
2019-01-17,4484.93,,,
2019-01-18,4471.02,,,
2019-01-21,4457.57,,,
2019-01-22,4449.5,,,
2019-01-23,4428.6,,,
2019-01-24,4417.42,,,
2019-01-25,4354.06,,,
2019-01-28,4257.51,,,
2019-01-29,4298.34,,,
2019-01-30,4318.82,,,
2019-01-31,4344.27,,,
2019-02-01,4390.9,,,
2019-02-04,4358.01,,,
2019-02-05,4328.04,,,
2019-02-06,4290.03,,,
2019-02-07,4326.06,,,
2019-02-08,4252.19,,,
2019-02-11,4166.55,,,
2019-02-12,4180.38,,,
2019-02-13,4152.82,,,
2019-02-14,4177.92,,,
2019-02-15,4124.91,,,
2019-02-18,4082.17,,,
2019-02-19,4087.1,,,
2019-02-20,4120.18,,,
2019-02-21,4151.11,,,
2019-02-22,4178.92,,,
2019-02-25,4211.26,,,
2019-02-26,4207.88,,,
2019-02-27,4220.97,,,
2019-02-28,4247.58,,,
2019-03-01,4326.73,,,
2019-03-05,4430.91,,,
2019-03-06,4460.24,,,
2019-03-07,4424.98,,,
2019-03-08,4418.87,,,
2019-03-11,4527.73,,,
2019-03-12,4532.79,,,
2019-03-13,4513.63,,,
2019-03-14,4519.61,,,
2019-03-15,4564.55,,,
2019-03-18,4539.26,,,
2019-03-19,4564.8,,,
2019-03-20,4540.09,,,
2019-03-22,4499.11,,,
2019-03-25,4489.06,,,
2019-03-26,4544.61,,,
2019-03-27,4576.8,,,
2019-03-28,4608.94,,,
2019-03-29,4648.89,,,
2019-04-01,4666.2,,,
2019-04-02,4658.45,,,
2019-04-03,4607.81,,,
2019-04-04,4596.18,,,
2019-04-05,4653.9,,,
2019-04-08,4614.17,,,
2019-04-09,4643.21,,,
2019-04-10,4617.06,,,
2019-04-11,4627.66,,,
2019-04-12,4656.25,,,
2019-04-15,4674.92,,,
2019-04-16,4679.79,,,
2019-04-18,4647.38,,,
2019-04-22,4560.84,,,
2019-04-23,4561.37,,,
2019-04-24,4566.66,,,
2019-04-25,4540.51,,,
2019-04-26,4532.35,,,
2019-04-30,4487.39,,,
2019-05-02,4432.49,,,
2019-05-03,4453.94,,,
2019-05-06,4440.15,,,
2019-05-07,4391.53,,,
2019-05-08,4363.16,,,
2019-05-09,4354.21,,,
2019-05-10,4359.53,,,
2019-05-13,4271.93,,,
2019-05-14,4278.88,,,
2019-05-15,4247.89,,,
2019-05-16,4266.61,,,
2019-05-17,4342.62,,,
2019-05-20,4519.91,,,
2019-05-21,4450.69,,,
2019-05-22,4435.85,,,
2019-05-23,4432.38,,,
2019-05-24,4533.53,,,
2019-05-27,4618.17,,,
2019-05-28,4618.85,,,
2019-05-29,4573.37,,,
2019-05-30,4602.71,,,
2019-05-31,4620.44,,,
2019-06-03,4659.7,,,
2019-06-04,4665.51,,,
2019-06-06,4593.74,,,
2019-06-07,4600.76,,,
2019-06-10,4606.14,,,
2019-06-11,4641.01,,,
2019-06-12,4592.86,,,
2019-06-13,4569.88,,,
2019-06-14,4525.77,,,
2019-06-17,4474.82,,,
2019-06-18,4479.72,,,
2019-06-19,4440.79,,,
2019-06-20,4506.08,,,
2019-06-21,4467.63,,,
2019-06-24,4464.6,,,
2019-06-25,4502.13,,,
2019-06-26,4545.54,,,
2019-06-27,4576.79,,,
2019-06-28,4551.42,,,
2019-07-01,4576.13,,,
2019-07-02,4594.63,,,
2019-07-03,4605.79,,,
2019-07-04,4595.53,,,
2019-07-05,4514.24,,,
2019-07-08,4406.7,,,
2019-07-09,4416.54,,,
2019-07-10,4369.51,,,
2019-07-11,4398.61,,,
2019-07-12,4435.69,,,
2019-07-15,4400.66,,,
2019-07-16,4425.0,,,
2019-07-17,4422.08,,,
2019-07-18,4318.42,,,
2019-07-19,4189.77,,,
2019-07-22,4159.6,,,
2019-07-23,4123.4,,,
2019-07-24,4052.99,,,
2019-07-25,4077.78,,,
2019-07-26,4107.97,,,
2019-07-29,4062.44,,,
2019-07-30,3952.39,,,
2019-07-31,4032.77,,,
2019-08-01,3992.07,,,
2019-08-02,3990.16,,,
2019-08-05,3938.93,,,
2019-08-06,4002.24,,,
2019-08-07,3955.04,,,
2019-08-08,3974.72,,,
2019-08-09,4022.78,,,
2019-08-13,3908.08,,,
2019-08-14,3974.02,,,
2019-08-16,4017.17,,,
2019-08-19,4020.52,,,
2019-08-20,3996.62,,,
2019-08-21,3925.76,,,
2019-08-22,3846.54,,,
2019-08-23,3912.91,,,
2019-08-26,3977.64,,,
2019-08-27,3979.27,,,
2019-08-28,3918.16,,,
2019-08-29,3905.67,,,
2019-08-30,3961.13,,,
2019-09-03,3889.25,,,
2019-09-04,3910.36,,,
2019-09-05,3910.57,,,
2019-09-06,3959.66,,,
2019-09-09,4012.24,,,
2019-09-11,4049.64,,,
2019-09-12,4032.94,,,
2019-09-13,4046.65,,,
2019-09-16,4009.56,,,
2019-09-17,3928.6,,,
2019-09-18,3942.36,,,
2019-09-19,3877.3,,,
2019-09-20,4151.49,,,
2019-09-23,4268.19,,,
2019-09-24,4237.29,,,
2019-09-25,4151.69,,,
2019-09-26,4202.13,,,
2019-09-27,4159.54,,,
2019-09-30,4094.15,,,
2019-10-01,4004.37,,,
2019-10-03,4005.6,,,
2019-10-04,3945.78,,,
2019-10-07,3940.38,,,
2019-10-09,4011.01,,,
2019-10-10,3957.24,,,
2019-10-11,3952.64,,,
2019-10-14,3961.22,,,
2019-10-15,3975.83,,,
2019-10-16,3952.07,,,
2019-10-17,4040.48,,,
2019-10-18,4093.99,,,
2019-10-22,4098.6,,,
2019-10-23,4096.09,,,
2019-10-24,4076.74,,,
2019-10-25,4078.78,,,
2019-10-27,4094.44,,,
2019-10-29,4160.31,,,
2019-10-30,4198.43,,,
2019-10-31,4266.0,,,
2019-11-01,4274.3,,,
2019-11-04,4257.91,,,
2019-11-05,4209.02,,,
2019-11-06,4203.77,,,
2019-11-07,4237.25,,,
2019-11-08,4221.87,,,
2019-11-11,4248.25,,,
2019-11-13,4197.34,,,
2019-11-14,4218.91,,,
2019-11-15,4231.61,,,
2019-11-18,4270.64,,,
2019-11-19,4281.46,,,
2019-11-20,4309.11,,,
2019-11-21,4268.35,,,
2019-11-22,4271.36,,,
2019-11-25,4328.3,,,
2019-11-26,4297.75,,,
2019-11-27,4345.73,,,
2019-11-28,4406.64,,,
2019-11-29,4384.3,,,
2019-12-02,4351.98,,,
2019-12-03,4296.09,,,
2019-12-04,4321.6,,,
2019-12-05,4307.93,,,
2019-12-06,4214.81,,,
2019-12-09,4219.1,,,
2019-12-10,4159.73,,,
2019-12-11,4198.71,,,
2019-12-12,4244.84,,,
2019-12-13,4286.13,,,
2019-12-16,4256.14,,,
2019-12-17,4290.26,,,
2019-12-18,4274.63,,,
2019-12-19,4280.22,,,
2019-12-20,4275.83,,,
2019-12-23,4261.32,,,
2019-12-24,4249.64,,,
2019-12-26,4246.03,,,
2019-12-27,4306.64,,,
2019-12-30,4331.04,,,
2019-12-31,4332.4,,,
2020-01-01,4345.92,,,
2020-01-02,4430.67,,,
2020-01-03,4382.27,,,
2020-01-06,4276.76,,,
2020-01-07,4313.79,,,
2020-01-08,4316.97,,,
2020-01-09,4399.53,,,
2020-01-10,4424.04,,,
2020-01-13,4468.87,,,
2020-01-14,4509.17,,,
2020-01-15,4559.58,,,
2020-01-16,4595.14,,,
2020-01-17,4606.5,,,
2020-01-20,4570.6,,,
2020-01-21,4577.14,,,
2020-01-22,4573.69,,,
2020-01-23,4645.03,,,
2020-01-24,4669.52,,,
2020-01-27,4654.9,,,
2020-01-28,4630.49,,,
2020-01-29,4645.33,,,
2020-01-30,4593.02,,,
2020-01-31,4558.07,,,
2020-02-01,4427.44,,,
2020-02-03,4495.35,,,
2020-02-04,4547.97,,,
2020-02-05,4606.14,,,
2020-02-06,4628.62,,,
2020-02-07,4645.5,,,
2020-02-10,4589.78,,,
2020-02-11,4584.47,,,
2020-02-12,4585.38,,,
2020-02-13,4568.34,,,
2020-02-14,4531.7,,,
2020-02-17,4463.51,,,
2020-02-18,4446.07,,,
2020-02-19,4521.8,,,
2020-02-20,4553.96,,,
2020-02-24,4466.59,,,
2020-02-25,4463.91,,,
2020-02-26,4417.16,,,
2020-02-27,4393.35,,,
2020-02-28,4239.16,,,
2020-03-02,4174.48,,,
2020-03-03,4252.96,,,
2020-03-04,4201.88,,,
2020-03-05,4212.27,,,
2020-03-06,4091.49,,,
2020-03-09,3874.18,,,
2020-03-11,3848.55,,,
2020-03-12,3548.49,,,
2020-03-13,3679.7,,,
2020-03-16,3437.06,,,
2020-03-17,3344.86,,,
2020-03-18,3161.68,,,
2020-03-19,3029.62,,,
2020-03-20,3179.39,,,
2020-03-23,2696.73,,,
2020-03-24,2749.22,,,
2020-03-25,2867.18,,,
2020-03-26,2966.51,,,
2020-03-27,2948.12,,,
2020-03-30,2854.18,,,
2020-03-31,2912.2,,,
2020-04-01,2836.83,,,
2020-04-03,2758.27,,,
2020-04-07,2903.69,,,
2020-04-08,2975.93,,,
2020-04-09,3100.93,,,
2020-04-13,3022.43,,,
2020-04-15,3073.0,,,
2020-04-16,3165.96,,,
2020-04-17,3251.0,,,
2020-04-20,3252.37,,,
2020-04-21,3121.5,,,
2020-04-22,3156.09,,,
2020-04-23,3191.21,,,
2020-04-24,3097.59,,,
2020-04-27,3162.99,,,
2020-04-28,3222.22,,,
2020-04-29,3267.67,,,
2020-04-30,3325.37,,,
2020-05-04,3162.22,,,
2020-05-05,3125.05,,,
2020-05-06,3175.13,,,
2020-05-07,3152.57,,,
2020-05-08,3160.19,,,
2020-05-11,3199.95,,,
2020-05-12,3181.08,,,
2020-05-13,3259.01,,,
2020-05-14,3222.31,,,
2020-05-15,3219.55,,,
2020-05-18,3042.74,,,
2020-05-19,3056.98,,,
2020-05-20,3110.66,,,
2020-05-21,3133.12,,,
2020-05-22,3105.67,,,
2020-05-26,3180.5,,,
2020-05-27,3196.63,,,
2020-05-28,3247.07,,,
2020-05-29,3280.16,,,
2020-06-01,3385.79,,,
2020-06-02,3435.73,,,
2020-06-03,3423.43,,,
2020-06-04,3424.37,,,
2020-06-05,3478.63,,,
2020-06-08,3473.33,,,
2020-06-09,3452.36,,,
2020-06-10,3506.34,,,
2020-06-11,3469.45,,,
2020-06-12,3535.34,,,
2020-06-15,3476.52,,,
2020-06-16,3492.3,,,
2020-06-17,3507.29,,,
2020-06-18,3510.82,,,
2020-06-19,3572.4,,,
2020-06-22,3639.72,,,
2020-06-23,3672.73,,,
2020-06-24,3612.55,,,
2020-06-25,3653.18,,,
2020-06-26,3646.81,,,
2020-06-29,3560.2,,,
2020-06-30,3561.17,,,
2020-07-01,3592.1,,,
2020-07-02,3655.12,,,
2020-07-03,3695.69,,,
2020-07-06,3772.82,,,
2020-07-07,3811.73,,,
2020-07-08,3780.05,,,
2020-07-09,3794.03,,,
2020-07-10,3745.63,,,
2020-07-13,3741.5,,,
2020-07-14,3676.95,,,
2020-07-15,3647.31,,,
2020-07-16,3684.62,,,
2020-07-17,3760.55,,,
2020-07-20,3797.59,,,
2020-07-21,3806.6,,,
2020-07-22,3809.02,,,
2020-07-23,3836.66,,,
2020-07-24,3809.59,,,
2020-07-27,3739.89,,,
2020-07-28,3792.4,,,
2020-07-29,3814.75,,,
2020-07-30,3779.94,,,
2020-07-31,3759.05,,,
2020-08-03,3730.23,,,
2020-08-04,3796.0,,,
2020-08-05,3819.66,,,
2020-08-06,3874.88,,,
2020-08-07,3955.39,,,
2020-08-10,3994.37,,,
2020-08-11,3998.85,,,
2020-08-12,4030.71,,,
2020-08-13,4146.62,,,
2020-08-14,4079.6,,,
2020-08-17,4099.32,,,
2020-08-18,4168.96,,,
2020-08-19,4183.14,,,
2020-08-20,4212.95,,,
2020-08-21,4215.0,,,
2020-08-24,4240.76,,,
2020-08-25,4276.03,,,
2020-08-26,4310.0,,,
2020-08-27,4321.41,,,
2020-08-28,4354.19,,,
2020-08-31,4184.42,,,
2020-09-01,4239.99,,,
2020-09-02,4283.55,,,
2020-09-03,4322.72,,,
2020-09-04,4245.25,,,
2020-09-07,4195.22,,,
2020-09-08,4133.17,,,
2020-09-09,4105.31,,,
2020-09-10,4138.67,,,
2020-09-11,4170.17,,,
2020-09-14,4251.93,,,
2020-09-15,4281.3,,,
2020-09-16,4310.16,,,
2020-09-17,4322.34,,,
2020-09-18,4291.98,,,
2020-09-21,4113.32,,,
2020-09-22,4048.89,,,
2020-09-23,4045.17,,,
2020-09-24,3938.6,,,
2020-09-25,4091.45,,,
2020-09-28,4247.62,,,
2020-09-29,4226.04,,,
2020-09-30,4226.14,,,
2020-10-01,4279.03,,,
2020-10-05,4252.73,,,
2020-10-06,4290.94,,,
2020-10-07,4276.07,,,
2020-10-08,4289.86,,,
2020-10-09,4288.16,,,
2020-10-12,4236.16,,,
2020-10-13,4184.86,,,
2020-10-14,4205.81,,,
2020-10-15,4122.44,,,
2020-10-16,4181.41,,,
2020-10-19,4210.56,,,
2020-10-20,4241.08,,,
2020-10-21,4252.9,,,
2020-10-22,4274.15,,,
2020-10-23,4311.04,,,
2020-10-26,4207.21,,,
2020-10-27,4276.35,,,
2020-10-28,4213.29,,,
2020-10-29,4202.22,,,
2020-10-30,4238.24,,,
2020-11-02,4305.13,,,
2020-11-03,4332.69,,,
2020-11-04,4352.13,,,
2020-11-05,4457.14,,,
2020-11-06,4499.43,,,
2020-11-09,4554.95,,,
2020-11-10,4603.76,,,
2020-11-11,4637.51,,,
2020-11-12,4649.56,,,
2020-11-13,4698.09,,,
2020-11-14,4709.63,,,
2020-11-17,4759.51,,,
2020-11-18,4857.25,,,
2020-11-19,4814.69,,,
2020-11-20,4849.41,,,
2020-11-23,4898.85,,,
2020-11-24,4950.56,,,
2020-11-25,4881.23,,,
2020-11-26,4940.69,,,
2020-11-27,5066.23,,,
2020-12-01,5091.42,,,
2020-12-02,5102.29,,,
2020-12-03,5150.81,,,
2020-12-04,5187.33,,,
2020-12-07,5244.3,,,
2020-12-08,5237.87,,,
2020-12-09,5257.56,,,
2020-12-10,5203.32,,,
2020-12-11,5215.48,,,
2020-12-14,5251.59,,,
2020-12-15,5303.19,,,
2020-12-16,5382.89,,,
2020-12-17,5381.1,,,
2020-12-18,5360.09,,,
2020-12-21,5079.58,,,
2020-12-22,5114.43,,,
2020-12-23,5255.03,,,
2020-12-24,5243.99,,,
2020-12-28,5310.31,,,
2020-12-29,5298.59,,,
2020-12-30,5309.12,,,
2020-12-31,5356.83,,,
2021-01-01,5443.16,,,
2021-01-04,5526.92,,,
2021-01-05,5586.63,,,
2021-01-06,5654.67,,,
2021-01-07,5771.55,,,
2021-01-08,5864.41,,,
2021-01-11,5843.58,,,
2021-01-12,5895.93,,,
2021-01-13,5836.93,,,
2021-01-14,5856.72,,,
2021-01-15,5781.14,,,
2021-01-18,5654.93,,,
2021-01-19,5817.63,,,
2021-01-20,5895.55,,,
2021-01-21,5804.67,,,
2021-01-22,5720.25,,,
2021-01-25,5700.48,,,
2021-01-27,5580.72,,,
2021-01-28,5556.69,,,
2021-01-29,5520.23,,,
2021-02-01,5781.02,,,
2021-02-02,5984.07,,,
2021-02-03,6090.2,,,
2021-02-04,6177.58,,,
2021-02-05,6033.36,,,
2021-02-08,6146.84,,,
2021-02-09,6136.66,,,
2021-02-10,6208.01,,,
2021-02-11,6199.14,,,
2021-02-12,6179.53,,,
2021-02-15,6329.69,,,
2021-02-16,6335.18,,,
2021-02-17,6341.7,,,
2021-02-18,6319.94,,,
2021-02-19,6158.14,,,
2021-02-22,6049.18,,,
2021-02-23,6148.43,,,
2021-02-24,6179.32,,,
2021-02-25,6295.96,,,
2021-02-26,6117.25,,,
2021-03-01,6239.66,,,
2021-03-02,6352.7,,,
2021-03-03,6443.48,,,
2021-03-04,6450.49,,,
2021-03-05,6271.22,,,
2021-03-08,6260.42,,,
2021-03-09,6240.09,,,
2021-03-10,6295.7,,,
2021-03-12,6266.98,,,
2021-03-15,6215.2,,,
2021-03-16,6231.51,,,
2021-03-17,6065.79,,,
2021-03-18,5965.23,,,
2021-03-19,6059.47,,,
2021-03-22,6074.76,,,
2021-03-23,6117.53,,,
2021-03-24,5975.08,,,
2021-03-25,5852.87,,,
2021-03-26,5985.81,,,
2021-03-30,6027.57,,,
2021-03-31,6024.14,,,
2021-04-01,6142.74,,,
2021-04-05,5998.28,,,
2021-04-06,6048.57,,,
2021-04-07,6144.94,,,
2021-04-08,6169.36,,,
2021-04-09,6125.1,,,
2021-04-12,5711.57,,,
2021-04-13,5867.78,,,
2021-04-15,5826.32,,,
2021-04-16,5883.34,,,
2021-04-19,5738.15,,,
2021-04-20,5784.1,,,
2021-04-22,5814.63,,,
2021-04-23,5824.2,,,
2021-04-26,5850.49,,,
2021-04-27,5936.95,,,
2021-04-28,6040.23,,,
2021-04-29,6034.71,,,
2021-04-30,5941.92,,,
2021-05-03,5885.53,,,
2021-05-04,5872.54,,,
2021-05-05,5938.03,,,
2021-05-06,6002.31,,,
2021-05-07,5919.34,,,
2021-05-10,5992.54,,,
2021-05-11,6054.18,,,
2021-05-12,5995.36,,,
2021-05-14,5943.59,,,
2021-05-17,6061.71,,,
2021-05-18,6205.75,,,
2021-05-19,6192.72,,,
2021-05-20,6196.08,,,
2021-05-21,6242.57,,,
2021-05-24,6267.16,,,
2021-05-25,6251.63,,,
2021-05-26,6254.63,,,
2021-05-27,6298.56,,,
2021-05-28,6306.53,,,
2021-05-31,6305.6,,,
2021-06-01,6282.43,,,
2021-06-02,6395.43,,,
2021-06-03,6462.79,,,
2021-06-04,6523.89,,,
2021-06-07,6593.58,,,
2021-06-08,6630.45,,,
2021-06-09,6559.29,,,
2021-06-10,6662.45,,,
2021-06-11,6655.44,,,
2021-06-14,6623.99,,,
2021-06-15,6663.83,,,
2021-06-16,6596.4,,,
2021-06-17,6514.56,,,
2021-06-18,6448.22,,,
2021-06-21,6483.6,,,
2021-06-22,6447.88,,,
2021-06-23,6469.75,,,
2021-06-24,6447.14,,,
2021-06-25,6560.53,,,
2021-06-28,6589.38,,,
2021-06-29,6561.52,,,
2021-06-30,6544.91,,,
2021-07-01,6533.05,,,
2021-07-02,6563.21,,,
2021-07-05,6621.69,,,
2021-07-06,6650.78,,,
2021-07-07,6708.72,,,
2021-07-08,6676.17,,,
2021-07-09,6740.01,,,
2021-07-12,6778.15,,,
2021-07-13,6793.05,,,
2021-07-14,6790.44,,,
2021-07-15,6810.67,,,
2021-07-16,6822.96,,,
2021-07-19,6783.49,,,
2021-07-20,6664.26,,,
2021-07-22,6725.66,,,
2021-07-23,6712.78,,,
2021-07-26,6695.45,,,
2021-07-27,6642.43,,,
2021-07-28,6620.66,,,
2021-07-29,6649.88,,,
2021-07-30,6752.77,,,
2021-08-02,6905.81,,,
2021-08-03,6894.72,,,
2021-08-04,6795.63,,,
2021-08-05,6804.75,,,
2021-08-06,6778.59,,,
2021-08-09,6705.01,,,
2021-08-10,6610.56,,,
2021-08-11,6617.85,,,
2021-08-12,6678.87,,,
2021-08-13,6627.04,,,
2021-08-16,6576.32,,,
2021-08-17,6594.88,,,
2021-08-18,6575.41,,,
2021-08-20,6409.26,,,
2021-08-23,6355.81,,,
2021-08-24,6473.33,,,
2021-08-25,6459.24,,,
2021-08-26,6468.5,,,
2021-08-27,6518.14,,,
2021-08-30,6667.87,,,
2021-08-31,6685.06,,,
2021-09-01,6760.64,,,
2021-09-02,6848.63,,,
2021-09-03,6889.9,,,
2021-09-06,6901.86,,,
2021-09-07,6917.98,,,
2021-09-08,6966.41,,,
2021-09-09,6975.95,,,
2021-09-13,6990.35,,,
2021-09-14,7139.48,,,
2021-09-15,7234.91,,,
2021-09-16,7275.35,,,
2021-09-17,7213.23,,,
2021-09-20,7041.88,,,
2021-09-21,7078.98,,,
2021-09-22,7289.02,,,
2021-09-23,7395.04,,,
2021-09-24,7326.17,,,
2021-09-27,7367.05,,,
2021-09-28,7299.51,,,
2021-09-29,7374.67,,,
2021-09-30,7401.59,,,
2021-10-01,7375.01,,,
2021-10-04,7498.5,,,
2021-10-05,7536.68,,,
2021-10-06,7434.7,,,
2021-10-07,7621.98,,,
2021-10-08,7608.71,,,
2021-10-11,7717.59,,,
2021-10-12,7802.07,,,
2021-10-13,7930.09,,,
2021-10-14,7932.26,,,
2021-10-18,8066.31,,,
2021-10-19,7852.43,,,
2021-10-20,7755.16,,,
2021-10-21,7772.96,,,
2021-10-22,7754.22,,,
2021-10-25,7595.51,,,
2021-10-26,7798.55,,,
2021-10-27,7793.38,,,
2021-10-28,7636.53,,,
2021-10-29,7638.7,,,
2021-11-01,7775.41,,,
2021-11-02,7875.53,,,
2021-11-03,7866.86,,,
2021-11-04,7919.73,,,
2021-11-08,8036.7,,,
2021-11-09,8124.44,,,
2021-11-10,8079.25,,,
2021-11-11,7998.65,,,
2021-11-12,8011.89,,,
2021-11-15,8046.57,,,
2021-11-16,8021.12,,,
2021-11-17,7949.46,,,
2021-11-18,7798.52,,,
2021-11-22,7556.1,,,
2021-11-23,7719.63,,,
2021-11-24,7712.13,,,
2021-11-25,7737.27,,,
2021-11-26,7419.75,,,
2021-11-29,7299.79,,,
2021-11-30,7299.68,,,
2021-12-01,7396.93,,,
2021-12-02,7470.51,,,
2021-12-03,7476.1,,,
2021-12-06,7390.55,,,
2021-12-07,7490.53,,,
2021-12-08,7611.97,,,
2021-12-09,7636.35,,,
2021-12-10,7690.25,,,
2021-12-13,7647.14,,,
2021-12-14,7622.94,,,
2021-12-15,7554.58,,,
2021-12-16,7516.99,,,
2021-12-17,7284.57,,,
2021-12-20,7016.15,,,
2021-12-21,7118.91,,,
2021-12-22,7229.11,,,
2021-12-23,7303.28,,,
2021-12-24,7206.01,,,
2021-12-27,7209.9,,,
2021-12-28,7274.62,,,
2021-12-29,7277.05,,,
2021-12-30,7262.48,,,
2021-12-31,7357.96,,,
2022-01-03,7465.92,,,
2022-01-04,7511.53,,,
2022-01-05,7551.88,,,
2022-01-06,7592.37,,,
2022-01-07,7657.65,,,
2022-01-10,7737.15,,,
2022-01-11,7776.0,,,
2022-01-12,7885.85,,,
2022-01-13,7936.9,,,
2022-01-14,7940.6,,,
2022-01-17,7942.7,,,
2022-01-18,7777.9,,,
2022-01-19,7778.25,,,
2022-01-20,7747.65,,,
2022-01-21,7549.75,,,
2022-01-24,7263.9,,,
2022-01-25,7363.4,,,
2022-01-27,7349.15,,,
2022-01-28,7411.95,,,
2022-01-31,7514.85,,,
2022-02-01,7599.95,,,
2022-02-02,7691.5,,,
2022-02-03,7620.95,,,
2022-02-04,7504.7,,,
2022-02-07,7445.55,,,
2022-02-08,7393.9,,,
2022-02-09,7509.2,,,
2022-02-10,7526.5,,,
2022-02-11,7362.15,,,
2022-02-14,7047.0,,,
2022-02-15,7310.1,,,
2022-02-16,7290.95,,,
2022-02-17,7276.3,,,
2022-02-18,7210.45,,,
2022-02-21,7145.8,,,
2022-02-22,7086.45,,,
2022-02-23,7095.4,,,
2022-02-24,6660.25,,,
2022-02-25,6946.0,,,
2022-02-28,7009.7,,,
2022-03-02,6989.9,,,
2022-03-03,6915.4,,,
2022-03-04,6747.8,,,
2022-03-07,6575.65,,,
2022-03-08,6672.7,,,
2022-03-09,6848.4,,,
2022-03-10,6896.35,,,
2022-03-11,6935.0,,,
2022-03-14,6948.3,,,
2022-03-15,6931.5,,,
2022-03-16,7092.2,,,
2022-03-17,7217.1,,,
2022-03-21,7130.4,,,
2022-03-22,7157.3,,,
2022-03-23,7180.0,,,
2022-03-24,7225.85,,,
2022-03-25,7214.95,,,
2022-03-28,7173.75,,,
2022-03-29,7202.2,,,
2022-03-30,7274.05,,,
2022-03-31,7297.6,,,
2022-04-01,7396.25,,,
2022-04-04,7491.5,,,
2022-04-05,7599.55,,,
2022-04-06,7627.65,,,
2022-04-07,7557.45,,,
2022-04-08,7627.8,,,
2022-04-11,7646.1,,,
2022-04-12,7511.0,,,
2022-04-13,7500.0,,,
2022-04-18,7376.0,,,
2022-04-19,7301.7,,,
2022-04-20,7339.3,,,
2022-04-21,7431.0,,,
2022-04-22,7352.25,,,
2022-04-25,7194.25,,,
2022-04-26,7323.85,,,
2022-04-27,7247.15,,,
2022-04-28,7299.7,,,
2022-04-29,7237.95,,,
2022-05-02,7196.3,,,
2022-05-04,7014.3,,,
2022-05-05,7048.25,,,
2022-05-06,6897.65,,,
2022-05-09,6715.9,,,
2022-05-10,6598.15,,,
2022-05-11,6554.3,,,
2022-05-12,6378.6,,,
2022-05-13,6439.75,,,
2022-05-16,6538.8,,,
2022-05-17,6716.95,,,
2022-05-18,6712.6,,,
2022-05-19,6482.7,,,
2022-05-20,6628.7,,,
2022-05-23,6659.2,,,
2022-05-24,6629.35,,,
2022-05-25,6493.35,,,
2022-05-26,6551.9,,,
2022-05-27,6662.0,,,
2022-05-30,6818.0,,,
2022-05-31,6843.2,,,
2022-06-01,6860.85,,,
2022-06-02,6879.05,,,
2022-06-03,6768.3,,,
2022-06-06,6724.85,,,
2022-06-07,6668.55,,,
2022-06-08,6657.35,,,
2022-06-09,6694.4,,,
2022-06-10,6638.75,,,
2022-06-13,6418.6,,,
2022-06-14,6410.1,,,
2022-06-15,6456.5,,,
2022-06-16,6283.45,,,
2022-06-17,6236.1,,,
2022-06-20,6116.65,,,
2022-06-21,6292.8,,,
2022-06-22,6183.55,,,
2022-06-23,6278.9,,,
2022-06-24,6366.35,,,
2022-06-27,6441.1,,,
2022-06-28,6453.85,,,
2022-06-29,6427.5,,,
2022-06-30,6361.2,,,
2022-07-01,6382.9,,,
2022-07-04,6423.0,,,
2022-07-05,6393.45,,,
2022-07-06,6531.85,,,
2022-07-07,6605.1,,,
2022-07-08,6613.7,,,
2022-07-11,6612.05,,,
2022-07-12,6573.25,,,
2022-07-13,6625.45,,,
2022-07-14,6604.4,,,
2022-07-15,6678.25,,,
2022-07-18,6773.55,,,
2022-07-19,6802.5,,,
2022-07-20,6852.4,,,
2022-07-21,6927.0,,,
2022-07-22,6942.55,,,
2022-07-25,6935.1,,,
2022-07-26,6821.2,,,
2022-07-27,6885.0,,,
2022-07-28,6948.6,,,
2022-07-29,7055.6,,,
2022-08-01,7193.2,,,
2022-08-02,7211.0,,,
2022-08-03,7135.9,,,
2022-08-04,7182.2,,,
2022-08-05,7173.4,,,
2022-08-08,7231.1,,,
2022-08-10,7219.1,,,
2022-08-11,7286.95,,,
2022-08-12,7313.45,,,
2022-08-16,7385.9,,,
2022-08-17,7455.2,,,
2022-08-18,7480.9,,,
2022-08-19,7392.9,,,
2022-08-22,7241.85,,,
2022-08-23,7334.55,,,
2022-08-24,7355.65,,,
2022-08-25,7335.95,,,
2022-08-26,7366.55,,,
2022-08-29,7267.75,,,
2022-08-30,7406.8,,,
2022-09-01,7427.0,,,
2022-09-02,7426.85,,,
2022-09-05,7467.5,,,
2022-09-06,7480.65,,,
2022-09-07,7534.55,,,
2022-09-08,7551.05,,,
2022-09-09,7585.7,,,
2022-09-12,7669.15,,,
2022-09-13,7668.6,,,
2022-09-14,7619.0,,,
2022-09-15,7648.15,,,
2022-09-16,7405.7,,,
2022-09-19,7388.75,,,
2022-09-20,7497.3,,,
2022-09-21,7456.75,,,
2022-09-22,7492.6,,,
2022-09-23,7303.2,,,
2022-09-26,7082.4,,,
2022-09-27,7072.0,,,
2022-09-28,7042.2,,,
2022-09-29,7068.65,,,
2022-09-30,7205.1,,,
2022-10-03,7095.7,,,
2022-10-04,7323.35,,,
2022-10-06,7435.25,,,
2022-10-07,7408.2,,,
2022-10-10,7331.75,,,
2022-10-11,7217.55,,,
2022-10-12,7271.35,,,
2022-10-13,7203.95,,,
2022-10-14,7191.85,,,
2022-10-17,7238.65,,,
2022-10-18,7344.65,,,
2022-10-19,7370.65,,,
2022-10-20,7318.7,,,
2022-10-21,7251.4,,,
2022-10-24,7279.95,,,
2022-10-25,7286.7,,,
2022-10-27,7334.75,,,
2022-10-28,7287.1,,,
2022-10-31,7416.1,,,
2022-11-01,7495.05,,,
2022-11-02,7489.05,,,
2022-11-03,7487.65,,,
2022-11-04,7445.95,,,
2022-11-07,7515.8,,,
2022-11-09,7427.8,,,
2022-11-10,7341.05,,,
2022-11-11,7331.6,,,
2022-11-14,7324.45,,,
2022-11-15,7320.95,,,
2022-11-16,7255.5,,,
2022-11-17,7234.75,,,
2022-11-18,7184.05,,,
2022-11-21,7173.15,,,
2022-11-22,7230.15,,,
2022-11-23,7250.9,,,
2022-11-24,7279.9,,,
2022-11-25,7337.05,,,
2022-11-28,7376.05,,,
2022-11-29,7304.2,,,
2022-11-30,7396.5,,,
2022-12-01,7448.35,,,
2022-12-02,7491.1,,,
2022-12-05,7483.9,,,
2022-12-06,7457.05,,,
2022-12-07,7411.05,,,
2022-12-08,7432.55,,,
2022-12-09,7394.9,,,
2022-12-12,7415.8,,,
2022-12-13,7415.4,,,
2022-12-14,7491.2,,,
2022-12-15,7420.85,,,
2022-12-16,7298.4,,,
2022-12-19,7344.35,,,
2022-12-20,7325.3,,,
2022-12-21,7214.9,,,
2022-12-22,7160.95,,,
2022-12-23,6929.5,,,
2022-12-26,7082.55,,,
2022-12-27,7158.25,,,
2022-12-28,7173.2,,,
2022-12-29,7148.5,,,
2022-12-30,7180.95,,,
2023-01-02,7212.65,,,
2023-01-03,7212.2,,,
2023-01-04,7120.45,,,
2023-01-05,7164.05,,,
2023-01-06,7120.5,,,
2023-01-09,7167.0,,,
2023-01-10,7131.85,,,
2023-01-11,7106.8,,,
2023-01-12,7074.9,,,
2023-01-13,7054.4,,,
2023-01-16,7000.85,,,
2023-01-17,6993.65,,,
2023-01-18,7039.8,,,
2023-01-19,7043.3,,,
2023-01-20,6974.75,,,
2023-01-23,7052.45,,,
2023-01-24,7022.4,,,
2023-01-25,6932.75,,,
2023-01-27,6807.6,,,
2023-01-30,6819.35,,,
2023-01-31,6932.7,,,
2023-02-01,6934.15,,,
2023-02-02,6937.45,,,
2023-02-03,6952.7,,,
2023-02-06,6993.65,,,
2023-02-07,6982.9,,,
2023-02-08,7037.3,,,
2023-02-09,7058.9,,,
2023-02-10,7087.6,,,
2023-02-13,6981.0,,,
2023-02-14,6971.5,,,
2023-02-15,7004.1,,,
2023-02-16,7058.25,,,
2023-02-17,6992.85,,,
2023-02-20,6999.1,,,
2023-02-21,6963.7,,,
2023-02-22,6873.1,,,
2023-02-23,6839.8,,,
2023-02-24,6822.7,,,
2023-02-27,6756.95,,,
2023-02-28,6789.85,,,
2023-03-01,6872.7,,,
2023-03-02,6864.35,,,
2023-03-03,6915.3,,,
2023-03-06,6954.35,,,
2023-03-08,6996.45,,,
2023-03-09,6935.8,,,
2023-03-10,6904.25,,,
2023-03-13,6768.55,,,
2023-03-14,6738.65,,,
2023-03-15,6719.75,,,
2023-03-16,6780.15,,,
2023-03-17,6820.35,,,
2023-03-20,6755.05,,,
2023-03-21,6784.7,,,
2023-03-22,6797.85,,,
2023-03-23,6763.4,,,
2023-03-24,6677.4,,,
2023-03-27,6651.9,,,
2023-03-28,6622.35,,,
2023-03-29,6739.5,,,
2023-03-31,6816.35,,,
2023-04-03,6817.35,,,
2023-04-05,6783.25,,,
2023-04-06,6839.15,,,
2023-04-10,6862.85,,,
2023-04-11,6885.8,,,
2023-04-12,6936.4,,,
2023-04-13,6994.95,,,
2023-04-17,7014.8,,,
2023-04-18,7082.6,,,
2023-04-19,7083.6,,,
2023-04-20,7100.4,,,
2023-04-21,7065.75,,,
2023-04-24,7116.15,,,
2023-04-25,7152.55,,,
2023-04-26,7163.35,,,
2023-04-27,7180.3,,,
2023-04-28,7232.55,,,
2023-05-02,7327.7,,,
2023-05-03,7339.55,,,
2023-05-04,7384.35,,,
2023-05-05,7323.4,,,
2023-05-08,7435.15,,,
2023-05-09,7438.4,,,
2023-05-10,7449.6,,,
2023-05-11,7463.5,,,
2023-05-12,7432.6,,,
2023-05-15,7489.45,,,
2023-05-16,7527.05,,,
2023-05-17,7534.6,,,
2023-05-18,7476.55,,,
2023-05-19,7479.65,,,
2023-05-22,7542.1,,,
2023-05-23,7606.85,,,
2023-05-24,7593.0,,,
2023-05-25,7657.85,,,
2023-05-26,7740.45,,,
2023-05-29,7759.6,,,
2023-05-30,7778.0,,,
2023-05-31,7804.7,,,
2023-06-01,7819.25,,,
2023-06-02,7872.5,,,
2023-06-05,7855.45,,,
2023-06-06,7858.4,,,
2023-06-07,7921.7,,,
2023-06-08,7844.85,,,
2023-06-09,7832.25,,,
2023-06-12,7890.6,,,
2023-06-13,7997.3,,,
2023-06-14,8002.0,,,
2023-06-15,7998.6,,,
2023-06-16,8071.85,,,
2023-06-19,8082.45,,,
2023-06-20,8142.8,,,
2023-06-21,8179.6,,,
2023-06-22,8080.4,,,
2023-06-23,8001.4,,,
2023-06-26,8070.05,,,
2023-06-27,8098.4,,,
2023-06-28,8155.9,,,
2023-06-30,8229.8,,,
2023-07-03,8229.55,,,
2023-07-04,8210.55,,,
2023-07-05,8273.3,,,
2023-07-06,8349.1,,,
2023-07-07,8247.0,,,
2023-07-10,8201.95,,,
2023-07-11,8271.25,,,
2023-07-12,8310.75,,,
2023-07-13,8221.15,,,
2023-07-14,8346.5,,,
2023-07-17,8345.75,,,
2023-07-18,8355.45,,,
2023-07-19,8438.1,,,
2023-07-20,8441.5,,,
2023-07-21,8444.75,,,
2023-07-24,8398.0,,,
2023-07-25,8426.85,,,
2023-07-26,8447.65,,,
2023-07-27,8454.45,,,
2023-07-28,8479.3,,,
2023-07-31,8608.1,,,
2023-08-01,8589.15,,,
2023-08-02,8489.05,,,
2023-08-03,8501.0,,,
2023-08-04,8571.7,,,
2023-08-07,8564.25,,,
2023-08-08,8566.45,,,
2023-08-09,8617.75,,,
2023-08-10,8600.15,,,
2023-08-11,8576.15,,,
2023-08-14,8581.95,,,
2023-08-16,8577.75,,,
2023-08-17,8601.4,,,
2023-08-18,8570.35,,,
2023-08-21,8627.75,,,
2023-08-22,8715.55,,,
2023-08-23,8784.4,,,
2023-08-24,8810.7,,,
2023-08-25,8723.7,,,
2023-08-28,8752.7,,,
2023-08-29,8794.7,,,
2023-08-30,8877.9,,,
2023-08-31,8887.2,,,
2023-09-01,8925.55,,,
2023-09-04,8954.2,,,
2023-09-05,9049.3,,,
2023-09-06,9068.25,,,
2023-09-07,9066.7,,,
2023-09-08,9140.2,,,
2023-09-11,9199.65,,,
2023-09-12,8971.0,,,
2023-09-13,9020.9,,,
2023-09-14,9128.5,,,
2023-09-15,9182.65,,,
2023-09-18,9148.45,,,
2023-09-20,9150.9,,,
2023-09-21,9076.35,,,
2023-09-22,9058.65,,,
2023-09-25,9188.1,,,
2023-09-26,9149.1,,,
2023-09-27,9189.2,,,
2023-09-28,9014.7,,,
2023-09-29,9105.35,,,
2023-10-03,9101.35,,,
2023-10-04,9014.9,,,
2023-10-05,9037.55,,,
2023-10-06,9127.3,,,
2023-10-09,9023.85,,,
2023-10-10,9126.3,,,
2023-10-11,9144.7,,,
2023-10-12,9154.25,,,
2023-10-13,9140.9,,,
2023-10-16,9156.95,,,
2023-10-17,9176.65,,,
2023-10-18,9084.4,,,
2023-10-19,9065.5,,,
2023-10-20,8944.55,,,
2023-10-23,8847.3,,,
2023-10-25,8787.0,,,
2023-10-26,8631.45,,,
2023-10-27,8738.0,,,
2023-10-30,8718.25,,,
2023-10-31,8743.65,,,
2023-11-01,8728.35,,,
2023-11-02,8833.05,,,
2023-11-03,8896.65,,,
2023-11-06,8963.75,,,
2023-11-07,8984.6,,,
2023-11-08,9074.65,,,
2023-11-09,9123.25,,,
2023-11-10,9197.25,,,
2023-11-12,9250.35,,,
2023-11-13,9245.45,,,
2023-11-15,9347.1,,,
2023-11-16,9452.95,,,
2023-11-17,9457.4,,,
2023-11-20,9463.6,,,
2023-11-21,9479.5,,,
2023-11-22,9492.2,,,
2023-11-23,9505.45,,,
2023-11-24,9495.25,,,
2023-11-28,9549.0,,,
2023-11-29,9624.45,,,
2023-11-30,9684.0,,,
2023-12-01,9767.6,,,
2023-12-04,9884.05,,,
2023-12-05,9921.35,,,
2023-12-06,9927.9,,,
2023-12-07,9974.9,,,
2023-12-08,9974.75,,,
2023-12-11,10016.55,,,
2023-12-12,9978.5,,,
2023-12-13,10092.2,,,
2023-12-14,10261.25,,,
2023-12-15,10307.2,,,
2023-12-18,10296.2,,,
2023-12-19,10269.7,,,
2023-12-20,10020.6,,,
2023-12-21,10169.5,,,
2023-12-22,10252.35,,,
2023-12-26,10287.2,,,
2023-12-27,10296.4,,,
2023-12-28,10380.0,,,
2023-12-29,10397.55,,,
2024-01-01,10415.05,,,
2024-01-02,10358.75,,,
2024-01-03,10379.25,,,
2024-01-04,10552.8,,,
2024-01-05,10562.85,,,
2024-01-08,10441.8,,,
2024-01-09,10422.45,,,
2024-01-10,10432.9,,,
2024-01-11,10457.5,,,
2024-01-12,10542.4,,,
2024-01-15,10646.95,,,
2024-01-16,10560.95,,,
2024-01-17,10431.0,,,
2024-01-18,10449.9,,,
2024-01-19,10605.4,,,
2024-01-20,10622.0,,,
2024-01-23,10353.85,,,
2024-01-24,10568.25,,,
2024-01-25,10415.95,,,
2024-01-29,10678.15,,,
2024-01-30,10602.6,,,
2024-01-31,10701.95,,,
2024-02-01,10631.55,,,
2024-02-02,10728.75,,,
2024-02-05,10741.35,,,
2024-02-06,10802.0,,,
2024-02-07,10854.75,,,
2024-02-08,10846.0,,,
2024-02-09,10746.75,,,
2024-02-12,10671.05,,,
2024-02-13,10679.15,,,
2024-02-14,10763.9,,,
2024-02-15,10901.0,,,
2024-02-16,11021.3,,,
2024-02-19,11021.2,,,
2024-02-20,10981.05,,,
2024-02-21,10863.95,,,
2024-02-22,10980.1,,,
2024-02-23,11066.55,,,
2024-02-26,11004.35,,,
2024-02-27,11005.45,,,
2024-02-28,10751.15,,,
2024-02-29,10826.55,,,
2024-03-01,10908.9,,,
2024-03-02,10966.95,,,
