Date,Close,Unnamed: 5,Unnamed: 6
2005-04-01,1000.0,,
2005-04-04,1015.88,,
2005-04-05,1012.58,,
2005-04-06,1026.82,,
2005-04-07,1021.33,,
2005-04-08,1013.41,,
2005-04-11,1001.53,,
2005-04-12,1008.69,,
2005-04-13,1011.14,,
2005-04-15,986.24,,
2005-04-18,973.17,,
2005-04-19,976.36,,
2005-04-20,987.08,,
2005-04-21,1004.6,,
2005-04-22,1024.86,,
2005-04-25,1028.71,,
2005-04-26,1024.31,,
2005-04-27,1010.7,,
2005-04-28,1007.19,,
2005-04-29,992.08,,
2005-05-02,982.33,,
2005-05-03,985.89,,
2005-05-04,995.81,,
2005-05-05,1002.55,,
2005-05-06,1005.76,,
2005-05-09,1021.11,,
2005-05-10,1016.86,,
2005-05-11,1019.8,,
2005-05-12,1029.85,,
2005-05-13,1036.56,,
2005-05-16,1049.07,,
2005-05-17,1039.45,,
2005-05-18,1046.93,,
2005-05-19,1052.17,,
2005-05-20,1045.23,,
2005-05-23,1052.92,,
2005-05-24,1058.19,,
2005-05-25,1061.85,,
2005-05-26,1060.89,,
2005-05-27,1055.21,,
2005-05-30,1047.43,,
2005-05-31,1052.85,,
2005-06-01,1059.04,,
2005-06-02,1050.59,,
2005-06-03,1056.21,,
2005-06-04,1056.53,,
2005-06-06,1057.77,,
2005-06-07,1058.31,,
2005-06-08,1057.31,,
2005-06-09,1062.01,,
2005-06-10,1059.21,,
2005-06-13,1058.05,,
2005-06-14,1061.73,,
2005-06-15,1067.2,,
2005-06-16,1052.9,,
2005-06-17,1036.09,,
2005-06-20,1028.16,,
2005-06-21,1031.3,,
2005-06-22,1031.4,,
2005-06-23,1036.29,,
2005-06-24,1047.19,,
2005-06-27,1043.0,,
2005-06-28,1024.8,,
2005-06-29,1035.07,,
2005-06-30,1035.33,,
2005-07-01,1050.11,,
2005-07-04,1068.31,,
2005-07-05,1067.85,,
2005-07-06,1087.43,,
2005-07-07,1073.51,,
2005-07-08,1090.09,,
2005-07-11,1103.16,,
2005-07-12,1103.3,,
2005-07-13,1112.33,,
2005-07-14,1115.85,,
2005-07-15,1126.44,,
2005-07-18,1152.83,,
2005-07-19,1166.9,,
2005-07-20,1164.78,,
2005-07-21,1163.88,,
2005-07-22,1176.85,,
2005-07-25,1181.06,,
2005-07-26,1178.11,,
2005-07-27,1182.36,,
2005-07-29,1178.96,,
2005-08-01,1191.13,,
2005-08-02,1218.51,,
2005-08-03,1220.89,,
2005-08-04,1225.5,,
2005-08-05,1239.68,,
2005-08-08,1229.29,,
2005-08-09,1222.59,,
2005-08-10,1253.73,,
2005-08-11,1280.29,,
2005-08-12,1284.83,,
2005-08-16,1292.61,,
2005-08-17,1306.08,,
2005-08-18,1307.31,,
2005-08-19,1303.04,,
2005-08-22,1303.87,,
2005-08-23,1272.07,,
2005-08-24,1247.99,,
2005-08-25,1260.68,,
2005-08-26,1291.58,,
2005-08-29,1288.51,,
2005-08-30,1309.72,,
2005-08-31,1317.4,,
2005-09-01,1338.4,,
2005-09-02,1341.62,,
2005-09-05,1342.84,,
2005-09-06,1347.31,,
2005-09-08,1359.97,,
2005-09-09,1360.47,,
2005-09-12,1373.04,,
2005-09-13,1384.31,,
2005-09-14,1376.23,,
2005-09-15,1395.92,,
2005-09-16,1404.07,,
2005-09-19,1439.46,,
2005-09-20,1427.4,,
2005-09-21,1393.49,,
2005-09-22,1326.56,,
2005-09-23,1339.32,,
2005-09-26,1384.93,,
2005-09-27,1413.02,,
2005-09-28,1438.04,,
2005-09-29,1440.76,,
2005-09-30,1428.64,,
2005-10-03,1434.06,,
2005-10-04,1439.94,,
2005-10-05,1442.17,,
2005-10-06,1425.14,,
2005-10-07,1419.4,,
2005-10-10,1414.63,,
2005-10-11,1404.89,,
2005-10-13,1392.33,,
2005-10-14,1358.44,,
2005-10-17,1344.86,,
2005-10-18,1340.56,,
2005-10-19,1300.91,,
2005-10-20,1271.79,,
2005-10-21,1297.97,,
2005-10-24,1302.43,,
2005-10-25,1297.74,,
2005-10-26,1292.18,,
2005-10-27,1270.82,,
2005-10-28,1251.91,,
2005-10-31,1285.1,,
2005-11-01,1303.89,,
2005-11-02,1312.8,,
2005-11-07,1339.99,,
2005-11-08,1362.04,,
2005-11-09,1368.89,,
2005-11-10,1366.89,,
2005-11-11,1387.79,,
2005-11-14,1392.4,,
2005-11-16,1396.77,,
2005-11-17,1397.58,,
2005-11-18,1402.22,,
2005-11-21,1394.87,,
2005-11-22,1386.89,,
2005-11-23,1394.03,,
2005-11-24,1399.31,,
2005-11-25,1408.69,,
2005-11-26,1432.38,,
2005-11-28,1450.75,,
2005-11-29,1443.37,,
2005-11-30,1441.76,,
2005-12-01,1461.72,,
2005-12-02,1482.08,,
2005-12-05,1475.68,,
2005-12-06,1474.96,,
2005-12-07,1484.56,,
2005-12-08,1490.88,,
2005-12-09,1511.04,,
2005-12-12,1525.18,,
2005-12-13,1539.82,,
2005-12-14,1527.8,,
2005-12-15,1509.15,,
2005-12-16,1513.79,,
2005-12-19,1529.2,,
2005-12-20,1521.25,,
2005-12-21,1529.07,,
2005-12-22,1531.78,,
2005-12-23,1528.49,,
2005-12-26,1500.41,,
2005-12-27,1524.96,,
2005-12-28,1529.4,,
2005-12-29,1543.0,,
2005-12-30,1562.85,,
2006-01-02,1587.3,,
2006-01-03,1610.61,,
2006-01-04,1617.32,,
2006-01-05,1615.69,,
2006-01-06,1635.77,,
2006-01-09,1653.75,,
2006-01-10,1644.48,,
2006-01-12,1634.75,,
2006-01-13,1644.1,,
2006-01-16,1636.24,,
2006-01-17,1630.5,,
2006-01-18,1623.73,,
2006-01-19,1656.9,,
2006-01-20,1682.8,,
2006-01-23,1688.42,,
2006-01-24,1697.41,,
2006-01-25,1699.75,,
2006-01-27,1744.94,,
2006-01-30,1723.57,,
2006-01-31,1720.15,,
2006-02-01,1701.94,,
2006-02-02,1697.62,,
2006-02-03,1701.29,,
2006-02-06,1725.06,,
2006-02-07,1749.1,,
2006-02-08,1743.2,,
2006-02-10,1764.92,,
2006-02-13,1782.35,,
2006-02-14,1774.68,,
2006-02-15,1769.54,,
2006-02-16,1786.47,,
2006-02-17,1769.6,,
2006-02-20,1754.33,,
2006-02-21,1775.03,,
2006-02-22,1774.96,,
2006-02-23,1763.61,,
2006-02-24,1767.04,,
2006-02-27,1782.12,,
2006-02-28,1781.31,,
2006-03-01,1820.15,,
2006-03-02,1850.04,,
2006-03-03,1873.53,,
2006-03-06,1902.63,,
2006-03-07,1925.0,,
2006-03-08,1895.82,,
2006-03-09,1899.19,,
2006-03-10,1931.39,,
2006-03-13,1952.98,,
2006-03-14,1945.1,,
2006-03-16,1955.09,,
2006-03-17,1950.01,,
2006-03-20,1964.83,,
2006-03-21,1975.45,,
2006-03-22,1955.16,,
2006-03-23,1964.38,,
2006-03-24,1985.63,,
2006-03-27,1998.29,,
2006-03-28,1991.79,,
2006-03-29,2005.75,,
2006-03-30,2021.86,,
2006-03-31,2043.11,,
2006-04-03,2090.92,,
2006-04-04,2103.76,,
2006-04-05,2118.22,,
2006-04-07,2096.91,,
2006-04-10,2108.08,,
2006-04-12,2070.1,,
2006-04-13,2035.47,,
2006-04-17,2057.81,,
2006-04-18,2075.99,,
2006-04-19,2084.54,,
2006-04-20,2100.67,,
2006-04-21,2108.62,,
2006-04-24,2114.63,,
2006-04-25,2092.52,,
2006-04-26,2119.6,,
2006-04-27,2126.46,,
2006-04-28,2120.54,,
2006-04-29,2159.86,,
2006-05-02,2164.43,,
2006-05-03,2154.87,,
2006-05-04,2150.47,,
2006-05-05,2143.53,,
2006-05-08,2152.51,,
2006-05-09,2152.71,,
2006-05-10,2160.84,,
2006-05-11,2149.75,,
2006-05-12,2140.03,,
2006-05-15,2068.8,,
2006-05-16,2051.97,,
2006-05-17,2107.64,,
2006-05-18,1999.57,,
2006-05-19,1912.91,,
2006-05-22,1800.6,,
2006-05-23,1836.53,,
2006-05-24,1820.57,,
2006-05-25,1796.62,,
2006-05-26,1817.92,,
2006-05-29,1836.54,,
2006-05-30,1843.68,,
2006-05-31,1805.51,,
2006-06-01,1746.97,,
2006-06-02,1726.75,,
2006-06-05,1693.69,,
2006-06-06,1624.2,,
2006-06-07,1527.62,,
2006-06-08,1422.52,,
2006-06-09,1495.72,,
2006-06-12,1474.78,,
2006-06-13,1373.63,,
2006-06-14,1322.98,,
2006-06-15,1406.38,,
2006-06-16,1473.16,,
2006-06-19,1511.35,,
2006-06-20,1513.07,,
2006-06-21,1560.11,,
2006-06-22,1596.4,,
2006-06-23,1586.39,,
2006-06-25,1602.14,,
2006-06-26,1535.0,,
2006-06-27,1512.95,,
2006-06-28,1510.71,,
2006-06-29,1514.29,,
2006-06-30,1569.77,,
2006-07-03,1565.92,,
2006-07-04,1562.18,,
2006-07-05,1574.85,,
2006-07-06,1563.78,,
2006-07-07,1534.75,,
2006-07-10,1535.53,,
2006-07-11,1542.97,,
2006-07-12,1553.43,,
2006-07-13,1556.37,,
2006-07-14,1541.54,,
2006-07-17,1508.02,,
2006-07-18,1485.18,,
2006-07-19,1430.26,,
2006-07-20,1454.14,,
2006-07-21,1417.36,,
2006-07-24,1393.13,,
2006-07-25,1426.75,,
2006-07-26,1452.98,,
2006-07-27,1478.92,,
2006-07-28,1499.03,,
2006-07-31,1512.12,,
2006-08-01,1504.09,,
2006-08-02,1520.9,,
2006-08-03,1538.37,,
2006-08-04,1535.74,,
2006-08-07,1536.65,,
2006-08-08,1558.69,,
2006-08-09,1600.24,,
2006-08-10,1627.33,,
2006-08-11,1643.89,,
2006-08-14,1670.8,,
2006-08-16,1690.01,,
2006-08-17,1671.16,,
2006-08-18,1674.08,,
2006-08-21,1687.78,,
2006-08-22,1686.12,,
2006-08-23,1671.19,,
2006-08-24,1674.29,,
2006-08-25,1692.21,,
2006-08-28,1698.79,,
2006-08-29,1695.42,,
2006-08-30,1686.28,,
2006-08-31,1677.01,,
2006-09-01,1695.78,,
2006-09-04,1732.13,,
2006-09-05,1729.23,,
2006-09-06,1740.17,,
2006-09-07,1739.62,,
2006-09-08,1757.48,,
2006-09-11,1699.58,,
2006-09-12,1717.41,,
2006-09-13,1741.57,,
2006-09-14,1746.94,,
2006-09-15,1751.08,,
2006-09-18,1753.19,,
2006-09-19,1737.93,,
2006-09-20,1743.25,,
2006-09-21,1765.0,,
2006-09-22,1762.98,,
2006-09-25,1762.12,,
2006-09-26,1772.75,,
2006-09-27,1782.23,,
2006-09-28,1792.65,,
2006-09-29,1821.74,,
2006-10-03,1820.97,,
2006-10-04,1820.17,,
2006-10-05,1855.78,,
2006-10-06,1873.38,,
2006-10-09,1876.31,,
2006-10-10,1861.32,,
2006-10-11,1840.79,,
2006-10-12,1853.08,,
2006-10-13,1865.25,,
2006-10-16,1869.54,,
2006-10-17,1858.17,,
2006-10-18,1855.02,,
2006-10-19,1855.91,,
2006-10-20,1875.94,,
2006-10-21,1895.48,,
2006-10-23,1889.14,,
2006-10-26,1905.31,,
2006-10-27,1928.91,,
2006-10-30,1941.9,,
2006-10-31,1936.17,,
2006-11-01,1945.0,,
2006-11-02,1959.26,,
2006-11-03,1965.05,,
2006-11-06,2004.63,,
2006-11-07,2014.54,,
2006-11-08,1978.87,,
2006-11-09,1986.83,,
2006-11-10,2003.83,,
2006-11-13,2036.37,,
2006-11-14,2017.36,,
2006-11-15,2012.13,,
2006-11-16,2024.81,,
2006-11-17,1984.25,,
2006-11-20,1964.19,,
2006-11-21,2007.92,,
2006-11-22,2044.47,,
2006-11-23,2067.65,,
2006-11-24,2087.9,,
2006-11-27,2107.4,,
2006-11-28,2100.08,,
2006-11-29,2128.06,,
2006-11-30,2104.77,,
2006-12-01,2131.31,,
2006-12-04,2154.91,,
2006-12-05,2160.01,,
2006-12-06,2149.25,,
2006-12-07,2151.67,,
2006-12-08,2139.39,,
2006-12-11,2088.28,,
2006-12-12,2001.63,,
2006-12-13,2047.87,,
2006-12-14,2105.27,,
2006-12-15,2126.79,,
2006-12-18,2121.1,,
2006-12-19,2083.96,,
2006-12-20,2068.94,,
2006-12-21,2083.38,,
2006-12-22,2106.73,,
2006-12-26,2134.22,,
2006-12-27,2160.48,,
2006-12-28,2150.45,,
2006-12-29,2176.14,,
2007-01-02,2220.71,,
2007-01-03,2236.49,,
2007-01-04,2244.86,,
2007-01-05,2242.33,,
2007-01-08,2224.29,,
2007-01-09,2217.35,,
2007-01-10,2183.4,,
2007-01-11,2206.49,,
2007-01-12,2233.82,,
2007-01-15,2246.55,,
2007-01-16,2249.09,,
2007-01-17,2263.9,,
2007-01-18,2257.46,,
2007-01-19,2241.97,,
2007-01-22,2240.14,,
2007-01-23,2196.98,,
2007-01-24,2203.21,,
2007-01-25,2226.17,,
2007-01-29,2217.44,,
2007-01-31,2202.68,,
2007-02-01,2224.77,,
2007-02-02,2232.47,,
2007-02-05,2245.56,,
2007-02-06,2261.9,,
2007-02-07,2259.29,,
2007-02-08,2248.21,,
2007-02-09,2199.15,,
2007-02-12,2114.24,,
2007-02-13,2104.02,,
2007-02-14,2101.29,,
2007-02-15,2159.81,,
2007-02-19,2151.09,,
2007-02-20,2127.13,,
2007-02-21,2138.26,,
2007-02-22,2108.55,,
2007-02-23,2054.17,,
2007-02-26,2065.26,,
2007-02-27,2073.15,,
2007-02-28,2000.35,,
2007-03-01,2006.01,,
2007-03-02,1990.61,,
2007-03-05,1880.46,,
2007-03-06,1875.56,,
2007-03-07,1833.15,,
2007-03-08,1891.57,,
2007-03-09,1884.2,,
2007-03-12,1904.76,,
2007-03-13,1927.76,,
2007-03-14,1889.89,,
2007-03-15,1900.64,,
2007-03-16,1881.01,,
2007-03-19,1898.71,,
2007-03-20,1915.76,,
2007-03-21,1920.5,,
2007-03-22,1941.65,,
2007-03-23,1957.61,,
2007-03-26,1951.52,,
2007-03-28,1924.7,,
2007-03-29,1938.07,,
2007-03-30,1966.08,,
2007-04-02,1890.97,,
2007-04-03,1902.77,,
2007-04-04,1917.72,,
2007-04-05,1931.61,,
2007-04-09,1970.88,,
2007-04-10,1994.19,,
2007-04-11,2021.59,,
2007-04-12,2014.99,,
2007-04-13,2054.16,,
2007-04-16,2083.79,,
2007-04-17,2066.89,,
2007-04-18,2066.66,,
2007-04-19,2064.64,,
2007-04-20,2084.56,,
2007-04-23,2097.03,,
2007-04-24,2114.92,,
2007-04-25,2140.77,,
2007-04-26,2143.61,,
2007-04-27,2116.24,,
2007-04-30,2139.72,,
2007-05-03,2157.13,,
2007-05-04,2143.46,,
2007-05-07,2136.6,,
2007-05-08,2109.98,,
2007-05-09,2118.41,,
2007-05-10,2125.25,,
2007-05-11,2132.17,,
2007-05-14,2162.15,,
2007-05-15,2171.15,,
2007-05-16,2200.27,,
2007-05-17,2226.21,,
2007-05-18,2226.58,,
2007-05-21,2235.61,,
2007-05-22,2245.23,,
2007-05-23,2239.56,,
2007-05-24,2228.02,,
2007-05-25,2233.44,,
2007-05-28,2251.21,,
2007-05-29,2266.93,,
2007-05-30,2248.19,,
2007-05-31,2264.46,,
2007-06-01,2292.58,,
2007-06-04,2285.39,,
2007-06-05,2291.68,,
2007-06-06,2253.43,,
2007-06-07,2252.58,,
2007-06-08,2241.26,,
2007-06-11,2244.02,,
2007-06-12,2228.1,,
2007-06-13,2215.74,,
2007-06-14,2249.91,,
2007-06-15,2252.98,,
2007-06-18,2252.61,,
2007-06-19,2290.02,,
2007-06-20,2321.26,,
2007-06-21,2335.42,,
2007-06-22,2343.19,,
2007-06-25,2358.83,,
2007-06-26,2379.54,,
2007-06-27,2380.71,,
2007-06-28,2397.88,,
2007-06-29,2417.45,,
2007-07-02,2436.52,,
2007-07-03,2457.31,,
2007-07-04,2476.25,,
2007-07-05,2463.49,,
2007-07-06,2479.15,,
2007-07-09,2504.13,,
2007-07-10,2489.09,,
2007-07-11,2498.91,,
2007-07-12,2536.46,,
2007-07-13,2553.58,,
2007-07-16,2563.56,,
2007-07-17,2544.44,,
2007-07-18,2543.57,,
2007-07-19,2572.18,,
2007-07-20,2582.94,,
2007-07-23,2583.91,,
2007-07-24,2574.74,,
2007-07-25,2552.3,,
2007-07-26,2551.49,,
2007-07-27,2483.43,,
2007-07-30,2503.5,,
2007-07-31,2541.26,,
2007-08-01,2438.67,,
2007-08-02,2470.62,,
2007-08-03,2508.21,,
2007-08-06,2472.28,,
2007-08-07,2479.0,,
2007-08-08,2497.96,,
2007-08-09,2448.69,,
2007-08-10,2432.16,,
2007-08-13,2445.68,,
2007-08-14,2440.26,,
2007-08-16,2353.06,,
2007-08-17,2312.97,,
2007-08-20,2346.29,,
2007-08-21,2256.98,,
2007-08-22,2264.85,,
2007-08-23,2244.32,,
2007-08-24,2290.79,,
2007-08-27,2365.86,,
2007-08-28,2389.63,,
2007-08-29,2409.69,,
2007-08-30,2417.32,,
2007-08-31,2457.28,,
2007-09-03,2506.4,,
2007-09-04,2536.88,,
2007-09-05,2545.46,,
2007-09-06,2573.99,,
2007-09-07,2572.26,,
2007-09-10,2572.32,,
2007-09-11,2566.85,,
2007-09-12,2569.52,,
2007-09-13,2598.47,,
2007-09-14,2586.5,,
2007-09-17,2601.72,,
2007-09-18,2637.42,,
2007-09-19,2678.12,,
2007-09-20,2696.6,,
2007-09-21,2698.3,,
2007-09-24,2787.74,,
2007-09-25,2816.37,,
2007-09-26,2803.17,,
2007-09-27,2783.79,,
2007-09-28,2865.44,,
2007-10-01,2926.5,,
2007-10-03,2938.12,,
2007-10-04,2948.13,,
2007-10-05,2916.54,,
2007-10-08,2779.15,,
2007-10-09,2895.42,,
2007-10-10,2925.92,,
2007-10-11,2983.23,,
2007-10-12,2952.21,,
2007-10-15,3066.99,,
2007-10-16,3105.63,,
2007-10-17,3009.68,,
2007-10-18,2915.0,,
2007-10-19,2806.14,,
2007-10-22,2829.06,,
2007-10-23,3001.39,,
2007-10-24,3076.83,,
2007-10-25,3104.93,,
2007-10-26,3196.83,,
2007-10-29,3285.78,,
2007-10-30,3256.05,,
2007-10-31,3287.5,,
2007-11-01,3248.27,,
2007-11-02,3290.6,,
2007-11-05,3398.43,,
2007-11-06,3345.72,,
2007-11-07,3320.67,,
2007-11-08,3281.15,,
2007-11-09,3289.05,,
2007-11-12,3255.2,,
2007-11-13,3353.5,,
2007-11-14,3443.86,,
2007-11-15,3508.5,,
2007-11-16,3529.4,,
2007-11-19,3623.02,,
2007-11-20,3585.34,,
2007-11-21,3375.75,,
2007-11-22,3325.67,,
2007-11-23,3415.85,,
2007-11-26,3478.69,,
2007-11-27,3453.49,,
2007-11-28,3419.95,,
2007-11-29,3408.87,,
2007-11-30,3525.39,,
2007-12-03,3628.52,,
2007-12-04,3690.62,,
2007-12-05,3739.24,,
2007-12-06,3724.84,,
2007-12-07,3708.81,,
2007-12-10,3725.65,,
2007-12-11,3752.25,,
2007-12-12,3812.08,,
2007-12-13,3855.89,,
2007-12-14,3883.99,,
2007-12-17,3681.0,,
2007-12-18,3667.54,,
2007-12-19,3670.35,,
2007-12-20,3646.09,,
2007-12-24,3744.18,,
2007-12-26,3818.03,,
2007-12-27,3839.53,,
2007-12-28,3934.55,,
2007-12-31,4019.91,,
2008-01-01,4123.76,,
2008-01-02,4234.48,,
2008-01-03,4250.59,,
2008-01-04,4243.83,,
2008-01-07,4257.46,,
2008-01-08,4170.12,,
2008-01-09,4107.82,,
2008-01-10,3959.94,,
2008-01-11,3957.88,,
2008-01-14,4018.61,,
2008-01-15,4008.33,,
2008-01-16,3966.87,,
2008-01-17,3972.15,,
2008-01-18,3762.89,,
2008-01-21,3316.52,,
2008-01-22,2978.92,,
2008-01-23,3221.82,,
2008-01-24,3071.72,,
2008-01-25,3298.6,,
2008-01-28,3291.26,,
2008-01-29,3287.05,,
2008-01-30,3196.19,,
2008-01-31,3137.5,,
2008-02-01,3166.88,,
2008-02-04,3289.57,,
2008-02-05,3325.06,,
2008-02-06,3291.94,,
2008-02-07,3193.73,,
2008-02-08,3118.71,,
2008-02-11,2928.02,,
2008-02-12,2882.57,,
2008-02-13,2879.02,,
2008-02-14,3042.2,,
2008-02-15,3109.17,,
2008-02-18,3106.89,,
2008-02-19,3129.44,,
2008-02-20,3044.66,,
2008-02-21,3074.53,,
2008-02-22,3051.13,,
2008-02-25,3062.63,,
2008-02-26,3077.18,,
2008-02-27,3069.41,,
2008-02-28,3060.6,,
2008-02-29,3043.46,,
2008-03-03,2905.79,,
2008-03-04,2839.66,,
2008-03-05,2797.21,,
2008-03-07,2651.76,,
2008-03-10,2639.7,,
2008-03-11,2743.23,,
2008-03-12,2733.3,,
2008-03-13,2544.7,,
2008-03-14,2562.34,,
2008-03-17,2365.73,,
2008-03-18,2301.0,,
2008-03-19,2272.01,,
2008-03-24,2210.97,,
2008-03-25,2387.88,,
2008-03-26,2423.38,,
2008-03-27,2415.24,,
2008-03-28,2517.45,,
2008-03-31,2463.02,,
2008-04-01,2423.92,,
2008-04-02,2443.39,,
2008-04-03,2429.05,,
2008-04-04,2381.46,,
2008-04-07,2405.99,,
2008-04-08,2421.91,,
2008-04-09,2457.37,,
2008-04-10,2482.84,,
2008-04-11,2513.7,,
2008-04-15,2548.74,,
2008-04-16,2591.73,,
2008-04-17,2655.6,,
2008-04-21,2711.76,,
2008-04-22,2748.77,,
2008-04-23,2763.25,,
2008-04-24,2728.86,,
2008-04-25,2762.08,,
2008-04-28,2776.62,,
2008-04-29,2802.29,,
2008-04-30,2810.86,,
2008-05-02,2860.92,,
2008-05-05,2896.2,,
2008-05-06,2843.82,,
2008-05-07,2825.65,,
2008-05-08,2798.04,,
2008-05-09,2718.56,,
2008-05-12,2705.22,,
2008-05-13,2701.93,,
2008-05-14,2734.17,,
2008-05-15,2773.89,,
2008-05-16,2792.37,,
2008-05-20,2771.72,,
2008-05-21,2802.03,,
2008-05-22,2748.56,,
2008-05-23,2706.36,,
2008-05-26,2626.66,,
2008-05-27,2594.37,,
2008-05-28,2628.57,,
2008-05-29,2635.6,,
2008-05-30,2644.3,,
2008-06-02,2574.47,,
2008-06-03,2574.18,,
2008-06-04,2479.18,,
2008-06-05,2470.99,,
2008-06-06,2453.92,,
2008-06-09,2379.01,,
2008-06-10,2346.58,,
2008-06-11,2365.84,,
2008-06-12,2372.76,,
2008-06-13,2388.98,,
2008-06-16,2415.51,,
2008-06-17,2466.45,,
2008-06-18,2453.03,,
2008-06-19,2380.16,,
2008-06-20,2289.46,,
2008-06-23,2179.82,,
2008-06-24,2128.29,,
2008-06-25,2136.21,,
2008-06-26,2141.35,,
2008-06-27,2067.65,,
2008-06-30,1994.08,,
2008-07-01,1890.32,,
2008-07-02,1998.33,,
2008-07-03,1925.94,,
2008-07-04,1968.72,,
2008-07-07,1997.5,,
2008-07-08,1998.42,,
2008-07-09,2076.74,,
2008-07-10,2089.73,,
2008-07-11,2038.11,,
2008-07-14,2041.86,,
2008-07-15,1957.68,,
2008-07-16,1908.56,,
2008-07-17,1938.68,,
2008-07-18,1967.87,,
2008-07-21,1978.82,,
2008-07-22,2033.29,,
2008-07-23,2181.16,,
2008-07-24,2182.06,,
2008-07-25,2171.36,,
2008-07-28,2189.79,,
2008-07-29,2122.68,,
2008-07-30,2167.71,,
2008-07-31,2170.14,,
2008-08-01,2226.64,,
2008-08-04,2269.24,,
2008-08-05,2287.16,,
2008-08-06,2270.67,,
2008-08-07,2270.08,,
2008-08-08,2302.29,,
2008-08-11,2356.09,,
2008-08-12,2326.33,,
2008-08-13,2320.02,,
2008-08-14,2268.67,,
2008-08-18,2241.99,,
2008-08-19,2216.63,,
2008-08-20,2250.54,,
2008-08-21,2199.8,,
2008-08-22,2207.33,,
2008-08-25,2217.42,,
2008-08-26,2214.54,,
2008-08-27,2187.59,,
2008-08-28,2164.5,,
2008-08-29,2219.76,,
2008-09-01,2231.24,,
2008-09-02,2263.55,,
2008-09-04,2250.03,,
2008-09-05,2205.11,,
2008-09-08,2236.26,,
2008-09-09,2220.42,,
2008-09-10,2192.26,,
2008-09-11,2170.24,,
2008-09-12,2134.42,,
2008-09-15,2044.99,,
2008-09-16,2010.84,,
2008-09-17,1976.74,,
2008-09-18,1969.56,,
2008-09-19,2040.78,,
2008-09-22,2040.41,,
2008-09-23,1992.24,,
2008-09-24,1996.36,,
2008-09-25,1984.73,,
2008-09-26,1920.22,,
2008-09-29,1842.8,,
2008-09-30,1868.98,,
2008-10-01,1875.51,,
2008-10-03,1826.45,,
2008-10-06,1701.52,,
2008-10-07,1677.63,,
2008-10-08,1589.26,,
2008-10-10,1466.87,,
2008-10-13,1526.58,,
2008-10-14,1559.41,,
2008-10-15,1493.02,,
2008-10-16,1466.36,,
2008-10-17,1419.34,,
2008-10-20,1405.05,,
2008-10-21,1455.41,,
2008-10-22,1403.69,,
2008-10-23,1364.48,,
2008-10-24,1285.25,,
2008-10-27,1250.78,,
2008-10-28,1317.33,,
2008-10-29,1298.99,,
2008-10-31,1366.03,,
2008-11-03,1433.74,,
2008-11-04,1461.01,,
2008-11-05,1446.74,,
2008-11-06,1410.87,,
2008-11-07,1426.38,,
2008-11-10,1477.48,,
2008-11-11,1427.24,,
2008-11-12,1400.51,,
2008-11-14,1371.7,,
2008-11-17,1343.14,,
2008-11-18,1321.03,,
2008-11-19,1297.67,,
2008-11-20,1250.42,,
2008-11-21,1255.84,,
2008-11-24,1257.34,,
2008-11-25,1255.58,,
2008-11-26,1266.46,,
2008-11-28,1278.8,,
2008-12-01,1251.21,,
2008-12-02,1232.42,,
2008-12-03,1243.9,,
2008-12-04,1284.15,,
2008-12-05,1273.73,,
2008-12-08,1264.22,,
2008-12-10,1287.08,,
2008-12-11,1298.5,,
2008-12-12,1304.18,,
2008-12-15,1355.43,,
2008-12-16,1386.85,,
2008-12-17,1350.71,,
2008-12-18,1373.46,,
2008-12-19,1406.08,,
2008-12-22,1400.87,,
2008-12-23,1366.61,,
2008-12-24,1351.32,,
2008-12-26,1333.53,,
2008-12-29,1351.71,,
2008-12-30,1379.12,,
2008-12-31,1383.46,,
2009-01-01,1412.71,,
2009-01-02,1439.14,,
2009-01-05,1456.18,,
2009-01-06,1441.81,,
2009-01-07,1363.36,,
2009-01-09,1327.38,,
2009-01-12,1304.42,,
2009-01-13,1286.79,,
2009-01-14,1319.83,,
2009-01-15,1302.29,,
2009-01-16,1320.17,,
2009-01-19,1329.64,,
2009-01-20,1318.54,,
2009-01-21,1286.37,,
2009-01-22,1270.52,,
2009-01-23,1256.83,,
2009-01-27,1262.56,,
2009-01-28,1278.67,,
2009-01-29,1271.74,,
2009-01-30,1277.12,,
2009-02-02,1260.37,,
2009-02-03,1249.53,,
2009-02-04,1246.39,,
2009-02-05,1246.37,,
2009-02-06,1262.85,,
2009-02-09,1279.24,,
2009-02-10,1299.69,,
2009-02-11,1300.17,,
2009-02-12,1320.03,,
2009-02-13,1342.98,,
2009-02-16,1304.55,,
2009-02-17,1277.78,,
2009-02-18,1267.43,,
2009-02-19,1265.85,,
2009-02-20,1248.83,,
2009-02-24,1229.27,,
2009-02-25,1239.58,,
2009-02-26,1233.47,,
2009-02-27,1239.02,,
2009-03-02,1217.94,,
2009-03-03,1191.78,,
2009-03-04,1187.02,,
2009-03-05,1167.56,,
2009-03-06,1157.36,,
2009-03-09,1151.59,,
2009-03-12,1157.34,,
2009-03-13,1189.52,,
2009-03-16,1234.29,,
2009-03-17,1243.22,,
2009-03-18,1295.47,,
2009-03-19,1314.45,,
2009-03-20,1263.14,,
2009-03-23,1298.62,,
2009-03-24,1290.36,,
2009-03-25,1294.02,,
2009-03-26,1251.6,,
2009-03-27,1259.56,,
2009-03-30,1257.47,,
2009-03-31,1286.13,,
2009-04-01,1290.21,,
2009-04-02,1333.5,,
2009-04-06,1350.36,,
2009-04-08,1379.32,,
2009-04-09,1389.11,,
2009-04-13,1419.93,,
2009-04-15,1457.44,,
2009-04-16,1402.47,,
2009-04-17,1409.32,,
2009-04-20,1429.15,,
2009-04-21,1421.03,,
2009-04-22,1404.9,,
2009-04-23,1423.34,,
2009-04-24,1444.1,,
2009-04-27,1442.49,,
2009-04-28,1402.94,,
2009-04-29,1434.62,,
2009-05-04,1472.02,,
2009-05-05,1478.63,,
2009-05-06,1460.96,,
2009-05-07,1489.86,,
2009-05-08,1489.79,,
2009-05-11,1474.4,,
2009-05-12,1484.29,,
2009-05-13,1474.38,,
2009-05-14,1485.73,,
2009-05-15,1506.6,,
2009-05-18,1662.63,,
2009-05-19,1668.73,,
2009-05-20,1755.02,,
2009-05-21,1752.46,,
2009-05-22,1765.07,,
2009-05-25,1820.63,,
2009-05-26,1753.82,,
2009-05-27,1802.24,,
2009-05-28,1815.02,,
2009-05-29,1856.11,,
2009-06-01,1894.04,,
2009-06-02,1906.58,,
2009-06-03,1930.18,,
2009-06-04,1999.42,,
2009-06-05,1981.31,,
2009-06-08,1887.92,,
2009-06-09,1941.52,,
2009-06-10,1978.6,,
2009-06-11,1975.76,,
2009-06-12,1929.93,,
2009-06-15,1893.19,,
2009-06-16,1926.71,,
2009-06-17,1870.91,,
2009-06-18,1835.71,,
2009-06-19,1861.87,,
2009-06-22,1851.13,,
2009-06-23,1863.65,,
2009-06-24,1912.38,,
2009-06-25,1901.99,,
2009-06-26,1935.34,,
2009-06-29,1954.38,,
2009-06-30,1915.44,,
2009-07-01,1940.24,,
2009-07-02,1943.67,,
2009-07-03,1958.75,,
2009-07-06,1855.39,,
2009-07-07,1888.74,,
2009-07-08,1840.53,,
2009-07-09,1870.84,,
2009-07-10,1834.32,,
2009-07-13,1780.54,,
2009-07-14,1850.03,,
2009-07-15,1912.97,,
2009-07-16,1910.35,,
2009-07-17,1948.56,,
2009-07-20,1998.34,,
2009-07-21,1986.26,,
2009-07-22,1979.54,,
2009-07-23,2004.73,,
2009-07-24,2032.89,,
2009-07-27,2076.13,,
2009-07-28,2089.26,,
2009-07-29,2076.18,,
2009-07-30,2071.72,,
2009-07-31,2096.51,,
2009-08-03,2124.71,,
2009-08-04,2135.47,,
2009-08-05,2135.81,,
2009-08-06,2088.87,,
2009-08-07,2052.39,,
2009-08-10,2029.87,,
2009-08-11,2041.2,,
2009-08-12,2042.84,,
2009-08-13,2100.47,,
2009-08-14,2100.39,,
2009-08-17,2034.5,,
2009-08-18,2068.81,,
2009-08-19,2052.87,,
2009-08-20,2059.34,,
2009-08-21,2079.21,,
2009-08-24,2116.58,,
2009-08-25,2128.12,,
2009-08-26,2139.42,,
2009-08-27,2144.9,,
2009-08-28,2152.2,,
2009-08-31,2150.72,,
2009-09-01,2138.31,,
2009-09-02,2134.73,,
2009-09-03,2145.5,,
2009-09-04,2158.62,,
2009-09-07,2190.56,,
2009-09-08,2181.96,,
2009-09-09,2176.5,,
2009-09-10,2176.32,,
2009-09-11,2175.14,,
2009-09-14,2171.94,,
2009-09-15,2210.15,,
2009-09-16,2235.42,,
2009-09-17,2249.65,,
2009-09-18,2270.67,,
2009-09-22,2305.44,,
2009-09-23,2277.09,,
2009-09-24,2302.24,,
2009-09-25,2318.91,,
2009-09-29,2336.66,,
2009-09-30,2340.95,,
2009-10-01,2334.12,,
2009-10-05,2304.4,,
2009-10-06,2300.61,,
2009-10-07,2333.02,,
2009-10-08,2341.26,,
2009-10-09,2331.12,,
2009-10-12,2358.85,,
2009-10-14,2382.94,,
2009-10-15,2393.26,,
2009-10-16,2424.2,,
2009-10-17,2440.13,,
2009-10-20,2445.07,,
2009-10-21,2424.55,,
2009-10-22,2384.59,,
2009-10-23,2424.17,,
2009-10-26,2388.98,,
2009-10-27,2303.66,,
2009-10-28,2313.89,,
2009-10-29,2277.88,,
2009-10-30,2268.37,,
2009-11-03,2208.4,,
2009-11-04,2274.08,,
2009-11-05,2335.41,,
2009-11-06,2396.83,,
2009-11-09,2457.16,,
2009-11-10,2462.62,,
2009-11-11,2506.95,,
2009-11-12,2472.94,,
2009-11-13,2481.9,,
2009-11-16,2496.86,,
2009-11-17,2492.72,,
2009-11-18,2496.96,,
2009-11-19,2457.24,,
2009-11-20,2488.13,,
2009-11-23,2500.17,,
2009-11-24,2497.54,,
2009-11-25,2507.8,,
2009-11-26,2468.26,,
2009-11-27,2446.07,,
2009-11-30,2485.72,,
2009-12-01,2518.11,,
2009-12-02,2529.85,,
2009-12-03,2550.35,,
2009-12-04,2533.21,,
2009-12-07,2509.62,,
2009-12-08,2533.35,,
2009-12-09,2509.49,,
2009-12-10,2512.75,,
2009-12-11,2498.42,,
2009-12-14,2484.18,,
2009-12-15,2454.18,,
2009-12-16,2459.48,,
2009-12-17,2478.76,,
2009-12-18,2454.82,,
2009-12-21,2447.93,,
2009-12-22,2463.98,,
2009-12-23,2506.03,,
2009-12-24,2515.49,,
2009-12-29,2539.42,,
2009-12-30,2550.51,,
2009-12-31,2560.3,,
2010-01-04,2591.37,,
2010-01-05,2622.65,,
2010-01-06,2638.39,,
2010-01-07,2654.89,,
2010-01-08,2644.51,,
2010-01-11,2673.42,,
2010-01-12,2650.11,,
2010-01-13,2665.62,,
2010-01-14,2691.37,,
2010-01-15,2714.64,,
2010-01-18,2725.27,,
2010-01-19,2710.42,,
2010-01-20,2702.21,,
2010-01-21,2651.89,,
2010-01-22,2630.61,,
2010-01-25,2585.11,,
2010-01-27,2486.56,,
2010-01-28,2487.18,,
2010-01-29,2505.0,,
2010-02-01,2554.98,,
2010-02-02,2536.3,,
2010-02-03,2572.83,,
2010-02-04,2528.91,,
2010-02-05,2470.8,,
2010-02-06,2505.99,,
2010-02-08,2511.18,,
2010-02-09,2532.22,,
2010-02-10,2531.99,,
2010-02-11,2554.17,,
2010-02-15,2548.66,,
2010-02-16,2565.54,,
2010-02-17,2592.87,,
2010-02-18,2568.73,,
2010-02-19,2541.44,,
2010-02-22,2541.09,,
2010-02-23,2524.26,,
2010-02-24,2509.29,,
2010-02-25,2477.7,,
2010-02-26,2512.85,,
2010-03-02,2570.81,,
2010-03-03,2620.15,,
2010-03-04,2647.22,,
2010-03-05,2656.74,,
2010-03-08,2680.85,,
2010-03-09,2675.12,,
2010-03-10,2667.4,,
2010-03-11,2666.49,,
2010-03-12,2665.33,,
2010-03-15,2651.68,,
2010-03-16,2668.88,,
2010-03-17,2674.36,,
2010-03-18,2689.39,,
2010-03-19,2692.17,,
2010-03-22,2669.66,,
2010-03-23,2672.04,,
2010-03-25,2691.5,,
2010-03-26,2698.15,,
2010-03-29,2697.01,,
2010-03-30,2686.23,,
2010-03-31,2698.41,,
2010-04-01,2731.21,,
2010-04-05,2777.47,,
2010-04-06,2788.89,,
2010-04-07,2802.25,,
2010-04-08,2788.78,,
2010-04-09,2793.68,,
2010-04-12,2783.94,,
2010-04-13,2773.73,,
2010-04-15,2779.02,,
2010-04-16,2764.88,,
2010-04-19,2754.31,,
2010-04-20,2777.53,,
2010-04-21,2796.51,,
2010-04-22,2795.84,,
2010-04-23,2810.58,,
2010-04-26,2833.24,,
2010-04-27,2829.63,,
2010-04-28,2800.01,,
2010-04-29,2846.15,,
2010-04-30,2852.49,,
2010-05-03,2825.53,,
2010-05-04,2792.6,,
2010-05-05,2785.16,,
2010-05-06,2776.65,,
2010-05-07,2724.19,,
2010-05-10,2778.33,,
2010-05-11,2765.27,,
2010-05-12,2777.24,,
2010-05-13,2806.77,,
2010-05-14,2798.97,,
2010-05-17,2788.17,,
2010-05-18,2806.45,,
2010-05-19,2737.18,,
2010-05-20,2744.16,,
2010-05-21,2708.58,,
2010-05-24,2722.73,,
2010-05-25,2647.78,,
2010-05-26,2665.72,,
2010-05-27,2688.42,,
2010-05-28,2734.16,,
2010-05-31,2767.87,,
2010-06-01,2737.16,,
2010-06-02,2746.42,,
2010-06-03,2776.69,,
2010-06-04,2787.0,,
2010-06-07,2758.63,,
2010-06-08,2762.47,,
2010-06-09,2775.78,,
2010-06-10,2803.87,,
2010-06-11,2816.17,,
2010-06-14,2827.73,,
2010-06-15,2837.88,,
2010-06-16,2844.15,,
2010-06-17,2855.2,,
2010-06-18,2844.11,,
2010-06-21,2868.22,,
2010-06-22,2866.67,,
2010-06-23,2886.62,,
2010-06-24,2878.01,,
2010-06-25,2854.03,,
2010-06-28,2889.2,,
2010-06-29,2877.26,,
2010-06-30,2898.73,,
2010-07-01,2890.82,,
2010-07-02,2883.59,,
2010-07-05,2898.49,,
2010-07-06,2912.38,,
2010-07-07,2913.84,,
2010-07-08,2950.51,,
2010-07-09,2966.65,,
2010-07-12,2961.23,,
2010-07-13,2976.36,,
2010-07-14,2979.43,,
2010-07-15,2977.75,,
2010-07-16,2996.15,,
2010-07-19,2996.59,,
2010-07-20,2991.07,,
2010-07-21,3005.94,,
2010-07-22,3025.6,,
2010-07-23,3018.13,,
2010-07-26,3002.13,,
2010-07-27,3007.89,,
2010-07-28,3009.25,,
2010-07-29,3012.56,,
2010-07-30,3036.63,,
2010-08-02,3055.49,,
2010-08-03,3062.7,,
2010-08-04,3074.01,,
2010-08-05,3071.45,,
2010-08-06,3076.0,,
2010-08-09,3100.22,,
2010-08-10,3097.16,,
2010-08-11,3081.87,,
2010-08-12,3100.49,,
2010-08-13,3129.09,,
2010-08-16,3142.79,,
2010-08-17,3163.87,,
2010-08-18,3185.47,,
2010-08-19,3210.3,,
2010-08-20,3203.49,,
2010-08-23,3221.46,,
2010-08-24,3198.61,,
2010-08-25,3167.76,,
2010-08-26,3173.98,,
2010-08-27,3152.57,,
2010-08-30,3150.54,,
2010-08-31,3139.49,,
2010-09-01,3177.3,,
2010-09-02,3202.94,,
2010-09-03,3235.97,,
2010-09-06,3273.85,,
2010-09-07,3263.18,,
2010-09-08,3265.83,,
2010-09-09,3281.59,,
2010-09-13,3323.22,,
2010-09-14,3318.73,,
2010-09-15,3330.69,,
2010-09-16,3306.68,,
2010-09-17,3372.75,,
2010-09-20,3391.17,,
2010-09-21,3351.78,,
2010-09-22,3337.83,,
2010-09-23,3327.98,,
2010-09-24,3364.27,,
2010-09-27,3370.84,,
2010-09-28,3389.03,,
2010-09-29,3376.21,,
2010-09-30,3371.16,,
2010-10-01,3411.34,,
2010-10-04,3444.57,,
2010-10-05,3466.16,,
2010-10-06,3494.76,,
2010-10-07,3482.14,,
2010-10-08,3446.46,,
2010-10-11,3477.24,,
2010-10-12,3455.07,,
2010-10-13,3482.19,,
2010-10-14,3473.62,,
2010-10-15,3417.0,,
2010-10-18,3389.42,,
2010-10-19,3398.43,,
2010-10-20,3407.63,,
2010-10-21,3452.09,,
2010-10-22,3465.85,,
2010-10-25,3505.69,,
2010-10-26,3517.44,,
2010-10-27,3525.0,,
2010-10-28,3494.92,,
2010-10-29,3496.32,,
2010-11-01,3560.7,,
2010-11-02,3569.15,,
2010-11-03,3578.37,,
2010-11-04,3615.14,,
2010-11-05,3630.19,,
2010-11-08,3633.64,,
2010-11-09,3651.38,,
2010-11-10,3660.36,,
2010-11-11,3641.51,,
2010-11-12,3564.65,,
2010-11-15,3593.24,,
2010-11-16,3529.44,,
2010-11-18,3514.88,,
2010-11-19,3459.68,,
2010-11-22,3507.79,,
2010-11-23,3487.29,,
2010-11-24,3422.2,,
2010-11-25,3359.0,,
2010-11-26,3306.45,,
2010-11-29,3328.34,,
2010-11-30,3359.19,,
2010-12-01,3451.68,,
2010-12-02,3478.68,,
2010-12-03,3412.78,,
2010-12-06,3391.17,,
2010-12-07,3343.71,,
2010-12-08,3275.51,,
2010-12-09,3148.0,,
2010-12-10,3213.06,,
2010-12-13,3263.95,,
2010-12-14,3296.71,,
2010-12-15,3231.45,,
2010-12-16,3229.39,,
2010-12-20,3223.54,,
2010-12-21,3237.42,,
2010-12-22,3238.39,,
2010-12-23,3225.48,,
2010-12-24,3233.15,,
2010-12-27,3227.65,,
2010-12-28,3226.92,,
2010-12-29,3247.21,,
2010-12-30,3272.48,,
2010-12-31,3315.75,,
2011-01-03,3337.84,,
2011-01-04,3310.47,,
2011-01-05,3259.17,,
2011-01-06,3233.75,,
2011-01-07,3151.08,,
2011-01-10,3077.72,,
2011-01-11,3077.16,,
2011-01-12,3128.89,,
2011-01-13,3093.53,,
2011-01-14,3053.64,,
2011-01-17,3028.37,,
2011-01-18,3034.92,,
2011-01-19,3059.6,,
2011-01-20,3081.46,,
2011-01-21,3078.75,,
2011-01-24,3107.61,,
2011-01-25,3093.37,,
2011-01-27,3032.48,,
2011-01-28,2950.59,,
2011-01-31,2967.28,,
2011-02-01,2897.15,,
2011-02-02,2904.8,,
2011-02-03,2926.88,,
2011-02-04,2886.06,,
2011-02-07,2861.06,,
2011-02-08,2801.88,,
2011-02-09,2720.75,,
2011-02-10,2734.31,,
2011-02-11,2816.1,,
2011-02-14,2910.37,,
2011-02-15,2939.7,,
2011-02-16,2957.89,,
2011-02-17,2996.29,,
2011-02-18,2953.93,,
2011-02-21,2961.47,,
2011-02-22,2930.31,,
2011-02-23,2902.92,,
2011-02-24,2820.38,,
2011-02-25,2820.43,,
2011-02-28,2818.99,,
2011-03-01,2926.69,,
2011-03-03,2946.86,,
2011-03-04,2948.3,,
2011-03-07,2925.73,,
2011-03-08,2958.36,,
2011-03-09,2975.99,,
2011-03-10,2971.26,,
2011-03-11,2944.17,,
2011-03-14,2964.05,,
2011-03-15,2937.04,,
2011-03-16,2971.59,,
2011-03-17,2969.49,,
2011-03-18,2947.25,,
2011-03-21,2939.48,,
2011-03-22,2968.2,,
2011-03-23,2989.06,,
2011-03-24,3015.6,,
2011-03-25,3036.95,,
2011-03-28,3075.26,,
2011-03-29,3087.87,,
2011-03-30,3132.17,,
2011-03-31,3146.72,,
2011-04-01,3165.33,,
2011-04-04,3199.02,,
2011-04-05,3224.06,,
2011-04-06,3223.15,,
2011-04-07,3238.95,,
2011-04-08,3206.07,,
2011-04-11,3202.05,,
2011-04-13,3245.56,,
2011-04-15,3249.78,,
2011-04-18,3213.66,,
2011-04-19,3230.9,,
2011-04-20,3255.96,,
2011-04-21,3254.0,,
2011-04-25,3269.58,,
2011-04-26,3250.57,,
2011-04-27,3252.75,,
2011-04-28,3243.27,,
2011-04-29,3202.93,,
2011-05-02,3175.33,,
2011-05-03,3122.51,,
2011-05-04,3115.88,,
2011-05-05,3088.21,,
2011-05-06,3140.77,,
2011-05-09,3146.23,,
2011-05-10,3149.78,,
2011-05-11,3174.52,,
2011-05-12,3140.99,,
2011-05-13,3172.25,,
2011-05-16,3140.51,,
2011-05-17,3112.83,,
2011-05-18,3108.98,,
2011-05-19,3094.4,,
2011-05-20,3120.39,,
2011-05-23,3073.19,,
2011-05-24,3087.17,,
2011-05-25,3070.82,,
2011-05-26,3087.96,,
2011-05-27,3142.84,,
2011-05-30,3165.01,,
2011-05-31,3202.6,,
2011-06-01,3228.3,,
2011-06-02,3203.77,,
2011-06-03,3202.47,,
2011-06-06,3210.93,,
2011-06-07,3225.4,,
2011-06-08,3236.72,,
2011-06-09,3229.65,,
2011-06-10,3221.7,,
2011-06-13,3234.43,,
2011-06-14,3250.58,,
2011-06-15,3232.56,,
2011-06-16,3209.05,,
2011-06-17,3184.36,,
2011-06-20,3105.22,,
2011-06-21,3099.56,,
2011-06-22,3085.83,,
2011-06-23,3079.63,,
2011-06-24,3158.34,,
2011-06-27,3192.71,,
2011-06-28,3208.29,,
2011-06-29,3222.93,,
2011-06-30,3231.2,,
2011-07-01,3248.82,,
2011-07-04,3274.86,,
2011-07-05,3277.19,,
2011-07-06,3279.15,,
2011-07-07,3312.02,,
2011-07-08,3289.97,,
2011-07-11,3286.62,,
2011-07-12,3256.77,,
2011-07-13,3284.97,,
2011-07-14,3300.21,,
2011-07-15,3297.34,,
2011-07-18,3307.46,,
2011-07-19,3326.54,,
2011-07-20,3293.74,,
2011-07-21,3283.8,,
2011-07-22,3326.89,,
2011-07-25,3336.14,,
2011-07-26,3301.53,,
2011-07-27,3307.3,,
2011-07-28,3282.03,,
2011-07-29,3265.09,,
2011-08-01,3257.88,,
2011-08-02,3219.61,,
2011-08-03,3203.98,,
2011-08-04,3185.87,,
2011-08-05,3155.93,,
2011-08-08,3124.13,,
2011-08-09,3102.18,,
2011-08-10,3149.34,,
2011-08-11,3144.29,,
2011-08-12,3123.09,,
2011-08-16,3101.94,,
2011-08-17,3064.64,,
2011-08-18,3004.14,,
2011-08-19,2964.94,,
2011-08-22,2995.66,,
2011-08-23,3023.21,,
2011-08-24,3000.04,,
2011-08-25,2961.99,,
2011-08-26,2901.17,,
2011-08-29,2969.03,,
2011-08-30,3017.15,,
2011-09-02,3030.87,,
2011-09-05,3037.83,,
2011-09-06,3039.14,,
2011-09-07,3084.38,,
2011-09-08,3076.55,,
2011-09-09,3051.34,,
2011-09-12,2970.65,,
2011-09-13,2970.89,,
2011-09-14,2977.44,,
2011-09-15,2998.2,,
2011-09-16,3010.69,,
2011-09-19,3004.97,,
2011-09-20,3020.86,,
2011-09-21,3036.1,,
2011-09-22,2960.26,,
2011-09-23,2936.99,,
2011-09-26,2900.53,,
2011-09-27,2943.2,,
2011-09-28,2932.44,,
2011-09-29,2927.32,,
2011-09-30,2928.58,,
2011-10-03,2884.23,,
2011-10-04,2851.66,,
2011-10-05,2821.31,,
2011-10-07,2865.83,,
2011-10-10,2904.39,,
2011-10-11,2918.38,,
2011-10-12,2961.07,,
2011-10-13,2973.51,,
2011-10-14,2979.79,,
2011-10-17,2997.79,,
2011-10-18,2956.77,,
2011-10-19,3001.36,,
2011-10-20,2982.12,,
2011-10-21,2968.48,,
2011-10-24,2968.24,,
2011-10-25,2981.84,,
2011-10-26,3007.18,,
2011-10-28,3037.14,,
2011-10-31,3047.74,,
2011-11-01,3056.32,,
2011-11-02,3066.37,,
2011-11-03,3064.25,,
2011-11-04,3089.13,,
2011-11-08,3092.9,,
2011-11-09,3059.88,,
2011-11-11,3039.97,,
2011-11-14,3013.71,,
2011-11-15,2956.26,,
2011-11-16,2938.76,,
2011-11-17,2912.45,,
2011-11-18,2881.44,,
2011-11-21,2842.96,,
2011-11-22,2843.22,,
2011-11-23,2801.07,,
2011-11-24,2850.64,,
2011-11-25,2854.56,,
2011-11-28,2889.79,,
2011-11-29,2886.41,,
2011-11-30,2872.9,,
2011-12-01,2896.01,,
2011-12-02,2952.98,,
2011-12-05,2957.15,,
2011-12-07,2940.62,,
2011-12-08,2902.22,,
2011-12-09,2875.2,,
2011-12-12,2820.86,,
2011-12-13,2806.78,,
2011-12-14,2794.53,,
2011-12-15,2773.88,,
2011-12-16,2749.21,,
2011-12-19,2688.83,,
2011-12-20,2646.1,,
2011-12-21,2681.17,,
2011-12-22,2706.34,,
2011-12-23,2710.6,,
2011-12-26,2739.29,,
2011-12-27,2723.86,,
2011-12-28,2692.97,,
2011-12-29,2683.24,,
2011-12-30,2691.45,,
2012-01-02,2672.39,,
2012-01-03,2731.96,,
2012-01-04,2739.33,,
2012-01-05,2748.5,,
2012-01-06,2738.57,,
2012-01-07,2751.96,,
2012-01-09,2762.93,,
2012-01-10,2814.2,,
2012-01-11,2841.39,,
2012-01-12,2859.88,,
2012-01-13,2853.46,,
2012-01-16,2852.73,,
2012-01-17,2878.5,,
2012-01-18,2851.84,,
2012-01-19,2871.2,,
2012-01-20,2869.31,,
2012-01-23,2876.92,,
2012-01-24,2913.87,,
2012-01-25,2965.59,,
2012-01-27,2965.07,,
2012-01-30,2919.02,,
2012-01-31,2976.01,,
2012-02-01,3003.15,,
2012-02-02,3020.05,,
2012-02-03,3049.72,,
2012-02-06,3060.45,,
2012-02-07,3034.1,,
2012-02-08,3060.5,,
2012-02-09,3089.63,,
2012-02-10,3101.38,,
2012-02-13,3118.43,,
2012-02-14,3126.17,,
2012-02-15,3181.96,,
2012-02-16,3180.34,,
2012-02-17,3173.48,,
2012-02-21,3179.24,,
2012-02-22,3101.46,,
2012-02-23,3101.29,,
2012-02-24,3082.84,,
2012-02-27,3029.29,,
2012-02-28,3114.8,,
2012-02-29,3146.43,,
2012-03-01,3132.25,,
2012-03-02,3130.7,,
2012-03-03,3129.04,,
2012-03-05,3095.4,,
2012-03-06,3082.22,,
2012-03-07,3085.4,,
2012-03-09,3150.77,,
2012-03-12,3178.16,,
2012-03-13,3208.49,,
2012-03-14,3223.7,,
2012-03-15,3190.11,,
2012-03-16,3171.33,,
2012-03-19,3142.59,,
2012-03-20,3174.96,,
2012-03-21,3241.0,,
2012-03-22,3199.39,,
2012-03-23,3218.96,,
2012-03-26,3195.76,,
2012-03-27,3198.28,,
2012-03-28,3178.25,,
2012-03-29,3199.16,,
2012-03-30,3275.49,,
2012-04-02,3304.83,,
2012-04-03,3335.63,,
2012-04-04,3350.78,,
2012-04-09,3309.92,,
2012-04-10,3279.45,,
2012-04-11,3266.97,,
2012-04-12,3286.04,,
2012-04-13,3272.15,,
2012-04-16,3298.45,,
2012-04-17,3307.2,,
2012-04-18,3331.36,,
2012-04-19,3335.86,,
2012-04-20,3308.48,,
2012-04-23,3260.55,,
2012-04-24,3262.31,,
2012-04-25,3256.56,,
2012-04-26,3260.31,,
2012-04-27,3271.17,,
2012-04-28,3272.79,,
2012-04-30,3301.24,,
2012-05-02,3293.89,,
2012-05-03,3257.43,,
2012-05-04,3191.91,,
2012-05-07,3209.46,,
2012-05-08,3167.96,,
2012-05-09,3148.33,,
2012-05-10,3162.61,,
2012-05-11,3143.57,,
2012-05-14,3119.02,,
2012-05-15,3127.97,,
2012-05-16,3100.88,,
2012-05-17,3101.48,,
2012-05-18,3090.69,,
2012-05-21,3117.32,,
2012-05-22,3103.13,,
2012-05-23,3106.08,,
2012-05-24,3133.09,,
2012-05-25,3141.46,,
2012-05-28,3189.73,,
2012-05-29,3182.38,,
2012-05-30,3143.31,,
2012-05-31,3158.9,,
2012-06-01,3099.81,,
2012-06-04,3084.07,,
2012-06-05,3085.15,,
2012-06-06,3135.01,,
2012-06-07,3149.33,,
2012-06-08,3165.68,,
2012-06-11,3151.68,,
2012-06-12,3172.77,,
2012-06-13,3166.99,,
2012-06-14,3124.76,,
2012-06-15,3147.17,,
2012-06-18,3118.4,,
2012-06-19,3125.42,,
2012-06-20,3157.7,,
2012-06-21,3179.31,,
2012-06-22,3179.61,,
2012-06-25,3178.85,,
2012-06-26,3197.93,,
2012-06-27,3208.71,,
2012-06-28,3213.74,,
2012-06-29,3265.6,,
2012-07-02,3291.14,,
2012-07-03,3300.46,,
2012-07-04,3308.42,,
2012-07-05,3323.86,,
2012-07-06,3302.32,,
2012-07-09,3265.87,,
2012-07-10,3297.82,,
2012-07-11,3294.05,,
2012-07-12,3283.55,,
2012-07-13,3270.54,,
2012-07-16,3271.04,,
2012-07-17,3262.69,,
2012-07-18,3273.0,,
2012-07-19,3278.77,,
2012-07-20,3267.97,,
2012-07-23,3224.56,,
2012-07-24,3240.71,,
2012-07-25,3238.7,,
2012-07-26,3207.2,,
2012-07-27,3207.84,,
2012-07-30,3243.8,,
2012-07-31,3256.31,,
2012-08-01,3281.15,,
2012-08-02,3289.89,,
2012-08-03,3295.37,,
2012-08-06,3305.51,,
2012-08-07,3316.33,,
2012-08-08,3317.59,,
2012-08-09,3325.18,,
2012-08-10,3331.25,,
2012-08-13,3355.89,,
2012-08-14,3365.89,,
2012-08-16,3364.57,,
2012-08-17,3374.01,,
2012-08-21,3380.51,,
2012-08-22,3372.74,,
2012-08-23,3374.99,,
2012-08-24,3350.71,,
2012-08-27,3334.66,,
2012-08-28,3310.19,,
2012-08-29,3293.99,,
2012-08-30,3309.78,,
2012-08-31,3304.42,,
2012-09-03,3300.51,,
2012-09-04,3313.53,,
2012-09-05,3304.54,,
2012-09-06,3311.19,,
2012-09-07,3353.26,,
2012-09-08,3363.29,,
2012-09-10,3357.82,,
2012-09-11,3355.58,,
2012-09-12,3368.73,,
2012-09-13,3374.37,,
2012-09-14,3399.37,,
2012-09-17,3418.86,,
2012-09-18,3414.14,,
2012-09-20,3390.12,,
2012-09-21,3444.03,,
2012-09-24,3460.99,,
2012-09-25,3475.3,,
2012-09-26,3493.76,,
2012-09-27,3522.97,,
2012-09-28,3561.16,,
2012-10-01,3593.49,,
2012-10-03,3610.32,,
2012-10-04,3608.8,,
2012-10-05,3571.31,,
2012-10-08,3553.18,,
2012-10-09,3576.34,,
2012-10-10,3560.74,,
2012-10-11,3597.36,,
2012-10-12,3615.49,,
2012-10-15,3613.89,,
2012-10-16,3599.82,,
2012-10-17,3615.3,,
2012-10-18,3642.86,,
2012-10-19,3638.11,,
2012-10-22,3659.2,,
2012-10-23,3664.64,,
2012-10-25,3667.83,,
2012-10-26,3638.36,,
2012-10-29,3616.92,,
2012-10-30,3602.67,,
2012-10-31,3650.93,,
2012-11-01,3667.68,,
2012-11-02,3680.06,,
2012-11-05,3694.27,,
2012-11-06,3715.76,,
2012-11-07,3754.67,,
2012-11-08,3763.35,,
2012-11-09,3734.2,,
2012-11-12,3820.12,,
2012-11-13,3837.09,,
2012-11-15,3844.0,,
2012-11-16,3819.9,,
2012-11-19,3777.01,,
2012-11-20,3771.8,,
2012-11-21,3779.79,,
2012-11-22,3826.58,,
2012-11-23,3837.44,,
2012-11-26,3926.04,,
2012-11-27,3967.67,,
2012-11-29,3974.37,,
2012-11-30,3982.02,,
2012-12-03,4027.95,,
2012-12-04,4028.9,,
2012-12-05,4032.82,,
2012-12-06,4022.02,,
2012-12-07,4017.43,,
2012-12-10,4043.51,,
2012-12-11,4024.64,,
2012-12-12,4020.19,,
2012-12-13,3994.18,,
2012-12-14,4029.66,,
2012-12-17,4033.88,,
2012-12-18,4053.68,,
2012-12-19,4087.52,,
2012-12-20,4096.21,,
2012-12-21,4050.27,,
2012-12-24,4086.17,,
2012-12-26,4114.38,,
2012-12-27,4096.12,,
2012-12-28,4110.49,,
2012-12-31,4129.11,,
2013-01-01,4154.44,,
2013-01-02,4168.17,,
2013-01-03,4183.9,,
2013-01-04,4191.93,,
2013-01-07,4178.92,,
2013-01-08,4188.56,,
2013-01-09,4184.68,,
2013-01-10,4172.31,,
2013-01-11,4112.02,,
2013-01-14,4121.56,,
2013-01-15,4132.82,,
2013-01-16,4100.83,,
2013-01-17,4096.5,,
2013-01-18,4094.24,,
2013-01-21,4085.17,,
2013-01-22,4052.29,,
2013-01-23,4037.05,,
2013-01-24,3981.72,,
2013-01-25,4036.08,,
2013-01-28,4044.35,,
2013-01-29,4040.74,,
2013-01-30,4048.82,,
2013-01-31,4089.06,,
2013-02-01,4115.34,,
2013-02-04,4099.53,,
2013-02-05,4074.38,,
2013-02-06,4075.07,,
2013-02-07,4056.72,,
2013-02-08,4048.1,,
2013-02-11,4053.52,,
2013-02-12,4080.94,,
2013-02-13,4070.53,,
2013-02-14,4039.14,,
2013-02-15,4044.64,,
2013-02-18,4050.93,,
2013-02-19,4106.64,,
2013-02-20,4120.32,,
2013-02-21,4081.94,,
2013-02-22,4090.92,,
2013-02-25,4064.56,,
2013-02-26,4017.21,,
2013-02-27,4030.91,,
2013-02-28,3986.19,,
2013-03-01,4000.17,,
2013-03-04,3948.63,,
2013-03-05,4006.23,,
2013-03-06,4032.28,,
2013-03-07,4062.69,,
2013-03-08,4101.82,,
2013-03-11,4121.89,,
2013-03-12,4108.55,,
2013-03-13,4070.01,,
2013-03-14,4076.56,,
2013-03-15,4070.98,,
2013-03-18,4064.88,,
2013-03-19,4034.6,,
2013-03-20,3992.88,,
2013-03-21,3967.89,,
2013-03-22,3945.57,,
2013-03-25,3928.87,,
2013-03-26,3934.53,,
2013-03-28,3991.39,,
2013-04-01,4002.13,,
2013-04-02,4028.21,,
2013-04-03,4020.17,,
2013-04-04,3948.52,,
2013-04-05,3940.27,,
2013-04-08,3930.94,,
2013-04-09,3884.59,,
2013-04-10,3901.62,,
2013-04-11,3904.32,,
2013-04-12,3884.84,,
2013-04-15,3864.93,,
2013-04-16,3894.8,,
2013-04-17,3895.89,,
2013-04-18,3919.37,,
2013-04-22,3977.48,,
2013-04-23,3962.5,,
2013-04-25,3998.0,,
2013-04-26,4005.22,,
2013-04-29,4021.12,,
2013-04-30,4050.79,,
2013-05-02,4081.45,,
2013-05-03,4064.05,,
2013-05-06,4115.77,,
2013-05-07,4160.93,,
2013-05-08,4196.35,,
2013-05-09,4180.98,,
2013-05-10,4215.89,,
2013-05-11,4220.68,,
2013-05-13,4175.03,,
2013-05-14,4210.31,,
2013-05-15,4278.33,,
2013-05-16,4294.06,,
2013-05-17,4286.38,,
2013-05-20,4274.29,,
2013-05-21,4266.63,,
2013-05-22,4251.48,,
2013-05-23,4205.9,,
2013-05-24,4212.19,,
2013-05-27,4261.77,,
2013-05-28,4291.07,,
2013-05-29,4294.52,,
2013-05-30,4282.79,,
2013-05-31,4257.72,,
2013-06-03,4247.64,,
2013-06-04,4262.57,,
2013-06-05,4264.06,,
2013-06-06,4248.69,,
2013-06-07,4253.3,,
2013-06-10,4218.02,,
2013-06-11,4166.96,,
2013-06-12,4143.88,,
2013-06-13,4105.01,,
2013-06-14,4145.04,,
2013-06-17,4172.31,,
2013-06-18,4191.27,,
2013-06-19,4205.31,,
2013-06-20,4140.65,,
2013-06-21,4089.01,,
2013-06-24,3985.42,,
2013-06-25,3963.62,,
2013-06-26,3964.43,,
2013-06-27,3988.75,,
2013-06-28,4070.28,,
2013-07-01,4098.23,,
2013-07-02,4093.6,,
2013-07-03,4049.65,,
2013-07-04,4078.51,,
2013-07-05,4090.53,,
2013-07-08,4069.96,,
2013-07-09,4081.67,,
2013-07-10,4081.65,,
2013-07-11,4111.4,,
2013-07-12,4117.44,,
2013-07-15,4157.52,,
2013-07-16,4104.1,,
2013-07-17,4077.9,,
2013-07-18,4089.37,,
2013-07-19,4080.35,,
2013-07-22,4099.68,,
2013-07-23,4101.17,,
2013-07-24,4031.5,,
2013-07-25,3976.76,,
2013-07-26,3941.75,,
2013-07-29,3897.14,,
2013-07-30,3848.54,,
2013-07-31,3827.74,,
2013-08-01,3815.94,,
2013-08-02,3828.5,,
2013-08-05,3831.19,,
2013-08-06,3723.81,,
2013-08-07,3713.42,,
2013-08-08,3746.58,,
2013-08-12,3819.28,,
2013-08-13,3871.11,,
2013-08-14,3899.61,,
2013-08-16,3834.35,,
2013-08-19,3744.98,,
2013-08-20,3675.52,,
2013-08-21,3645.95,,
2013-08-22,3632.21,,
2013-08-23,3688.36,,
2013-08-26,3722.58,,
2013-08-27,3631.64,,
2013-08-28,3575.32,,
2013-08-29,3642.14,,
2013-08-30,3659.0,,
2013-09-02,3687.72,,
2013-09-03,3617.94,,
2013-09-04,3654.58,,
2013-09-05,3719.63,,
2013-09-06,3760.05,,
2013-09-10,3827.42,,
2013-09-11,3872.81,,
2013-09-12,3860.16,,
2013-09-13,3845.91,,
2013-09-16,3840.94,,
2013-09-17,3831.8,,
2013-09-18,3863.61,,
2013-09-19,3937.75,,
2013-09-20,3905.47,,
2013-09-23,3886.86,,
2013-09-24,3907.93,,
2013-09-25,3923.47,,
2013-09-26,3912.66,,
2013-09-27,3943.97,,
2013-09-30,3970.95,,
2013-10-01,3988.05,,
2013-10-03,4017.67,,
2013-10-04,4027.21,,
2013-10-07,4042.09,,
2013-10-08,4032.88,,
2013-10-09,4077.05,,
2013-10-10,4099.01,,
2013-10-11,4093.1,,
2013-10-14,4106.39,,
2013-10-15,4071.61,,
2013-10-17,4059.57,,
2013-10-18,4086.34,,
2013-10-21,4105.99,,
2013-10-22,4130.54,,
2013-10-23,4129.37,,
2013-10-24,4137.75,,
2013-10-25,4131.22,,
2013-10-28,4105.23,,
2013-10-29,4144.64,,
2013-10-30,4158.82,,
2013-10-31,4194.54,,
2013-11-01,4225.11,,
2013-11-03,4251.46,,
2013-11-05,4266.28,,
2013-11-06,4274.1,,
2013-11-07,4254.52,,
2013-11-08,4253.15,,
2013-11-11,4242.89,,
2013-11-12,4221.28,,
2013-11-13,4205.61,,
2013-11-14,4223.74,,
2013-11-18,4249.05,,
2013-11-19,4240.92,,
2013-11-20,4233.87,,
2013-11-21,4194.84,,
2013-11-22,4195.07,,
2013-11-25,4211.67,,
2013-11-26,4205.13,,
2013-11-27,4230.81,,
2013-11-28,4262.28,,
2013-11-29,4275.93,,
2013-12-02,4315.46,,
2013-12-03,4327.4,,
2013-12-04,4297.94,,
2013-12-05,4283.95,,
2013-12-06,4305.43,,
2013-12-09,4315.69,,
2013-12-10,4326.67,,
2013-12-11,4342.0,,
2013-12-12,4330.56,,
2013-12-13,4301.86,,
2013-12-16,4339.84,,
2013-12-17,4337.38,,
2013-12-18,4396.51,,
2013-12-19,4404.02,,
2013-12-20,4488.33,,
2013-12-23,4504.82,,
2013-12-24,4535.67,,
2013-12-26,4543.34,,
2013-12-27,4557.53,,
2013-12-30,4559.62,,
2013-12-31,4580.54,,
2014-01-01,4596.79,,
2014-01-02,4541.79,,
2014-01-03,4572.8,,
2014-01-06,4608.27,,
2014-01-07,4584.7,,
2014-01-08,4608.19,,
2014-01-09,4607.7,,
2014-01-10,4583.68,,
2014-01-13,4578.0,,
2014-01-14,4549.21,,
2014-01-15,4552.52,,
2014-01-16,4568.2,,
2014-01-17,4507.04,,
2014-01-20,4572.68,,
2014-01-21,4577.37,,
2014-01-22,4587.74,,
2014-01-23,4557.01,,
2014-01-24,4512.94,,
2014-01-27,4428.45,,
2014-01-28,4425.08,,
2014-01-29,4448.8,,
2014-01-30,4422.3,,
2014-01-31,4508.43,,
2014-02-03,4481.24,,
2014-02-04,4479.3,,
2014-02-05,4507.1,,
2014-02-06,4504.56,,
2014-02-07,4544.06,,
2014-02-10,4542.48,,
2014-02-11,4565.07,,
2014-02-12,4581.18,,
2014-02-13,4560.49,,
2014-02-14,4568.96,,
2014-02-17,4560.57,,
2014-02-18,4578.93,,
2014-02-19,4595.17,,
2014-02-20,4581.82,,
2014-02-21,4603.33,,
2014-02-24,4607.55,,
2014-02-25,4635.84,,
2014-02-26,4635.24,,
2014-02-28,4669.68,,
2014-03-03,4658.12,,
2014-03-04,4681.57,,
2014-03-05,4725.87,,
2014-03-06,4745.18,,
2014-03-07,4694.91,,
2014-03-10,4681.74,,
2014-03-11,4662.87,,
2014-03-12,4665.92,,
2014-03-13,4643.56,,
2014-03-14,4639.55,,
2014-03-18,4670.29,,
2014-03-19,4658.5,,
2014-03-20,4651.94,,
2014-03-21,4695.89,,
2014-03-22,4705.36,,
2014-03-24,4685.81,,
2014-03-25,4703.84,,
2014-03-26,4709.83,,
2014-03-27,4724.83,,
2014-03-28,4764.67,,
2014-03-31,4810.24,,
2014-04-01,4816.94,,
2014-04-02,4886.42,,
2014-04-03,4884.77,,
2014-04-04,4890.3,,
2014-04-07,4847.55,,
2014-04-09,4901.1,,
2014-04-10,4913.59,,
2014-04-11,4909.01,,
2014-04-15,4926.88,,
2014-04-16,4874.7,,
2014-04-17,4952.13,,
2014-04-21,4992.37,,
2014-04-22,4982.89,,
2014-04-23,4991.29,,
2014-04-25,4957.64,,
2014-04-28,4995.12,,
2014-04-29,4952.79,,
2014-04-30,4917.73,,
2014-05-02,4947.53,,
2014-05-05,4929.35,,
2014-05-06,4946.89,,
2014-05-07,4957.42,,
2014-05-08,4958.27,,
2014-05-09,4997.08,,
2014-05-12,5002.37,,
2014-05-13,5042.29,,
2014-05-14,5071.12,,
2014-05-15,5022.61,,
2014-05-16,5026.63,,
2014-05-19,5102.31,,
2014-05-20,5173.31,,
2014-05-21,5241.16,,
2014-05-22,5326.26,,
2014-05-23,5360.48,,
2014-05-26,5308.03,,
2014-05-27,5306.85,,
2014-05-28,5325.15,,
2014-05-29,5338.26,,
2014-05-30,5365.61,,
2014-06-02,5441.57,,
2014-06-03,5491.96,,
2014-06-04,5540.9,,
2014-06-05,5605.98,,
2014-06-06,5670.22,,
2014-06-09,5715.73,,
2014-06-10,5746.39,,
2014-06-11,5741.72,,
2014-06-12,5794.41,,
2014-06-13,5711.35,,
2014-06-16,5748.08,,
2014-06-17,5801.87,,
2014-06-18,5785.88,,
2014-06-19,5767.01,,
2014-06-20,5747.12,,
2014-06-23,5785.76,,
2014-06-24,5850.51,,
2014-06-25,5885.73,,
2014-06-26,5889.85,,
2014-06-27,5950.45,,
2014-06-30,6024.12,,
2014-07-01,6050.48,,
2014-07-02,6109.9,,
2014-07-03,6162.18,,
2014-07-04,6190.41,,
2014-07-07,6206.04,,
2014-07-08,6031.99,,
2014-07-09,5936.09,,
2014-07-10,5940.32,,
2014-07-11,5847.76,,
2014-07-14,5839.5,,
2014-07-15,5963.42,,
2014-07-16,6024.72,,
2014-07-17,6132.73,,
2014-07-18,6106.77,,
2014-07-21,6126.08,,
2014-07-22,6135.22,,
2014-07-23,6143.39,,
2014-07-24,6096.81,,
2014-07-25,6049.54,,
2014-07-28,6032.63,,
2014-07-30,6083.4,,
2014-07-31,6105.49,,
2014-08-01,6079.46,,
2014-08-04,6135.68,,
2014-08-05,6159.31,,
2014-08-06,6158.19,,
2014-08-07,6136.61,,
2014-08-08,6042.97,,
2014-08-11,6119.82,,
2014-08-12,6173.04,,
2014-08-13,6181.7,,
2014-08-14,6233.81,,
2014-08-18,6347.64,,
2014-08-19,6387.66,,
2014-08-20,6422.16,,
2014-08-21,6453.3,,
2014-08-22,6463.78,,
2014-08-25,6454.2,,
2014-08-26,6489.4,,
2014-08-27,6534.64,,
2014-08-28,6515.61,,
2014-09-01,6617.24,,
2014-09-02,6658.6,,
2014-09-03,6792.9,,
2014-09-04,6857.18,,
2014-09-05,6915.27,,
2014-09-08,7017.8,,
2014-09-09,7062.87,,
2014-09-10,7065.52,,
2014-09-11,7157.11,,
2014-09-12,7183.1,,
2014-09-15,7205.87,,
2014-09-16,6954.93,,
2014-09-17,7003.29,,
2014-09-18,7117.3,,
2014-09-19,7124.84,,
2014-09-22,7122.39,,
2014-09-23,7028.19,,
2014-09-24,6939.34,,
2014-09-25,6877.82,,
2014-09-26,6940.93,,
2014-09-29,7030.33,,
2014-09-30,7060.89,,
2014-10-01,7043.9,,
2014-10-07,6992.37,,
2014-10-08,6992.1,,
2014-10-09,7094.92,,
2014-10-10,6964.44,,
2014-10-13,6984.41,,
2014-10-14,6974.28,,
2014-10-16,6797.09,,
2014-10-17,6814.33,,
2014-10-20,6908.03,,
2014-10-21,6985.69,,
2014-10-22,7059.29,,
2014-10-23,7130.61,,
2014-10-27,7090.12,,
2014-10-28,7114.87,,
2014-10-29,7169.46,,
2014-10-30,7220.82,,
2014-10-31,7300.88,,
2014-11-03,7326.83,,
2014-11-05,7386.98,,
2014-11-07,7416.96,,
2014-11-10,7485.66,,
2014-11-11,7536.2,,
2014-11-12,7622.92,,
2014-11-13,7613.19,,
2014-11-14,7655.74,,
2014-11-17,7721.08,,
2014-11-18,7749.95,,
2014-11-19,7693.57,,
2014-11-20,7700.58,,
2014-11-21,7649.1,,
2014-11-24,7648.23,,
2014-11-25,7571.81,,
2014-11-26,7606.93,,
2014-11-27,7649.59,,
2014-11-28,7721.72,,
2014-12-01,7751.69,,
2014-12-02,7811.5,,
2014-12-03,7958.19,,
2014-12-04,7987.69,,
2014-12-05,7967.51,,
2014-12-08,7855.25,,
2014-12-09,7748.46,,
2014-12-10,7781.9,,
2014-12-11,7719.02,,
2014-12-12,7654.94,,
2014-12-15,7597.68,,
2014-12-16,7418.47,,
2014-12-17,7361.04,,
2014-12-18,7591.77,,
2014-12-19,7610.12,,
2014-12-22,7683.47,,
2014-12-23,7671.37,,
2014-12-24,7654.02,,
2014-12-26,7692.48,,
2014-12-29,7821.13,,
2014-12-30,7845.02,,
2014-12-31,7949.47,,
2015-01-01,7980.29,,
2015-01-02,8069.62,,
2015-01-05,8074.12,,
2015-01-06,7865.53,,
2015-01-07,7927.94,,
2015-01-08,8087.08,,
2015-01-09,8085.68,,
2015-01-12,8143.28,,
2015-01-13,8176.59,,
2015-01-14,8212.08,,
2015-01-15,8283.71,,
2015-01-16,8367.91,,
2015-01-19,8354.44,,
2015-01-20,8351.89,,
2015-01-21,8350.48,,
2015-01-22,8368.47,,
2015-01-23,8367.76,,
2015-01-27,8483.12,,
2015-01-28,8588.93,,
2015-01-29,8529.33,,
2015-01-30,8495.81,,
2015-02-02,8512.02,,
2015-02-03,8553.2,,
2015-02-04,8537.78,,
2015-02-05,8431.64,,
2015-02-06,8348.92,,
2015-02-09,8208.41,,
2015-02-10,8315.86,,
2015-02-11,8504.76,,
2015-02-12,8616.8,,
2015-02-13,8665.9,,
2015-02-16,8653.52,,
2015-02-18,8768.19,,
2015-02-19,8782.7,,
2015-02-20,8766.5,,
2015-02-23,8662.19,,
2015-02-24,8610.57,,
2015-02-25,8603.49,,
2015-02-26,8515.93,,
2015-02-27,8666.21,,
2015-02-28,8691.77,,
2015-03-02,8808.17,,
2015-03-03,8926.2,,
2015-03-04,8861.14,,
2015-03-05,8937.61,,
2015-03-09,8840.51,,
2015-03-10,8834.15,,
2015-03-11,8820.37,,
2015-03-12,8952.84,,
2015-03-13,8797.46,,
2015-03-16,8780.23,,
2015-03-17,8843.11,,
2015-03-18,8821.21,,
2015-03-19,8819.21,,
2015-03-20,8744.44,,
2015-03-23,8716.87,,
2015-03-24,8649.76,,
2015-03-25,8621.64,,
2015-03-26,8597.05,,
2015-03-27,8609.95,,
2015-03-30,8764.18,,
2015-03-31,8761.82,,
2015-04-01,8872.4,,
2015-04-06,8978.43,,
2015-04-07,9030.51,,
2015-04-08,9112.55,,
2015-04-09,9140.59,,
2015-04-10,9160.95,,
2015-04-13,9133.11,,
2015-04-15,9047.71,,
2015-04-16,8995.02,,
2015-04-17,8828.22,,
2015-04-20,8643.34,,
2015-04-21,8612.27,,
2015-04-22,8558.78,,
2015-04-23,8555.16,,
2015-04-24,8343.68,,
2015-04-27,8098.41,,
2015-04-28,8207.71,,
2015-04-29,8332.48,,
2015-04-30,8334.55,,
2015-05-04,8498.1,,
2015-05-05,8504.68,,
2015-05-06,8269.3,,
2015-05-07,8136.96,,
2015-05-08,8272.09,,
2015-05-11,8387.99,,
2015-05-12,8264.34,,
2015-05-13,8340.4,,
2015-05-14,8446.59,,
2015-05-15,8499.97,,
2015-05-18,8576.82,,
2015-05-19,8577.06,,
2015-05-20,8596.08,,
2015-05-21,8614.51,,
2015-05-22,8651.56,,
2015-05-25,8657.55,,
2015-05-26,8660.12,,
2015-05-27,8708.31,,
2015-05-28,8656.94,,
2015-05-29,8767.7,,
2015-06-01,8811.74,,
2015-06-02,8596.13,,
2015-06-03,8539.6,,
2015-06-04,8566.6,,
2015-06-05,8566.94,,
2015-06-08,8453.29,,
2015-06-09,8403.82,,
2015-06-10,8508.77,,
2015-06-11,8380.43,,
2015-06-12,8331.03,,
2015-06-15,8316.2,,
2015-06-16,8321.89,,
2015-06-17,8485.13,,
2015-06-18,8619.98,,
2015-06-19,8626.99,,
2015-06-22,8768.12,,
2015-06-23,8801.17,,
2015-06-24,8751.33,,
2015-06-25,8777.95,,
2015-06-26,8828.85,,
2015-06-29,8695.28,,
2015-06-30,8817.93,,
2015-07-01,8908.2,,
2015-07-02,8969.33,,
2015-07-03,8971.34,,
2015-07-06,9027.54,,
2015-07-07,9070.1,,
2015-07-08,8908.47,,
2015-07-09,8822.44,,
2015-07-10,8834.34,,
2015-07-13,8913.62,,
2015-07-14,8942.06,,
2015-07-15,8976.47,,
2015-07-16,9085.01,,
2015-07-17,9126.58,,
2015-07-20,9194.46,,
2015-07-21,9069.55,,
2015-07-22,9163.94,,
2015-07-23,9172.53,,
2015-07-24,9134.58,,
2015-07-27,9092.62,,
2015-07-28,9131.68,,
2015-07-29,9217.22,,
2015-07-30,9255.05,,
2015-07-31,9355.05,,
2015-08-03,9426.09,,
2015-08-04,9569.69,,
2015-08-05,9649.46,,
2015-08-06,9628.04,,
2015-08-07,9614.92,,
2015-08-10,9633.64,,
2015-08-11,9571.59,,
2015-08-12,9393.12,,
2015-08-13,9385.48,,
2015-08-14,9538.66,,
2015-08-17,9600.59,,
2015-08-18,9680.35,,
2015-08-19,9737.01,,
2015-08-20,9607.92,,
2015-08-21,9547.27,,
2015-08-24,8774.16,,
2015-08-25,8929.68,,
2015-08-26,8947.32,,
2015-08-27,9129.02,,
2015-08-28,9123.38,,
2015-08-31,9073.02,,
2015-09-01,8939.71,,
2015-09-02,8970.39,,
2015-09-03,9070.4,,
2015-09-04,8923.86,,
2015-09-07,8746.7,,
2015-09-08,8762.61,,
2015-09-09,8909.01,,
2015-09-10,8878.7,,
2015-09-11,8914.48,,
2015-09-14,9005.28,,
2015-09-15,8952.03,,
2015-09-16,8875.18,,
2015-09-18,8915.77,,
2015-09-21,8964.98,,
2015-09-22,8903.07,,
2015-09-23,8963.24,,
2015-09-24,9012.88,,
2015-09-28,9048.34,,
2015-09-29,9031.51,,
2015-09-30,9169.28,,
2015-10-01,9179.14,,
2015-10-05,9324.07,,
2015-10-06,9400.57,,
2015-10-07,9416.91,,
2015-10-08,9369.08,,
2015-10-09,9359.78,,
2015-10-12,9369.98,,
2015-10-13,9334.23,,
2015-10-14,9383.97,,
2015-10-15,9400.41,,
2015-10-16,9391.54,,
2015-10-19,9452.86,,
2015-10-20,9494.92,,
2015-10-21,9512.63,,
2015-10-23,9532.55,,
2015-10-26,9491.52,,
2015-10-27,9452.15,,
2015-10-28,9422.71,,
2015-10-29,9425.07,,
2015-10-30,9372.94,,
2015-11-02,9340.57,,
2015-11-03,9383.46,,
2015-11-04,9370.66,,
2015-11-05,9226.21,,
2015-11-06,9204.48,,
2015-11-09,9249.63,,
2015-11-10,9177.85,,
2015-11-11,9269.13,,
2015-11-13,9165.91,,
2015-11-16,9119.55,,
2015-11-17,9175.61,,
2015-11-18,9143.26,,
2015-11-19,9232.55,,
2015-11-20,9273.26,,
2015-11-23,9265.32,,
2015-11-24,9254.32,,
2015-11-26,9233.03,,
2015-11-27,9291.84,,
2015-11-30,9252.16,,
2015-12-01,9294.01,,
2015-12-02,9293.31,,
2015-12-03,9216.34,,
2015-12-04,9199.14,,
2015-12-07,9193.01,,
2015-12-08,9130.69,,
2015-12-09,9015.88,,
2015-12-10,9062.14,,
2015-12-11,8999.2,,
2015-12-14,8954.47,,
2015-12-15,9026.7,,
2015-12-16,9031.43,,
2015-12-17,9151.29,,
2015-12-18,9134.43,,
2015-12-21,9157.06,,
2015-12-22,9139.39,,
2015-12-23,9179.91,,
2015-12-24,9178.12,,
2015-12-28,9229.72,,
2015-12-29,9238.1,,
2015-12-30,9250.8,,
2015-12-31,9276.17,,
2016-01-01,9320.48,,
2016-01-04,9271.17,,
2016-01-05,9350.8,,
2016-01-06,9346.11,,
2016-01-07,9197.6,,
2016-01-08,9253.43,,
2016-01-11,9207.84,,
2016-01-12,9170.03,,
2016-01-13,9085.65,,
2016-01-14,8993.07,,
2016-01-15,8767.28,,
2016-01-18,8521.5,,
2016-01-19,8625.47,,
2016-01-20,8462.24,,
2016-01-21,8494.67,,
2016-01-22,8656.81,,
2016-01-25,8746.1,,
2016-01-27,8750.42,,
2016-01-28,8745.83,,
2016-01-29,8856.07,,
2016-02-01,8901.42,,
2016-02-02,8828.63,,
2016-02-03,8692.1,,
2016-02-04,8661.73,,
2016-02-05,8778.12,,
2016-02-08,8760.3,,
2016-02-09,8655.59,,
2016-02-10,8582.33,,
2016-02-11,8278.17,,
2016-02-12,8220.99,,
2016-02-15,8460.1,,
2016-02-16,8274.26,,
2016-02-17,8301.93,,
2016-02-18,8364.42,,
2016-02-19,8365.74,,
2016-02-22,8395.68,,
2016-02-23,8295.75,,
2016-02-24,8213.73,,
2016-02-25,8124.82,,
2016-02-26,8088.97,,
2016-02-29,8115.76,,
2016-03-01,8310.42,,
2016-03-02,8429.59,,
2016-03-03,8504.67,,
2016-03-04,8548.87,,
2016-03-08,8559.57,,
2016-03-09,8563.18,,
2016-03-10,8556.24,,
2016-03-11,8541.69,,
2016-03-14,8571.02,,
2016-03-15,8471.09,,
2016-03-16,8363.93,,
2016-03-17,8389.38,,
2016-03-18,8464.81,,
2016-03-21,8582.04,,
2016-03-22,8615.79,,
2016-03-23,8633.05,,
2016-03-28,8527.69,,
2016-03-29,8516.72,,
2016-03-30,8663.99,,
2016-03-31,8766.38,,
2016-04-01,8789.12,,
2016-04-04,8818.3,,
2016-04-05,8774.07,,
2016-04-06,8814.0,,
2016-04-07,8775.41,,
2016-04-08,8845.23,,
2016-04-11,8947.21,,
2016-04-12,9026.16,,
2016-04-13,9092.87,,
2016-04-18,9232.31,,
2016-04-20,9257.99,,
2016-04-21,9178.03,,
2016-04-22,9163.43,,
2016-04-25,9121.84,,
2016-04-26,9192.15,,
2016-04-27,9218.98,,
2016-04-28,9149.62,,
2016-04-29,9178.88,,
2016-05-02,9216.85,,
2016-05-03,9183.28,,
2016-05-04,9158.99,,
2016-05-05,9145.41,,
2016-05-06,9130.87,,
2016-05-09,9248.6,,
2016-05-10,9249.29,,
2016-05-11,9202.9,,
2016-05-12,9265.82,,
2016-05-13,9266.53,,
2016-05-16,9268.07,,
2016-05-17,9306.47,,
2016-05-18,9321.33,,
2016-05-19,9205.12,,
2016-05-20,9153.15,,
2016-05-23,9139.61,,
2016-05-24,9099.86,,
2016-05-25,9179.19,,
2016-05-26,9217.68,,
2016-05-27,9271.65,,
2016-05-30,9346.19,,
2016-05-31,9336.81,,
2016-06-01,9327.52,,
2016-06-02,9410.65,,
2016-06-03,9337.38,,
2016-06-06,9333.93,,
2016-06-07,9380.4,,
2016-06-08,9388.99,,
2016-06-09,9356.05,,
2016-06-10,9335.17,,
2016-06-13,9290.55,,
2016-06-14,9350.16,,
2016-06-15,9375.14,,
2016-06-16,9345.23,,
2016-06-17,9374.01,,
2016-06-20,9417.45,,
2016-06-21,9441.61,,
2016-06-22,9436.02,,
2016-06-23,9439.83,,
2016-06-24,9365.57,,
2016-06-27,9443.08,,
2016-06-28,9486.46,,
2016-06-29,9576.61,,
2016-06-30,9659.7,,
2016-07-01,9712.25,,
2016-07-04,9779.17,,
2016-07-05,9769.16,,
2016-07-07,9772.33,,
2016-07-08,9780.83,,
2016-07-11,9877.99,,
2016-07-12,9861.44,,
2016-07-13,9793.28,,
2016-07-14,9815.83,,
2016-07-15,9754.69,,
2016-07-18,9689.24,,
2016-07-19,9716.96,,
2016-07-20,9817.12,,
2016-07-21,9792.31,,
2016-07-22,9905.56,,
2016-07-25,9968.59,,
2016-07-26,9940.07,,
2016-07-27,10005.4,,
2016-07-28,10077.19,,
2016-07-29,10141.68,,
2016-08-01,10208.26,,
2016-08-02,10142.65,,
2016-08-03,10032.24,,
2016-08-04,10078.15,,
2016-08-05,10182.88,,
2016-08-08,10247.01,,
2016-08-09,10221.51,,
2016-08-10,10102.99,,
2016-08-11,10123.12,,
2016-08-12,10178.01,,
2016-08-16,10204.18,,
2016-08-17,10267.58,,
2016-08-18,10403.16,,
2016-08-19,10496.44,,
2016-08-22,10413.85,,
2016-08-23,10368.62,,
2016-08-24,10405.03,,
2016-08-25,10389.77,,
2016-08-26,10412.13,,
2016-08-29,10435.09,,
2016-08-30,10554.12,,
2016-08-31,10575.44,,
2016-09-01,10549.8,,
2016-09-02,10554.52,,
2016-09-06,10732.97,,
2016-09-07,10688.38,,
2016-09-08,10735.42,,
2016-09-09,10659.55,,
2016-09-12,10422.49,,
2016-09-14,10545.13,,
2016-09-15,10569.97,,
2016-09-16,10594.9,,
2016-09-19,10595.7,,
2016-09-20,10557.53,,
2016-09-21,10576.69,,
2016-09-22,10709.77,,
2016-09-23,10775.01,,
2016-09-26,10729.89,,
2016-09-27,10754.96,,
2016-09-28,10812.15,,
2016-09-29,10546.21,,
2016-09-30,10782.05,,
2016-10-03,11092.75,,
2016-10-04,11209.26,,
2016-10-05,11248.57,,
2016-10-06,11200.34,,
2016-10-07,11170.31,,
2016-10-10,11168.19,,
2016-10-13,11074.05,,
2016-10-14,11254.61,,
2016-10-17,11147.15,,
2016-10-18,11277.07,,
2016-10-19,11291.73,,
2016-10-20,11264.63,,
2016-10-21,11279.39,,
2016-10-24,11255.53,,
2016-10-25,11198.89,,
2016-10-26,11085.64,,
2016-10-27,11020.87,,
2016-10-28,11158.2,,
2016-10-30,11221.71,,
2016-11-01,11180.43,,
2016-11-02,10970.76,,
2016-11-03,10829.29,,
2016-11-04,10661.29,,
2016-11-07,10743.72,,
2016-11-08,10787.03,,
2016-11-09,10468.14,,
2016-11-10,10579.58,,
2016-11-11,10079.47,,
2016-11-15,9620.93,,
2016-11-16,9627.79,,
2016-11-17,9594.51,,
2016-11-18,9591.76,,
2016-11-21,9313.87,,
2016-11-22,9474.49,,
2016-11-23,9618.12,,
2016-11-24,9552.7,,
2016-11-25,9738.43,,
2016-11-28,9804.45,,
2016-11-29,9952.71,,
2016-11-30,10077.98,,
2016-12-01,10011.14,,
2016-12-02,9814.35,,
2016-12-05,9858.53,,
2016-12-06,9888.83,,
2016-12-07,9868.62,,
2016-12-08,10018.6,,
2016-12-09,10031.37,,
2016-12-12,9855.73,,
2016-12-13,9759.51,,
2016-12-14,9671.76,,
2016-12-15,9711.74,,
2016-12-16,9691.01,,
2016-12-19,9695.7,,
2016-12-20,9592.55,,
2016-12-21,9594.28,,
2016-12-22,9502.61,,
2016-12-23,9526.25,,
2016-12-26,9259.45,,
2016-12-27,9440.24,,
2016-12-28,9541.06,,
2016-12-29,9675.49,,
2016-12-30,9737.65,,
2017-01-02,9847.25,,
2017-01-03,9942.07,,
2017-01-04,9956.93,,
2017-01-05,10035.46,,
2017-01-06,10009.98,,
2017-01-09,10078.19,,
2017-01-10,10100.83,,
2017-01-11,10231.95,,
2017-01-12,10251.65,,
2017-01-13,10263.83,,
2017-01-16,10304.81,,
2017-01-17,10360.64,,
2017-01-18,10433.0,,
2017-01-19,10475.62,,
2017-01-20,10330.13,,
2017-01-23,10403.69,,
2017-01-24,10584.08,,
2017-01-25,10779.83,,
2017-01-27,10880.0,,
2017-01-30,10807.58,,
2017-01-31,10727.78,,
2017-02-01,10995.71,,
2017-02-02,11126.02,,
2017-02-03,11210.18,,
2017-02-06,11330.91,,
2017-02-07,11286.06,,
2017-02-08,11298.67,,
2017-02-09,11303.91,,
2017-02-10,11341.71,,
2017-02-13,11260.89,,
2017-02-14,11259.05,,
2017-02-15,11127.52,,
2017-02-16,11342.94,,
2017-02-17,11400.25,,
2017-02-20,11447.36,,
2017-02-21,11511.32,,
2017-02-22,11450.85,,
2017-02-23,11469.16,,
2017-02-27,11502.86,,
2017-02-28,11517.51,,
2017-03-01,11517.72,,
2017-03-02,11319.73,,
2017-03-03,11379.22,,
2017-03-06,11426.84,,
2017-03-07,11434.4,,
2017-03-08,11402.89,,
2017-03-09,11360.2,,
2017-03-10,11323.55,,
2017-03-14,11509.53,,
2017-03-15,11579.87,,
2017-03-16,11710.88,,
2017-03-17,11744.73,,
2017-03-20,11785.36,,
2017-03-21,11772.64,,
2017-03-22,11624.65,,
2017-03-23,11718.09,,
2017-03-24,11714.72,,
2017-03-27,11724.25,,
2017-03-28,11814.53,,
2017-03-29,11915.45,,
2017-03-30,11946.15,,
2017-03-31,12050.45,,
2017-04-03,12142.95,,
2017-04-05,12220.45,,
2017-04-06,12187.71,,
2017-04-07,12147.66,,
2017-04-10,12201.12,,
2017-04-11,12284.03,,
2017-04-12,12203.87,,
2017-04-13,12171.57,,
2017-04-17,12256.05,,
2017-04-18,12235.55,,
2017-04-19,12304.14,,
2017-04-20,12469.22,,
2017-04-21,12405.15,,
2017-04-24,12499.0,,
2017-04-25,12628.49,,
2017-04-26,12591.4,,
2017-04-27,12551.63,,
2017-04-28,12642.7,,
2017-05-02,12733.32,,
2017-05-03,12689.11,,
2017-05-04,12747.45,,
2017-05-05,12668.87,,
2017-05-08,12758.5,,
2017-05-09,12803.64,,
2017-05-10,12865.3,,
2017-05-11,12908.42,,
2017-05-12,12781.89,,
2017-05-15,12952.91,,
2017-05-16,12979.05,,
2017-05-17,12948.31,,
2017-05-18,12698.11,,
2017-05-19,12573.9,,
2017-05-22,12429.22,,
2017-05-23,12271.8,,
2017-05-24,12161.89,,
2017-05-25,12400.46,,
2017-05-26,12581.92,,
2017-05-29,12413.12,,
2017-05-30,12561.09,,
2017-05-31,12690.59,,
2017-06-01,12865.98,,
2017-06-02,12921.05,,
2017-06-05,12991.2,,
2017-06-06,12896.58,,
2017-06-07,13009.43,,
2017-06-08,13075.12,,
2017-06-09,13167.24,,
2017-06-12,13091.3,,
2017-06-13,13125.8,,
2017-06-14,13199.89,,
2017-06-15,13252.96,,
2017-06-16,13272.22,,
2017-06-19,13227.28,,
2017-06-20,13231.21,,
2017-06-21,13250.26,,
2017-06-22,13158.4,,
2017-06-23,12947.46,,
2017-06-27,12727.22,,
2017-06-28,12774.84,,
2017-06-29,12884.47,,
2017-06-30,12981.58,,
2017-07-03,13103.78,,
2017-07-04,13087.43,,
2017-07-05,13206.39,,
2017-07-06,13253.91,,
2017-07-07,13247.58,,
2017-07-10,13284.98,,
2017-07-11,13219.25,,
2017-07-12,13366.88,,
2017-07-13,13433.4,,
2017-07-14,13462.86,,
2017-07-17,13478.78,,
2017-07-18,13407.69,,
2017-07-19,13501.98,,
2017-07-20,13500.35,,
2017-07-21,13438.88,,
2017-07-24,13449.72,,
2017-07-25,13510.2,,
2017-07-26,13542.88,,
2017-07-27,13532.26,,
2017-07-28,13589.76,,
2017-07-31,13630.86,,
2017-08-01,13650.08,,
2017-08-02,13710.06,,
2017-08-03,13591.75,,
2017-08-04,13555.7,,
2017-08-07,13711.34,,
2017-08-08,13589.21,,
2017-08-09,13311.06,,
2017-08-10,12857.16,,
2017-08-11,12830.27,,
2017-08-14,13189.13,,
2017-08-16,13370.51,,
2017-08-17,13384.8,,
2017-08-18,13306.41,,
2017-08-21,13178.76,,
2017-08-22,13084.4,,
2017-08-23,13271.16,,
2017-08-24,13367.33,,
2017-08-28,13539.83,,
2017-08-29,13453.1,,
2017-08-30,13646.72,,
2017-08-31,13730.18,,
2017-09-01,13863.28,,
2017-09-04,13759.82,,
2017-09-05,13910.63,,
2017-09-06,13926.38,,
2017-09-07,14021.51,,
2017-09-08,14019.61,,
2017-09-11,14120.04,,
2017-09-12,14287.85,,
2017-09-13,14188.33,,
2017-09-14,14297.0,,
2017-09-15,14419.28,,
2017-09-18,14590.18,,
2017-09-19,14628.7,,
2017-09-20,14531.37,,
2017-09-21,14504.92,,
2017-09-22,14101.51,,
2017-09-25,13868.48,,
2017-09-26,13983.52,,
2017-09-27,13723.13,,
2017-09-28,13853.5,,
2017-09-29,13968.92,,
2017-10-03,14086.66,,
2017-10-04,14167.05,,
2017-10-05,14265.85,,
2017-10-06,14410.45,,
2017-10-09,14406.31,,
2017-10-10,14576.2,,
2017-10-11,14442.49,,
2017-10-12,14621.45,,
2017-10-13,14617.58,,
2017-10-16,14713.07,,
2017-10-17,14821.47,,
2017-10-18,14876.0,,
2017-10-19,14778.85,,
2017-10-23,14865.83,,
2017-10-24,14884.6,,
2017-10-25,14758.92,,
2017-10-26,14853.46,,
2017-10-27,14868.28,,
2017-10-30,15061.68,,
2017-10-31,15131.81,,
2017-11-01,15120.82,,
2017-11-02,15140.45,,
2017-11-03,15208.61,,
2017-11-06,15251.93,,
2017-11-07,15092.73,,
2017-11-08,14990.74,,
2017-11-09,15156.36,,
2017-11-10,15217.36,,
2017-11-13,15218.26,,
2017-11-14,15195.59,,
2017-11-15,15069.19,,
2017-11-16,15240.5,,
2017-11-17,15382.89,,
2017-11-20,15526.7,,
2017-11-21,15552.15,,
2017-11-22,15555.94,,
2017-11-23,15568.86,,
2017-11-24,15629.77,,
2017-11-27,15709.41,,
2017-11-28,15721.8,,
2017-11-29,15634.17,,
2017-11-30,15647.6,,
2017-12-01,15494.4,,
2017-12-04,15602.8,,
2017-12-05,15696.86,,
2017-12-06,15570.46,,
2017-12-07,15791.71,,
2017-12-08,15953.5,,
2017-12-11,16007.32,,
2017-12-12,15868.1,,
2017-12-13,15757.21,,
2017-12-14,15757.54,,
2017-12-15,15981.76,,
2017-12-18,16102.64,,
2017-12-19,16307.49,,
2017-12-20,16372.31,,
2017-12-21,16539.88,,
2017-12-22,16592.35,,
2017-12-26,16721.41,,
2017-12-27,16632.69,,
2017-12-28,16648.29,,
2017-12-29,16832.32,,
2018-01-01,16779.72,,
2018-01-02,16661.03,,
2018-01-03,16749.64,,
2018-01-04,16852.78,,
2018-01-05,16958.13,,
2018-01-08,17088.01,,
2018-01-09,17107.37,,
2018-01-10,17043.37,,
2018-01-11,17073.49,,
2018-01-12,17087.71,,
2018-01-15,17076.3,,
2018-01-16,16842.3,,
2018-01-17,16921.19,,
2018-01-18,16634.81,,
2018-01-19,16934.89,,
2018-01-22,17107.19,,
2018-01-23,17221.06,,
2018-01-24,17061.61,,
2018-01-25,16959.34,,
2018-01-29,16887.94,,
2018-01-30,16740.5,,
2018-01-31,16422.32,,
2018-02-01,16214.94,,
2018-02-02,15470.65,,
2018-02-05,15332.68,,
2018-02-06,15060.77,,
2018-02-07,15119.9,,
2018-02-08,15433.38,,
2018-02-09,15475.24,,
2018-02-12,15690.25,,
2018-02-14,15858.64,,
2018-02-15,15735.88,,
2018-02-16,15572.71,,
2018-02-19,15381.35,,
2018-02-20,15305.67,,
2018-02-21,15355.98,,
2018-02-22,15271.61,,
2018-02-23,15540.81,,
2018-02-26,15667.87,,
2018-02-27,15615.65,,
2018-02-28,15609.57,,
2018-03-01,15527.08,,
2018-03-05,15391.44,,
2018-03-06,15257.02,,
2018-03-07,15044.1,,
2018-03-08,15180.44,,
2018-03-09,15170.96,,
2018-03-12,15347.77,,
2018-03-13,15481.26,,
2018-03-14,15463.03,,
2018-03-15,15479.16,,
2018-03-16,15322.07,,
2018-03-19,15018.25,,
2018-03-20,15088.78,,
2018-03-21,15153.7,,
2018-03-22,15030.7,,
2018-03-23,14805.6,,
2018-03-26,15011.66,,
2018-03-27,15122.88,,
2018-03-28,15059.65,,
2018-04-02,15336.72,,
2018-04-03,15408.42,,
2018-04-04,15180.15,,
2018-04-05,15432.4,,
2018-04-06,15528.3,,
2018-04-09,15621.93,,
2018-04-10,15583.47,,
2018-04-11,15590.81,,
2018-04-12,15536.51,,
2018-04-13,15603.88,,
2018-04-16,15714.4,,
2018-04-17,15741.03,,
2018-04-18,15700.35,,
2018-04-19,15756.6,,
2018-04-20,15680.27,,
2018-04-23,15724.97,,
2018-04-24,15674.26,,
2018-04-25,15638.08,,
2018-04-26,15706.42,,
2018-04-27,15754.92,,
2018-04-30,15827.84,,
2018-05-02,15562.3,,
2018-05-03,15404.48,,
2018-05-04,15415.17,,
2018-05-07,15562.29,,
2018-05-08,15513.21,,
2018-05-09,15492.94,,
2018-05-10,15305.9,,
2018-05-11,15390.02,,
2018-05-14,15225.39,,
2018-05-15,15049.36,,
2018-05-16,15086.35,,
2018-05-17,15140.14,,
2018-05-18,14972.18,,
2018-05-21,14738.39,,
2018-05-22,14813.66,,
2018-05-23,14734.05,,
2018-05-24,14629.41,,
2018-05-25,14874.65,,
2018-05-28,15089.72,,
2018-05-29,15095.52,,
2018-05-30,15106.41,,
2018-05-31,15071.79,,
2018-06-01,14877.82,,
2018-06-04,14699.88,,
2018-06-05,14547.41,,
2018-06-06,14774.43,,
2018-06-07,14951.97,,
2018-06-08,15026.9,,
2018-06-11,15018.85,,
2018-06-12,15108.75,,
2018-06-13,15093.71,,
2018-06-14,15150.49,,
2018-06-15,15077.93,,
2018-06-18,15081.23,,
2018-06-19,14845.27,,
2018-06-20,14910.58,,
2018-06-21,14867.55,,
2018-06-22,14956.82,,
2018-06-25,14883.61,,
2018-06-26,14849.88,,
2018-06-27,14651.91,,
2018-06-28,14329.04,,
2018-06-29,14647.74,,
2018-07-02,14602.35,,
2018-07-03,14728.46,,
2018-07-04,14769.32,,
2018-07-05,14724.82,,
2018-07-06,14781.93,,
2018-07-09,15022.1,,
2018-07-10,15131.08,,
2018-07-11,15119.52,,
2018-07-12,15128.72,,
2018-07-13,15027.73,,
2018-07-16,14708.44,,
2018-07-17,14914.05,,
2018-07-18,14791.11,,
2018-07-19,14599.57,,
2018-07-20,14794.8,,
2018-07-23,14859.43,,
2018-07-24,15027.99,,
2018-07-25,14980.68,,
2018-07-26,14999.88,,
2018-07-27,15070.48,,
2018-07-30,15057.5,,
2018-07-31,15193.55,,
2018-08-01,15277.5,,
2018-08-02,15228.62,,
2018-08-03,15389.83,,
2018-08-06,15411.76,,
2018-08-07,15494.09,,
2018-08-08,15464.42,,
2018-08-09,15543.16,,
2018-08-10,15547.43,,
2018-08-13,15567.87,,
2018-08-14,15845.22,,
2018-08-16,15905.12,,
2018-08-17,16057.39,,
2018-08-20,16149.14,,
2018-08-21,16195.47,,
2018-08-23,16253.87,,
2018-08-24,16170.22,,
2018-08-27,16377.76,,
2018-08-28,16466.12,,
2018-08-29,16460.27,,
2018-08-30,16435.51,,
2018-08-31,16521.92,,
2018-09-03,16447.49,,
2018-09-04,16135.19,,
2018-09-05,16022.51,,
2018-09-06,16097.58,,
2018-09-07,16274.64,,
2018-09-10,15994.89,,
2018-09-11,15858.25,,
2018-09-12,15906.76,,
2018-09-14,16091.51,,
2018-09-17,15997.18,,
2018-09-18,15880.4,,
2018-09-19,15713.46,,
2018-09-21,15505.85,,
2018-09-24,15170.04,,
2018-09-25,15104.85,,
2018-09-26,15113.38,,
2018-09-27,14819.15,,
2018-09-28,14575.52,,
2018-10-01,14517.69,,
2018-10-03,14306.12,,
2018-10-04,13948.16,,
2018-10-05,13564.49,,
2018-10-08,13260.25,,
2018-10-09,13143.45,,
2018-10-10,13600.89,,
2018-10-11,13293.51,,
2018-10-12,13619.98,,
2018-10-15,13778.04,,
2018-10-16,13982.71,,
2018-10-17,13805.15,,
2018-10-19,13530.08,,
2018-10-22,13393.66,,
2018-10-23,13168.13,,
2018-10-24,13236.02,,
2018-10-25,13093.75,,
2018-10-26,13116.33,,
2018-10-29,13425.98,,
2018-10-30,13523.7,,
2018-10-31,13800.3,,
2018-11-01,13823.03,,
2018-11-02,13777.71,,
2018-11-05,13679.7,,
2018-11-06,13620.11,,
2018-11-07,13747.06,,
2018-11-09,13898.2,,
2018-11-12,13825.73,,
2018-11-13,13837.7,,
2018-11-14,13837.26,,
2018-11-15,13830.95,,
2018-11-16,13829.46,,
2018-11-19,13858.44,,
2018-11-20,13713.9,,
2018-11-21,13723.46,,
2018-11-22,13642.78,,
2018-11-26,13659.24,,
2018-11-27,13683.15,,
2018-11-28,13637.71,,
2018-11-29,13613.85,,
2018-11-30,13816.59,,
2018-12-03,13883.5,,
2018-12-04,13888.97,,
2018-12-05,13766.69,,
2018-12-06,13547.03,,
2018-12-07,13496.4,,
2018-12-10,13177.29,,
2018-12-11,13368.26,,
2018-12-12,13761.26,,
2018-12-13,13839.59,,
2018-12-14,13854.45,,
2018-12-17,13891.85,,
2018-12-18,13916.35,,
2018-12-19,14068.61,,
2018-12-20,14088.53,,
2018-12-21,13931.48,,
2018-12-24,13738.86,,
2018-12-26,13697.58,,
2018-12-27,13708.3,,
2018-12-28,13828.86,,
2018-12-31,13878.39,,
2019-01-01,13849.39,,
2019-01-02,13715.41,,
2019-01-03,13641.67,,
2019-01-04,13646.25,,
2019-01-07,13683.43,,
2019-01-08,13710.3,,
2019-01-09,13760.23,,
2019-01-10,13825.71,,
2019-01-11,13805.64,,
2019-01-14,13822.44,,
2019-01-15,13879.59,,
2019-01-16,13853.7,,
2019-01-17,13815.34,,
2019-01-18,13770.24,,
2019-01-21,13711.02,,
2019-01-22,13711.93,,
2019-01-23,13709.36,,
2019-01-24,13668.29,,
2019-01-25,13475.13,,
2019-01-28,13226.1,,
2019-01-29,13285.06,,
2019-01-30,13409.25,,
2019-01-31,13548.77,,
2019-02-01,13652.47,,
2019-02-04,13646.23,,
2019-02-05,13557.36,,
2019-02-06,13602.03,,
2019-02-07,13637.62,,
2019-02-08,13532.97,,
2019-02-11,13289.68,,
2019-02-12,13252.32,,
2019-02-13,13302.56,,
2019-02-14,13341.72,,
2019-02-15,13200.19,,
2019-02-18,13061.37,,
2019-02-19,13067.0,,
2019-02-20,13137.7,,
2019-02-21,13218.09,,
2019-02-22,13266.82,,
2019-02-25,13347.24,,
2019-02-26,13336.35,,
2019-02-27,13375.81,,
2019-02-28,13449.44,,
2019-03-01,13548.17,,
2019-03-05,13702.79,,
2019-03-06,13767.92,,
2019-03-07,13727.11,,
2019-03-08,13759.72,,
2019-03-11,13921.21,,
2019-03-12,14030.01,,
2019-03-13,13928.18,,
2019-03-14,13939.46,,
2019-03-15,14008.34,,
2019-03-18,13917.41,,
2019-03-19,13964.8,,
2019-03-20,13969.49,,
2019-03-22,13942.18,,
2019-03-25,13839.51,,
2019-03-26,13987.48,,
2019-03-27,14010.48,,
2019-03-28,14215.68,,
2019-03-29,14290.05,,
2019-04-01,14359.41,,
2019-04-02,14363.46,,
2019-04-03,14248.01,,
2019-04-04,14229.11,,
2019-04-05,14285.95,,
2019-04-08,14192.11,,
2019-04-09,14260.47,,
2019-04-10,14276.08,,
2019-04-11,14252.84,,
2019-04-12,14284.91,,
2019-04-15,14363.42,,
2019-04-16,14398.01,,
2019-04-18,14289.66,,
2019-04-22,14140.07,,
2019-04-23,14116.99,,
2019-04-24,14190.43,,
2019-04-25,14124.31,,
2019-04-26,14081.38,,
2019-04-30,14026.57,,
2019-05-02,13977.84,,
2019-05-03,13918.79,,
2019-05-06,13816.04,,
2019-05-07,13734.88,,
2019-05-08,13559.21,,
2019-05-09,13510.05,,
2019-05-10,13568.02,,
2019-05-13,13402.32,,
2019-05-14,13404.5,,
2019-05-15,13385.29,,
2019-05-16,13410.0,,
2019-05-17,13551.74,,
2019-05-20,13892.21,,
2019-05-21,13863.64,,
2019-05-22,13867.79,,
2019-05-23,13824.84,,
2019-05-24,13980.5,,
2019-05-27,13987.98,,
2019-05-28,14082.1,,
2019-05-29,13983.93,,
2019-05-30,14073.37,,
2019-05-31,14067.14,,
2019-06-03,14280.71,,
2019-06-04,14184.18,,
2019-06-06,14061.86,,
2019-06-07,14076.42,,
2019-06-10,14140.83,,
2019-06-11,14208.73,,
2019-06-12,14122.38,,
2019-06-13,14074.24,,
2019-06-14,13965.18,,
2019-06-17,13844.8,,
2019-06-18,13818.16,,
2019-06-19,13697.9,,
2019-06-20,13846.41,,
2019-06-21,13842.12,,
2019-06-24,13877.54,,
2019-06-25,13973.13,,
2019-06-26,13991.22,,
2019-06-27,14074.02,,
2019-06-28,14114.23,,
2019-07-01,14119.29,,
2019-07-02,14192.73,,
2019-07-03,14185.72,,
2019-07-04,14148.08,,
2019-07-05,13940.22,,
2019-07-08,13587.4,,
2019-07-09,13602.64,,
2019-07-10,13461.22,,
2019-07-11,13545.77,,
2019-07-12,13581.3,,
2019-07-15,13510.29,,
2019-07-16,13634.44,,
2019-07-17,13587.61,,
2019-07-18,13365.76,,
2019-07-19,13086.59,,
2019-07-22,12991.61,,
2019-07-23,12974.74,,
2019-07-24,12778.72,,
2019-07-25,12888.2,,
2019-07-26,12901.15,,
2019-07-29,12811.25,,
2019-07-30,12666.9,,
2019-07-31,12782.51,,
2019-08-01,12663.4,,
2019-08-02,12647.84,,
2019-08-05,12508.55,,
2019-08-06,12764.17,,
2019-08-07,12719.59,,
2019-08-08,12830.16,,
2019-08-09,12979.05,,
2019-08-13,12709.96,,
2019-08-14,12831.91,,
2019-08-16,12915.81,,
2019-08-19,12984.11,,
2019-08-20,12894.43,,
2019-08-21,12744.35,,
2019-08-22,12513.65,,
2019-08-23,12589.87,,
2019-08-26,12734.75,,
2019-08-27,12832.72,,
2019-08-28,12692.92,,
2019-08-29,12654.43,,
2019-08-30,12815.61,,
2019-09-03,12622.06,,
2019-09-04,12701.75,,
2019-09-05,12704.58,,
2019-09-06,12772.28,,
2019-09-09,12949.44,,
2019-09-11,12999.39,,
2019-09-12,12884.98,,
2019-09-13,12972.57,,
2019-09-16,12934.88,,
2019-09-17,12704.02,,
2019-09-18,12750.96,,
2019-09-19,12537.32,,
2019-09-20,13240.14,,
2019-09-23,13654.1,,
2019-09-24,13624.8,,
2019-09-25,13412.61,,
2019-09-26,13491.05,,
2019-09-27,13447.5,,
2019-09-30,13275.22,,
2019-10-01,13038.0,,
2019-10-03,13076.93,,
2019-10-04,13046.94,,
2019-10-07,13064.83,,
2019-10-09,13235.07,,
2019-10-10,13086.42,,
2019-10-11,13124.64,,
2019-10-14,13148.33,,
2019-10-15,13162.55,,
2019-10-16,13138.05,,
2019-10-17,13371.78,,
2019-10-18,13574.35,,
2019-10-22,13606.55,,
2019-10-23,13619.96,,
2019-10-24,13665.88,,
2019-10-25,13658.12,,
2019-10-27,13759.0,,
2019-10-29,13891.04,,
2019-10-30,13937.16,,
2019-10-31,14200.94,,
2019-11-01,14252.35,,
2019-11-04,14200.35,,
2019-11-05,14052.17,,
2019-11-06,14019.02,,
2019-11-07,14151.88,,
2019-11-08,14080.43,,
2019-11-11,14158.68,,
2019-11-13,14057.88,,
2019-11-14,14119.82,,
2019-11-15,14141.87,,
2019-11-18,14277.94,,
2019-11-19,14297.47,,
2019-11-20,14303.41,,
2019-11-21,14155.48,,
2019-11-22,14161.04,,
2019-11-25,14251.27,,
2019-11-26,14133.38,,
2019-11-27,14229.79,,
2019-11-28,14340.1,,
2019-11-29,14401.4,,
2019-12-02,14387.74,,
2019-12-03,14287.31,,
2019-12-04,14344.97,,
2019-12-05,14341.64,,
2019-12-06,14176.71,,
2019-12-09,14191.09,,
2019-12-10,14061.61,,
2019-12-11,14238.66,,
2019-12-12,14284.49,,
2019-12-13,14410.63,,
2019-12-16,14363.9,,
2019-12-17,14418.85,,
2019-12-18,14411.3,,
2019-12-19,14416.06,,
2019-12-20,14440.7,,
2019-12-23,14378.63,,
2019-12-24,14364.41,,
2019-12-26,14399.36,,
2019-12-27,14513.3,,
2019-12-30,14561.01,,
2019-12-31,14557.44,,
2020-01-01,14599.97,,
2020-01-02,14697.01,,
2020-01-03,14653.84,,
2020-01-06,14374.28,,
2020-01-07,14471.87,,
2020-01-08,14541.82,,
2020-01-09,14706.15,,
2020-01-10,14726.21,,
2020-01-13,14806.71,,
2020-01-14,14950.0,,
2020-01-15,15133.22,,
2020-01-16,15270.33,,
2020-01-17,15322.55,,
2020-01-20,15285.89,,
2020-01-21,15250.1,,
2020-01-22,15197.41,,
2020-01-23,15484.35,,
2020-01-24,15671.26,,
2020-01-27,15710.36,,
2020-01-28,15751.41,,
2020-01-29,15761.64,,
2020-01-30,15723.61,,
2020-01-31,15706.22,,
2020-02-01,15373.67,,
2020-02-03,15557.92,,
2020-02-04,15680.44,,
2020-02-05,15829.74,,
2020-02-06,15876.81,,
2020-02-07,16065.43,,
2020-02-10,16007.31,,
2020-02-11,16034.86,,
2020-02-12,16093.05,,
2020-02-13,16100.3,,
2020-02-14,16019.59,,
2020-02-17,15896.87,,
2020-02-18,15924.45,,
2020-02-19,16205.21,,
2020-02-20,16273.69,,
2020-02-24,16063.96,,
2020-02-25,15969.04,,
2020-02-26,15794.07,,
2020-02-27,15656.52,,
2020-02-28,15280.61,,
2020-03-02,15195.32,,
2020-03-03,15489.7,,
2020-03-04,15222.25,,
2020-03-05,15275.02,,
2020-03-06,15072.83,,
2020-03-09,14495.14,,
2020-03-11,14399.19,,
2020-03-12,13331.89,,
2020-03-13,13699.59,,
2020-03-16,12963.01,,
2020-03-17,12637.72,,
2020-03-18,11811.51,,
2020-03-19,11303.69,,
2020-03-20,11947.97,,
2020-03-23,10400.02,,
2020-03-24,10508.33,,
2020-03-25,10927.02,,
2020-03-26,11388.19,,
2020-03-27,11346.83,,
2020-03-30,11186.55,,
2020-03-31,11505.02,,
2020-04-01,11300.88,,
2020-04-03,11260.34,,
2020-04-07,11912.68,,
2020-04-08,12090.51,,
2020-04-09,12438.45,,
2020-04-13,12273.52,,
2020-04-15,12378.65,,
2020-04-16,12559.95,,
2020-04-17,12742.97,,
2020-04-20,12757.24,,
2020-04-21,12482.0,,
2020-04-22,12562.9,,
2020-04-23,12678.28,,
2020-04-24,12450.72,,
2020-04-27,12704.7,,
2020-04-28,12866.64,,
2020-04-29,13042.95,,
2020-04-30,13253.48,,
2020-05-04,12802.92,,
2020-05-05,12685.17,,
2020-05-06,12778.11,,
2020-05-07,12671.64,,
2020-05-08,12686.88,,
2020-05-11,12717.54,,
2020-05-12,12600.74,,
2020-05-13,12788.75,,
2020-05-14,12812.05,,
2020-05-15,12720.2,,
2020-05-18,12235.46,,
2020-05-19,12224.94,,
2020-05-20,12397.81,,
2020-05-21,12500.3,,
2020-05-22,12413.11,,
2020-05-26,12569.7,,
2020-05-27,12556.41,,
2020-05-28,12707.29,,
2020-05-29,12810.8,,
2020-06-01,13140.67,,
2020-06-02,13297.62,,
2020-06-03,13424.55,,
2020-06-04,13431.44,,
2020-06-05,13574.25,,
2020-06-08,13579.07,,
2020-06-09,13511.38,,
2020-06-10,13623.52,,
2020-06-11,13482.65,,
2020-06-12,13595.34,,
2020-06-15,13468.7,,
2020-06-16,13498.2,,
2020-06-17,13482.71,,
2020-06-18,13561.34,,
2020-06-19,13699.94,,
2020-06-22,13886.33,,
2020-06-23,14161.35,,
2020-06-24,13960.18,,
2020-06-25,14160.2,,
2020-06-26,14176.57,,
2020-06-29,14062.39,,
2020-06-30,14058.94,,
2020-07-01,14023.67,,
2020-07-02,14142.04,,
2020-07-03,14247.53,,
2020-07-06,14392.84,,
2020-07-07,14409.18,,
2020-07-08,14328.96,,
2020-07-09,14394.95,,
2020-07-10,14394.85,,
2020-07-13,14363.1,,
2020-07-14,14335.7,,
2020-07-15,14314.33,,
2020-07-16,14414.14,,
2020-07-17,14555.25,,
2020-07-20,14649.1,,
2020-07-21,14613.8,,
2020-07-22,14612.7,,
2020-07-23,14702.46,,
2020-07-24,14690.04,,
2020-07-27,14539.85,,
2020-07-28,14611.85,,
2020-07-29,14707.34,,
2020-07-30,14649.49,,
2020-07-31,14807.97,,
2020-08-03,14888.83,,
2020-08-04,15065.99,,
2020-08-05,15134.44,,
2020-08-06,15301.93,,
2020-08-07,15534.52,,
2020-08-10,15717.7,,
2020-08-11,15538.86,,
2020-08-12,15449.3,,
2020-08-13,15601.84,,
2020-08-14,15501.86,,
2020-08-17,15481.75,,
2020-08-18,15595.42,,
2020-08-19,15651.42,,
2020-08-20,15685.13,,
2020-08-21,15803.94,,
2020-08-24,15966.44,,
2020-08-25,16045.4,,
2020-08-26,16063.37,,
2020-08-27,16066.62,,
2020-08-28,16048.16,,
2020-08-31,15459.14,,
2020-09-01,15582.56,,
2020-09-02,15873.49,,
2020-09-03,16047.81,,
2020-09-04,15829.44,,
2020-09-07,15729.67,,
2020-09-08,15594.93,,
2020-09-09,15565.68,,
2020-09-10,15723.5,,
2020-09-11,15825.14,,
2020-09-14,16280.08,,
2020-09-15,16469.15,,
2020-09-16,16544.35,,
2020-09-17,16513.35,,
2020-09-18,16534.74,,
2020-09-21,16051.46,,
2020-09-22,15869.12,,
2020-09-23,15795.86,,
2020-09-24,15595.29,,
2020-09-25,15922.52,,
2020-09-28,16291.28,,
2020-09-29,16253.02,,
2020-09-30,16290.57,,
2020-10-01,16317.65,,
2020-10-05,16293.63,,
2020-10-06,16333.66,,
2020-10-07,16298.36,,
2020-10-08,16324.49,,
2020-10-09,16198.49,,
2020-10-12,16296.57,,
2020-10-13,16238.25,,
2020-10-14,16225.36,,
2020-10-15,16004.38,,
2020-10-16,16038.62,,
2020-10-19,16036.95,,
2020-10-20,16085.64,,
2020-10-21,16083.66,,
2020-10-22,16113.69,,
2020-10-23,16191.31,,
2020-10-26,16008.03,,
2020-10-27,16278.82,,
2020-10-28,16202.89,,
2020-10-29,16180.07,,
2020-10-30,16171.98,,
2020-11-02,16156.56,,
2020-11-03,16213.23,,
2020-11-04,16350.13,,
2020-11-05,16616.73,,
2020-11-06,16661.86,,
2020-11-09,16767.94,,
2020-11-10,16373.19,,
2020-11-11,16511.05,,
2020-11-12,16598.42,,
2020-11-13,16824.94,,
2020-11-14,16917.94,,
2020-11-17,17030.24,,
2020-11-18,17179.7,,
2020-11-19,17052.95,,
2020-11-20,17309.58,,
2020-11-23,17538.8,,
2020-11-24,17594.7,,
2020-11-25,17166.79,,
2020-11-26,17265.2,,
2020-11-27,17577.63,,
2020-12-01,17637.2,,
2020-12-02,17718.95,,
2020-12-03,17714.46,,
2020-12-04,17770.74,,
2020-12-07,17878.68,,
2020-12-08,17871.32,,
2020-12-09,17890.1,,
2020-12-10,17831.6,,
2020-12-11,17847.95,,
2020-12-14,17906.0,,
2020-12-15,17871.4,,
2020-12-16,18042.61,,
2020-12-17,18051.81,,
2020-12-18,18060.6,,
2020-12-21,17548.19,,
2020-12-22,17728.34,,
2020-12-23,18117.83,,
2020-12-24,18178.37,,
2020-12-28,18293.36,,
2020-12-29,18216.32,,
2020-12-30,18269.04,,
2020-12-31,18316.06,,
2021-01-01,18501.06,,
2021-01-04,18775.65,,
2021-01-05,18899.06,,
2021-01-06,18922.63,,
2021-01-07,19084.04,,
2021-01-08,19282.17,,
2021-01-11,19299.86,,
2021-01-12,19360.62,,
2021-01-13,19208.5,,
2021-01-14,19217.76,,
2021-01-15,19027.94,,
2021-01-18,18718.95,,
2021-01-19,19058.86,,
2021-01-20,19267.7,,
2021-01-21,19060.79,,
2021-01-22,18869.19,,
2021-01-25,18750.87,,
2021-01-27,18514.33,,
2021-01-28,18397.74,,
2021-01-29,18213.52,,
2021-02-01,18747.2,,
2021-02-02,19219.0,,
2021-02-03,19528.54,,
2021-02-04,19816.8,,
2021-02-05,19682.65,,
2021-02-08,20073.59,,
2021-02-09,20041.57,,
2021-02-10,20169.24,,
2021-02-11,20252.82,,
2021-02-12,20326.69,,
2021-02-15,20742.59,,
2021-02-16,21010.54,,
2021-02-17,21082.53,,
2021-02-18,21094.5,,
2021-02-19,20808.93,,
2021-02-22,20750.01,,
2021-02-23,20927.67,,
2021-02-24,21039.19,,
2021-02-25,21245.49,,
2021-02-26,21088.69,,
2021-03-01,21404.29,,
2021-03-02,21855.63,,
2021-03-03,22319.93,,
2021-03-04,22469.06,,
2021-03-05,22128.7,,
2021-03-08,22219.13,,
2021-03-09,22171.64,,
2021-03-10,22371.02,,
2021-03-12,22400.66,,
2021-03-15,22330.85,,
2021-03-16,22399.66,,
2021-03-17,21949.8,,
2021-03-18,21663.62,,
2021-03-19,21836.26,,
2021-03-22,22305.34,,
2021-03-23,22612.06,,
2021-03-24,22296.81,,
2021-03-25,21853.1,,
2021-03-26,22199.13,,
2021-03-30,22767.07,,
2021-03-31,22874.03,,
2021-04-01,23408.44,,
2021-04-05,23398.22,,
2021-04-06,23756.57,,
2021-04-07,23812.47,,
2021-04-08,23820.08,,
2021-04-09,24091.07,,
2021-04-12,22856.35,,
2021-04-13,23141.5,,
2021-04-15,23309.09,,
2021-04-16,23716.46,,
2021-04-19,23503.38,,
2021-04-20,23584.73,,
2021-04-22,23708.88,,
2021-04-23,23649.95,,
2021-04-26,23769.37,,
2021-04-27,24107.35,,
2021-04-28,24161.41,,
2021-04-29,24164.56,,
2021-04-30,23910.38,,
2021-05-03,24289.77,,
2021-05-04,24210.15,,
2021-05-05,24459.45,,
2021-05-06,24803.77,,
2021-05-07,24616.36,,
2021-05-10,24695.83,,
2021-05-11,24850.34,,
2021-05-12,24575.69,,
2021-05-14,24018.49,,
2021-05-17,24590.46,,
2021-05-18,25077.76,,
2021-05-19,24985.29,,
2021-05-20,25027.54,,
2021-05-21,25147.55,,
2021-05-24,25233.3,,
2021-05-25,25100.56,,
2021-05-26,25254.22,,
2021-05-27,25347.49,,
2021-05-28,25211.91,,
2021-05-31,25398.02,,
2021-06-01,25736.01,,
2021-06-02,26438.08,,
2021-06-03,26823.4,,
2021-06-04,27095.57,,
2021-06-07,27149.96,,
2021-06-08,27384.82,,
2021-06-09,27082.76,,
2021-06-10,27433.28,,
2021-06-11,27540.91,,
2021-06-14,27229.37,,
2021-06-15,27229.92,,
2021-06-16,26783.07,,
2021-06-17,26333.8,,
2021-06-18,26241.41,,
2021-06-21,26485.4,,
2021-06-22,26609.15,,
2021-06-23,26345.2,,
2021-06-24,26186.52,,
2021-06-25,26370.0,,
2021-06-28,26431.74,,
2021-06-29,26309.8,,
2021-06-30,26513.21,,
2021-07-01,26388.82,,
2021-07-02,26494.82,,
2021-07-05,26464.6,,
2021-07-06,26418.68,,
2021-07-07,26529.33,,
2021-07-08,26413.92,,
2021-07-09,26558.76,,
2021-07-12,26609.48,,
2021-07-13,26633.68,,
2021-07-14,26760.7,,
2021-07-15,27018.19,,
2021-07-16,26969.76,,
2021-07-19,26730.98,,
2021-07-20,26434.6,,
2021-07-22,26749.17,,
2021-07-23,26992.73,,
2021-07-26,27108.44,,
2021-07-27,26986.49,,
2021-07-28,26871.88,,
2021-07-29,27238.11,,
2021-07-30,27539.54,,
2021-08-02,27846.88,,
2021-08-03,27959.99,,
2021-08-04,27706.9,,
2021-08-05,27904.07,,
2021-08-06,27931.0,,
2021-08-09,27761.66,,
2021-08-10,27399.66,,
2021-08-11,27370.93,,
2021-08-12,27767.46,,
2021-08-13,27772.89,,
2021-08-16,27799.78,,
2021-08-17,28110.27,,
2021-08-18,28190.54,,
2021-08-20,27757.59,,
2021-08-23,27621.68,,
2021-08-24,28002.9,,
2021-08-25,28133.78,,
2021-08-26,28176.1,,
2021-08-27,28556.88,,
2021-08-30,29098.77,,
2021-08-31,29322.23,,
2021-09-01,29430.46,,
2021-09-02,29740.36,,
2021-09-03,29871.13,,
2021-09-06,29990.83,,
2021-09-07,29945.18,,
2021-09-08,30024.66,,
2021-09-09,30153.82,,
2021-09-13,30370.67,,
2021-09-14,30564.36,,
2021-09-15,31050.94,,
2021-09-16,31221.2,,
2021-09-17,30865.28,,
2021-09-20,30336.11,,
2021-09-21,30520.56,,
2021-09-22,30716.39,,
2021-09-23,31097.93,,
2021-09-24,30943.56,,
2021-09-27,30667.19,,
2021-09-28,30348.5,,
2021-09-29,30700.03,,
2021-09-30,30970.77,,
2021-10-01,30981.57,,
2021-10-04,31537.5,,
2021-10-05,31756.2,,
2021-10-06,31693.13,,
2021-10-07,32216.15,,
2021-10-08,32484.51,,
2021-10-11,32518.68,,
2021-10-12,32490.34,,
2021-10-13,33229.38,,
2021-10-14,33574.79,,
2021-10-18,33954.37,,
2021-10-19,33340.34,,
2021-10-20,32589.14,,
2021-10-21,32169.41,,
2021-10-22,31776.35,,
2021-10-25,31318.31,,
2021-10-26,31927.58,,
2021-10-27,32052.91,,
2021-10-28,31409.64,,
2021-10-29,31389.96,,
2021-11-01,31918.88,,
2021-11-02,32128.42,,
2021-11-03,31989.43,,
2021-11-04,32270.35,,
2021-11-08,32648.65,,
2021-11-09,33012.49,,
2021-11-10,32969.47,,
2021-11-11,32873.25,,
2021-11-12,33048.97,,
2021-11-15,33198.18,,
2021-11-16,33161.26,,
2021-11-17,33094.7,,
2021-11-18,32496.48,,
2021-11-22,31541.49,,
2021-11-23,32135.59,,
2021-11-24,31937.07,,
2021-11-25,32050.2,,
2021-11-26,30887.89,,
2021-11-29,30578.72,,
2021-11-30,30807.11,,
2021-12-01,31239.26,,
2021-12-02,31826.28,,
2021-12-03,31638.05,,
2021-12-06,31017.16,,
2021-12-07,31480.09,,
2021-12-08,32045.11,,
2021-12-09,32288.07,,
2021-12-10,32526.88,,
2021-12-13,32565.17,,
2021-12-14,32625.49,,
2021-12-15,32455.61,,
2021-12-16,32410.29,,
2021-12-17,31805.1,,
2021-12-20,30556.47,,
2021-12-21,30995.61,,
2021-12-22,31569.09,,
2021-12-23,31818.9,,
2021-12-24,31558.78,,
2021-12-27,31723.09,,
2021-12-28,32081.01,,
2021-12-29,32081.83,,
2021-12-30,32110.59,,
2021-12-31,32443.21,,
2022-01-03,32799.75,,
2022-01-04,32912.27,,
2022-01-05,32629.26,,
2022-01-06,32482.99,,
2022-01-07,32657.65,,
2022-01-10,32711.76,,
2022-01-11,32741.11,,
2022-01-12,33163.14,,
2022-01-13,33412.87,,
2022-01-14,33433.45,,
2022-01-17,33569.03,,
2022-01-18,32916.36,,
2022-01-19,32871.22,,
2022-01-20,32991.09,,
2022-01-21,32169.78,,
2022-01-24,30892.92,,
2022-01-25,31224.73,,
2022-01-27,30525.26,,
2022-01-28,31124.69,,
2022-01-31,31750.24,,
2022-02-01,31959.5,,
2022-02-02,32260.04,,
2022-02-03,31818.88,,
2022-02-04,31684.44,,
2022-02-07,31431.85,,
2022-02-08,31143.48,,
2022-02-09,31611.13,,
2022-02-10,31669.5,,
2022-02-11,30868.58,,
2022-02-14,29761.95,,
2022-02-15,30603.59,,
2022-02-16,30506.38,,
2022-02-17,30432.95,,
2022-02-18,30232.93,,
2022-02-21,30011.2,,
2022-02-22,29881.39,,
2022-02-23,29934.73,,
2022-02-24,28306.47,,
2022-02-25,29587.71,,
2022-02-28,29880.02,,
2022-03-02,29833.53,,
2022-03-03,29905.64,,
2022-03-04,29338.37,,
2022-03-07,28727.97,,
2022-03-08,29088.85,,
2022-03-09,29666.61,,
2022-03-10,29967.44,,
2022-03-11,30078.11,,
2022-03-14,30270.93,,
2022-03-15,29906.58,,
2022-03-16,30478.36,,
2022-03-17,30757.75,,
2022-03-21,30782.54,,
2022-03-22,30884.37,,
2022-03-23,30968.61,,
2022-03-24,31196.24,,
2022-03-25,31236.13,,
2022-03-28,31226.22,,
2022-03-29,31401.04,,
2022-03-30,31976.66,,
2022-03-31,31916.98,,
2022-04-01,32067.26,,
2022-04-04,32446.91,,
2022-04-05,33006.82,,
2022-04-06,32889.39,,
2022-04-07,32530.5,,
2022-04-08,32760.15,,
2022-04-11,32744.94,,
2022-04-12,32133.77,,
2022-04-13,32123.97,,
2022-04-18,31534.69,,
2022-04-19,30996.6,,
2022-04-20,31186.24,,
2022-04-21,31587.11,,
2022-04-22,31472.7,,
2022-04-25,30940.97,,
2022-04-26,31187.41,,
2022-04-27,31032.2,,
2022-04-28,31222.68,,
2022-04-29,31116.15,,
2022-05-02,30770.65,,
2022-05-04,30260.02,,
2022-05-05,30386.01,,
2022-05-06,29670.58,,
2022-05-09,29087.93,,
2022-05-10,28432.5,,
2022-05-11,28278.02,,
2022-05-12,27684.25,,
2022-05-13,28077.6,,
2022-05-16,28377.19,,
2022-05-17,29141.12,,
2022-05-18,29197.98,,
2022-05-19,28361.05,,
2022-05-20,28856.33,,
2022-05-23,28744.25,,
2022-05-24,28532.86,,
2022-05-25,27724.62,,
2022-05-26,27954.97,,
2022-05-27,28428.98,,
2022-05-30,29191.55,,
2022-05-31,29340.31,,
2022-06-01,29454.1,,
2022-06-02,29575.02,,
2022-06-03,29097.98,,
2022-06-06,29080.87,,
2022-06-07,28856.89,,
2022-06-08,28627.23,,
2022-06-09,28829.21,,
2022-06-10,28644.65,,
2022-06-13,27839.74,,
2022-06-14,27809.04,,
2022-06-15,27881.44,,
2022-06-16,27183.32,,
2022-06-17,26968.65,,
2022-06-20,26305.22,,
2022-06-21,27050.18,,
2022-06-22,26652.41,,
2022-06-23,27083.02,,
2022-06-24,27354.18,,
2022-06-27,27809.83,,
2022-06-28,27953.13,,
2022-06-29,27909.6,,
2022-06-30,27613.82,,
2022-07-01,27500.57,,
2022-07-04,27746.41,,
2022-07-05,27808.69,,
2022-07-06,28259.07,,
2022-07-07,28638.3,,
2022-07-08,28697.88,,
2022-07-11,28948.73,,
2022-07-12,28772.1,,
2022-07-13,28796.38,,
2022-07-14,28763.13,,
2022-07-15,29041.07,,
2022-07-18,29414.2,,
2022-07-19,29686.04,,
2022-07-20,29747.55,,
2022-07-21,30145.14,,
2022-07-22,30182.07,,
2022-07-25,30311.24,,
2022-07-26,29971.41,,
2022-07-27,30083.07,,
2022-07-28,30345.32,,
2022-07-29,30767.0,,
2022-08-01,31122.65,,
2022-08-02,31201.9,,
2022-08-03,31174.98,,
2022-08-04,31342.2,,
2022-08-05,31493.87,,
2022-08-08,31823.07,,
2022-08-10,31851.93,,
2022-08-11,32248.34,,
2022-08-12,32570.44,,
2022-08-16,33162.98,,
2022-08-17,33196.76,,
2022-08-18,33276.54,,
2022-08-19,32826.14,,
2022-08-22,32174.06,,
2022-08-23,32462.07,,
2022-08-24,32590.95,,
2022-08-25,32628.21,,
2022-08-26,32757.87,,
2022-08-29,32468.09,,
2022-08-30,33116.87,,
2022-09-01,33321.99,,
2022-09-02,33272.36,,
2022-09-05,33602.24,,
2022-09-06,33606.03,,
2022-09-07,33667.41,,
2022-09-08,33702.21,,
2022-09-09,33869.89,,
2022-09-12,34353.1,,
2022-09-13,34379.39,,
2022-09-14,34191.94,,
2022-09-15,34366.91,,
2022-09-16,33601.99,,
2022-09-19,33616.09,,
2022-09-20,34104.93,,
2022-09-21,34005.73,,
2022-09-22,34210.96,,
2022-09-23,33576.86,,
2022-09-26,32441.67,,
2022-09-27,32402.73,,
2022-09-28,32413.26,,
2022-09-29,32609.46,,
2022-09-30,33143.91,,
2022-10-03,32801.94,,
2022-10-04,33553.83,,
2022-10-06,34197.83,,
2022-10-07,34270.44,,
2022-10-10,33960.47,,
2022-10-11,33383.07,,
2022-10-12,33486.14,,
2022-10-13,33202.18,,
2022-10-14,33120.51,,
2022-10-17,33164.5,,
2022-10-18,33596.4,,
2022-10-19,33464.66,,
2022-10-20,33458.78,,
2022-10-21,33190.08,,
2022-10-24,33410.93,,
2022-10-25,33544.8,,
2022-10-27,33714.83,,
2022-10-28,33383.13,,
2022-10-31,33895.35,,
2022-11-01,34215.14,,
2022-11-02,34224.95,,
2022-11-03,34204.77,,
2022-11-04,34110.02,,
2022-11-07,34365.0,,
2022-11-09,34055.23,,
2022-11-10,33708.81,,
2022-11-11,33591.61,,
2022-11-14,33446.44,,
2022-11-15,33362.16,,
2022-11-16,33356.95,,
2022-11-17,33236.75,,
2022-11-18,33068.07,,
2022-11-21,33168.36,,
2022-11-22,33241.59,,
2022-11-23,33281.04,,
2022-11-24,33398.86,,
2022-11-25,33592.08,,
2022-11-28,33812.63,,
2022-11-29,33613.63,,
2022-11-30,33847.33,,
2022-12-01,34163.75,,
2022-12-02,34380.93,,
2022-12-05,34255.51,,
2022-12-06,34062.44,,
2022-12-07,33844.99,,
2022-12-08,33899.99,,
2022-12-09,33738.38,,
2022-12-12,33700.5,,
2022-12-13,33689.62,,
2022-12-14,33928.56,,
2022-12-15,33470.58,,
2022-12-16,32841.91,,
2022-12-19,32954.06,,
2022-12-20,32983.67,,
2022-12-21,32347.36,,
2022-12-22,32014.01,,
2022-12-23,30897.48,,
2022-12-26,31706.85,,
2022-12-27,31975.67,,
2022-12-28,32181.43,,
2022-12-29,32132.36,,
2022-12-30,32311.43,,
2023-01-02,32524.14,,
2023-01-03,32608.82,,
2023-01-04,32289.83,,
2023-01-05,32365.36,,
2023-01-06,32115.1,,
2023-01-09,32403.8,,
2023-01-10,32081.02,,
2023-01-11,32002.28,,
2023-01-12,31925.47,,
2023-01-13,32022.37,,
2023-01-16,32042.8,,
2023-01-17,31993.77,,
2023-01-18,32047.11,,
2023-01-19,31996.71,,
2023-01-20,31799.61,,
2023-01-23,31650.55,,
2023-01-24,31557.54,,
2023-01-25,31218.43,,
2023-01-27,30889.26,,
2023-01-30,30809.13,,
2023-01-31,31359.23,,
2023-02-01,31164.05,,
2023-02-02,31195.58,,
2023-02-03,31300.99,,
2023-02-06,31438.08,,
2023-02-07,31493.81,,
2023-02-08,31653.22,,
2023-02-09,31729.33,,
2023-02-10,31902.01,,
2023-02-13,31574.09,,
2023-02-14,31456.9,,
2023-02-15,31595.75,,
2023-02-16,31892.84,,
2023-02-17,31675.15,,
2023-02-20,31645.6,,
2023-02-21,31563.6,,
2023-02-22,31145.52,,
2023-02-23,31195.73,,
2023-02-24,31049.97,,
2023-02-27,30983.3,,
2023-02-28,31226.25,,
2023-03-01,31806.17,,
2023-03-02,31703.3,,
2023-03-03,31902.3,,
2023-03-06,32057.44,,
2023-03-08,32275.41,,
2023-03-09,32069.68,,
2023-03-10,31837.12,,
2023-03-13,31296.24,,
2023-03-14,31133.16,,
2023-03-15,31104.86,,
2023-03-16,30984.99,,
2023-03-17,31155.21,,
2023-03-20,30900.26,,
2023-03-21,31094.95,,
2023-03-22,31125.17,,
2023-03-23,31016.24,,
2023-03-24,30646.0,,
2023-03-27,30467.35,,
2023-03-28,30444.61,,
2023-03-29,31140.8,,
2023-03-31,31284.8,,
2023-04-03,31373.92,,
2023-04-05,31261.45,,
2023-04-06,31324.05,,
2023-04-10,31360.95,,
2023-04-11,31555.32,,
2023-04-12,31687.68,,
2023-04-13,31742.97,,
2023-04-17,32090.13,,
2023-04-18,32146.61,,
2023-04-19,32148.08,,
2023-04-20,32075.49,,
2023-04-21,31859.84,,
2023-04-24,32105.06,,
2023-04-25,32149.63,,
2023-04-26,32309.56,,
2023-04-27,32453.23,,
2023-04-28,32738.63,,
2023-05-02,33056.97,,
2023-05-03,33250.22,,
2023-05-04,33531.61,,
2023-05-05,33393.31,,
2023-05-08,33495.99,,
2023-05-09,33459.91,,
2023-05-10,33505.3,,
2023-05-11,33597.68,,
2023-05-12,33613.43,,
2023-05-15,33688.7,,
2023-05-16,33828.27,,
2023-05-17,33842.95,,
2023-05-18,33626.07,,
2023-05-19,33653.33,,
2023-05-22,33821.22,,
2023-05-23,33858.47,,
2023-05-24,33828.14,,
2023-05-25,33959.77,,
2023-05-26,34388.41,,
2023-05-29,34518.13,,
2023-05-30,34624.1,,
2023-05-31,34866.66,,
2023-06-01,34835.44,,
2023-06-02,35009.52,,
2023-06-05,35078.66,,
2023-06-06,35152.87,,
2023-06-07,35481.5,,
2023-06-08,35183.0,,
2023-06-09,35235.1,,
2023-06-12,35364.2,,
2023-06-13,35756.52,,
2023-06-14,35883.59,,
2023-06-15,35838.17,,
2023-06-16,36260.55,,
2023-06-19,36177.83,,
2023-06-20,36331.49,,
2023-06-21,36413.99,,
2023-06-22,36054.59,,
2023-06-23,35643.09,,
2023-06-26,35887.18,,
2023-06-27,36033.53,,
2023-06-28,36218.03,,
2023-06-30,36327.13,,
2023-07-03,36371.91,,
2023-07-04,36188.12,,
2023-07-05,36427.27,,
2023-07-06,36694.95,,
2023-07-07,36417.01,,
2023-07-10,36352.6,,
2023-07-11,36777.47,,
2023-07-12,36958.06,,
2023-07-13,36724.57,,
2023-07-14,36939.55,,
2023-07-17,37032.11,,
2023-07-18,37151.01,,
2023-07-19,37495.19,,
2023-07-20,37584.12,,
2023-07-21,37406.5,,
2023-07-24,37614.09,,
2023-07-25,37748.71,,
2023-07-26,37864.79,,
2023-07-27,38045.77,,
2023-07-28,38294.44,,
2023-07-31,38726.36,,
2023-08-01,38580.76,,
2023-08-02,38222.94,,
2023-08-03,38178.16,,
2023-08-04,38264.51,,
2023-08-07,38569.4,,
2023-08-08,38583.41,,
