Date,Close,
1900-01-01,192.98,
1900-02-01,194.12,
1900-03-01,195.69,
1900-04-01,198.19,
1900-05-01,193.41,
1900-06-01,189.97,
1900-07-01,187.65,
1900-08-01,192.56,
1900-09-01,185.73,
1900-10-01,194.83,
1900-11-01,210.07,
1900-12-01,225.49,
1901-01-01,229.19,
1901-02-01,237.97,
1901-03-01,246.50,
1901-04-01,270.56,
1901-05-01,256.93,
1901-06-01,282.53,
1901-07-01,260.28,
1901-08-01,260.64,
1901-09-01,256.18,
1901-10-01,253.30,
1901-11-01,255.62,
1901-12-01,248.52,
1902-01-01,256.89,
1902-02-01,259.10,
1902-03-01,259.42,
1902-04-01,265.08,
1902-05-01,261.35,
1902-06-01,256.78,
1902-07-01,262.58,
1902-08-01,272.78,
1902-09-01,270.22,
1902-10-01,244.60,
1902-11-01,243.11,
1902-12-01,234.87,
1903-01-01,244.11,
1903-02-01,242.67,
1903-03-01,241.10,
1903-04-01,231.25,
1903-05-01,232.05,
1903-06-01,219.23,
1903-07-01,209.15,
1903-08-01,202.43,
1903-09-01,195.28,
1903-10-01,191.14,
1903-11-01,194.00,
1903-12-01,202.96,
1904-01-01,201.61,
1904-02-01,191.77,
1904-03-01,193.36,
1904-04-01,200.41,
1904-05-01,200.80,
1904-06-01,201.11,
1904-07-01,209.45,
1904-08-01,214.04,
1904-09-01,220.93,
1904-10-01,233.91,
1904-11-01,241.05,
1904-12-01,243.41,
1905-01-01,248.72,
1905-02-01,259.63,
1905-03-01,270.04,
1905-04-01,266.76,
1905-05-01,256.55,
1905-06-01,259.56,
1905-07-01,267.71,
1905-08-01,274.52,
1905-09-01,278.58,
1905-10-01,282.50,
1905-11-01,277.80,
1905-12-01,281.47,
1906-01-01,291.20,
1906-02-01,289.14,
1906-03-01,282.06,
1906-04-01,278.22,
1906-05-01,267.83,
1906-06-01,271.34,
1906-07-01,273.45,
1906-08-01,287.07,
1906-09-01,292.63,
1906-10-01,277.71,
1906-11-01,280.37,
1906-12-01,274.87,
1907-01-01,269.92,
1907-02-01,255.95,
1907-03-01,233.25,
1907-04-01,234.37,
1907-05-01,221.55,
1907-06-01,212.23,
1907-07-01,220.35,
1907-08-01,203.84,
1907-09-01,201.67,
1907-10-01,177.91,
1907-11-01,174.59,
1907-12-01,187.52,
1908-01-01,197.66,
1908-02-01,192.56,
1908-03-01,200.44,
1908-04-01,208.91,
1908-05-01,220.16,
1908-06-01,220.45,
1908-07-01,226.05,
1908-08-01,235.75,
1908-09-01,233.18,
1908-10-01,233.50,
1908-11-01,246.66,
1908-12-01,249.59,
1909-01-01,253.08,
1909-02-01,243.23,
1909-03-01,246.55,
1909-04-01,252.30,
1909-05-01,258.03,
1909-06-01,259.93,
1909-07-01,263.64,
1909-08-01,267.31,
1909-09-01,264.92,
1909-10-01,260.80,
1909-11-01,257.03,
1909-12-01,257.58,
1910-01-01,254.50,
1910-02-01,245.41,
1910-03-01,246.73,
1910-04-01,238.53,
1910-05-01,239.07,
1910-06-01,229.76,
1910-07-01,218.14,
1910-08-01,225.62,
1910-09-01,229.37,
1910-10-01,247.20,
1910-11-01,252.03,
1910-12-01,244.99,
1911-01-01,250.94,
1911-02-01,263.42,
1911-03-01,257.61,
1911-04-01,264.86,
1911-05-01,270.57,
1911-06-01,276.00,
1911-07-01,271.90,
1911-08-01,250.82,
1911-09-01,234.70,
1911-10-01,236.05,
1911-11-01,248.08,
1911-12-01,251.80,
1912-01-01,249.45,
1912-02-01,244.72,
1912-03-01,246.67,
1912-04-01,246.88,
1912-05-01,246.62,
1912-06-01,249.06,
1912-07-01,249.32,
1912-08-01,252.54,
1912-09-01,251.37,
1912-10-01,250.86,
1912-11-01,248.05,
1912-12-01,241.47,
1913-01-01,237.09,
1913-02-01,228.68,
1913-03-01,224.34,
1913-04-01,224.09,
1913-05-01,220.22,
1913-06-01,207.01,
1913-07-01,207.69,
1913-08-01,213.24,
1913-09-01,213.11,
1913-10-01,206.36,
1913-11-01,199.13,
1913-12-01,200.87,
1914-01-01,209.11,
1914-02-01,214.00,
1914-03-01,209.96,
1914-04-01,207.01,
1914-05-01,206.18,
1914-06-01,205.17,
1914-07-01,191.87,
1914-08-01,188.11,
1914-09-01,188.11,
1914-10-01,189.97,
1914-11-01,188.11,
1914-12-01,181.81,
1915-01-01,185.03,
1915-02-01,184.38,
1915-03-01,191.04,
1915-04-01,203.37,
1915-05-01,196.65,
1915-06-01,198.88,
1915-07-01,198.14,
1915-08-01,206.55,
1915-09-01,214.22,
1915-10-01,223.87,
1915-11-01,229.46,
1915-12-01,229.95,
1916-01-01,224.13,
1916-02-01,221.01,
1916-03-01,218.19,
1916-04-01,213.77,
1916-05-01,216.45,
1916-06-01,216.52,
1916-07-01,213.52,
1916-08-01,213.16,
1916-09-01,217.87,
1916-10-01,220.65,
1916-11-01,221.81,
1916-12-01,211.07,
1917-01-01,204.35,
1917-02-01,188.00,
1917-03-01,193.83,
1917-04-01,181.82,
1917-05-01,172.93,
1917-06-01,173.73,
1917-07-01,171.57,
1917-08-01,163.93,
1917-09-01,152.53,
1917-10-01,142.13,
1917-11-01,130.28,
1917-12-01,124.01,
1918-01-01,128.67,
1918-02-01,131.65,
1918-03-01,129.91,
1918-04-01,126.85,
1918-05-01,128.19,
1918-06-01,126.62,
1918-07-01,124.26,
1918-08-01,122.97,
1918-09-01,119.98,
1918-10-01,122.73,
1918-11-01,123.54,
1918-12-01,119.62,
1919-01-01,118.86,
1919-02-01,121.52,
1919-03-01,123.70,
1919-04-01,125.52,
1919-05-01,132.60,
1919-06-01,136.15,
1919-07-01,136.55,
1919-08-01,125.20,
1919-09-01,126.46,
1919-10-01,130.72,
1919-11-01,124.11,
1919-12-01,117.91,
1920-01-01,114.30,
1920-02-01,103.78,
1920-03-01,109.95,
1920-04-01,105.84,
1920-05-01,97.75,
1920-06-01,94.67,
1920-07-01,95.01,
1920-08-01,93.53,
1920-09-01,98.31,
1920-10-01,98.93,
1920-11-01,94.38,
1920-12-01,87.70,
1921-01-01,93.49,
1921-02-01,95.86,
1921-03-01,93.93,
1921-04-01,95.38,
1921-05-01,100.50,
1921-06-01,92.98,
1921-07-01,92.17,
1921-08-01,91.04,
1921-09-01,94.37,
1921-10-01,95.65,
1921-11-01,101.37,
1921-12-01,105.57,
1922-01-01,107.92,
1922-02-01,110.28,
1922-03-01,115.79,
1922-04-01,122.82,
1922-05-01,127.61,
1922-06-01,126.41,
1922-07-01,126.55,
1922-08-01,132.89,
1922-09-01,136.36,
1922-10-01,138.53,
1922-11-01,130.87,
1922-12-01,129.80,
1923-01-01,132.35,
1923-02-01,138.00,
1923-03-01,140.24,
1923-04-01,134.53,
1923-05-01,128.17,
1923-06-01,122.57,
1923-07-01,117.07,
1923-08-01,118.34,
1923-09-01,118.38,
1923-10-01,115.96,
1923-11-01,119.43,
1923-12-01,123.47,
1924-01-01,127.52,
1924-02-01,128.84,
1924-03-01,127.11,
1924-04-01,124.92,
1924-05-01,124.48,
1924-06-01,126.83,
1924-07-01,131.93,
1924-08-01,137.26,
1924-09-01,135.14,
1924-10-01,132.62,
1924-11-01,140.02,
1924-12-01,146.72,
1925-01-01,152.79,
1925-02-01,154.99,
1925-03-01,150.05,
1925-04-01,149.32,
1925-05-01,153.22,
1925-06-01,154.18,
1925-07-01,156.68,
1925-08-01,158.79,
1925-09-01,162.46,
1925-10-01,167.83,
1925-11-01,170.17,
1925-12-01,173.91,
1926-01-01,176.56,
1926-02-01,176.84,
1926-03-01,165.76,
1926-04-01,160.23,
1926-05-01,162.25,
1926-06-01,170.93,
1926-07-01,180.17,
1926-08-01,188.38,
1926-09-01,190.16,
1926-10-01,184.82,
1926-11-01,186.18,
1926-12-01,190.41,
1927-01-01,191.30,
1927-02-01,196.14,
1927-03-01,200.30,
1927-04-01,205.21,
1927-05-01,211.07,
1927-06-01,211.37,
1927-07-01,219.80,
1927-08-01,232.84,
1927-09-01,244.64,
1927-10-01,239.50,
1927-11-01,246.37,
1927-12-01,252.15,
1928-01-01,253.16,
1928-02-01,253.05,
1928-03-01,266.64,
1928-04-01,283.44,
1928-05-01,290.51,
1928-06-01,277.89,
1928-07-01,279.93,
1928-08-01,288.99,
1928-09-01,305.72,
1928-10-01,313.75,
1928-11-01,334.95,
1928-12-01,338.23,
1929-01-01,363.21,
1929-02-01,365.11,
1929-03-01,373.72,
1929-04-01,373.72,
1929-05-01,377.10,
1929-06-01,382.06,
1929-07-01,411.29,
1929-08-01,434.68,
1929-09-01,452.01,
1929-10-01,404.21,
1929-11-01,297.20,
1929-12-01,310.84,
1930-01-01,317.19,
1930-02-01,339.04,
1930-03-01,353.91,
1930-04-01,374.17,
1930-05-01,353.91,
1930-06-01,320.03,
1930-07-01,316.96,
1930-08-01,314.79,
1930-09-01,312.75,
1930-10-01,271.34,
1930-11-01,253.19,
1930-12-01,240.68,
1931-01-01,251.09,
1931-02-01,273.71,
1931-03-01,280.74,
1931-04-01,255.64,
1931-05-01,234.00,
1931-06-01,229.48,
1931-07-01,237.10,
1931-08-01,229.98,
1931-09-01,197.04,
1931-10-01,171.87,
1931-11-01,176.58,
1931-12-01,144.43,
1932-01-01,145.01,
1932-02-01,145.83,
1932-03-01,147.40,
1932-04-01,112.88,
1932-05-01,100.48,
1932-06-01,87.63,
1932-07-01,92.03,
1932-08-01,139.35,
1932-09-01,154.00,
1932-10-01,133.75,
1932-11-01,133.43,
1932-12-01,130.07,
1933-01-01,137.31,
1933-02-01,122.95,
1933-03-01,123.53,
1933-04-01,136.62,
1933-05-01,175.88,
1933-06-01,204.39,
1933-07-01,214.17,
1933-08-01,201.95,
1933-09-01,200.25,
1933-10-01,180.75,
1933-11-01,185.11,
1933-12-01,188.70,
1934-01-01,199.49,
1934-02-01,212.64,
1934-03-01,201.75,
1934-04-01,205.13,
1934-05-01,184.28,
1934-06-01,185.33,
1934-07-01,176.56,
1934-08-01,169.66,
1934-09-01,163.13,
1934-10-01,165.63,
1934-11-01,170.26,
1934-12-01,172.65,
1935-01-01,170.11,
1935-02-01,163.76,
1935-03-01,153.37,
1935-04-01,163.66,
1935-05-01,176.51,
1935-06-01,184.55,
1935-07-01,194.22,
1935-08-01,207.35,
1935-09-01,211.72,
1935-10-01,217.38,
1935-11-01,236.08,
1935-12-01,236.08,
1936-01-01,249.11,
1936-02-01,263.41,
1936-03-01,270.99,
1936-04-01,271.35,
1936-05-01,256.95,
1936-06-01,265.95,
1936-07-01,279.67,
1936-08-01,283.21,
1936-09-01,286.42,
1936-10-01,301.41,
1936-11-01,309.80,
1936-12-01,304.44,
1937-01-01,311.67,
1937-02-01,320.89,
1937-03-01,318.28,
1937-04-01,297.18,
1937-05-01,281.93,
1937-06-01,271.35,
1937-07-01,285.50,
1937-08-01,288.43,
1937-09-01,245.90,
1937-10-01,210.14,
1937-11-01,192.98,
1937-12-01,191.19,
1938-01-01,198.99,
1938-02-01,195.62,
1938-03-01,182.68,
1938-04-01,174.01,
1938-05-01,176.83,
1938-06-01,180.91,
1938-07-01,216.88,
1938-08-01,218.12,
1938-09-01,208.20,
1938-10-01,233.06,
1938-11-01,233.24,
1938-12-01,226.46,
1939-01-01,223.07,
1939-02-01,222.87,
1939-03-01,222.70,
1939-04-01,196.07,
1939-05-01,203.31,
1939-06-01,206.93,
1939-07-01,212.00,
1939-08-01,208.92,
1939-09-01,226.27,
1939-10-01,230.21,
1939-11-01,226.10,
1939-12-01,220.75,
1940-01-01,221.08,
1940-02-01,218.07,
1940-03-01,216.82,
1940-04-01,218.96,
1940-05-01,188.80,
1940-06-01,171.34,
1940-07-01,178.28,
1940-08-01,182.02,
1940-09-01,189.70,
1940-10-01,191.48,
1940-11-01,195.94,
1940-12-01,186.58,
1941-01-01,186.93,
1941-02-01,175.24,
1941-03-01,175.06,
1941-04-01,168.42,
1941-05-01,163.61,
1941-06-01,165.88,
1941-07-01,174.37,
1941-08-01,171.20,
1941-09-01,169.42,
1941-10-01,160.52,
1941-11-01,152.01,
1941-12-01,141.20,
1942-01-01,142.10,
1942-02-01,136.78,
1942-03-01,127.73,
1942-04-01,121.66,
1942-05-01,121.55,
1942-06-01,127.68,
1942-07-01,131.62,
1942-08-01,130.07,
1942-09-01,131.43,
1942-10-01,139.43,
1942-11-01,140.83,
1942-12-01,140.74,
1943-01-01,149.16,
1943-02-01,158.03,
1943-03-01,160.80,
1943-04-01,164.26,
1943-05-01,169.75,
1943-06-01,172.74,
1943-07-01,177.33,
1943-08-01,169.54,
1943-09-01,172.16,
1943-10-01,170.58,
1943-11-01,162.68,
1943-12-01,164.83,
1944-01-01,170.15,
1944-02-01,169.00,
1944-03-01,173.74,
1944-04-01,169.75,
1944-05-01,172.74,
1944-06-01,179.85,
1944-07-01,183.50,
1944-08-01,180.81,
1944-09-01,177.85,
1944-10-01,182.22,
1944-11-01,180.95,
1944-12-01,183.87,
1945-01-01,189.34,
1945-02-01,195.66,
1945-03-01,195.52,
1945-04-01,200.43,
1945-05-01,206.85,
1945-06-01,208.29,
1945-07-01,204.01,
1945-08-01,204.70,
1945-09-01,218.64,
1945-10-01,227.75,
1945-11-01,235.20,
1945-12-01,237.89,
1946-01-01,247.36,
1946-02-01,249.42,
1946-03-01,239.32,
1946-04-01,253.37,
1946-05-01,252.54,
1946-06-01,248.23,
1946-07-01,227.75,
1946-08-01,218.92,
1946-09-01,184.80,
1946-10-01,177.17,
1946-11-01,172.30,
1946-12-01,175.81,
1947-01-01,176.74,
1947-02-01,183.60,
1947-03-01,172.95,
1947-04-01,166.56,
1947-05-01,163.59,
1947-06-01,168.53,
1947-07-01,177.47,
1947-08-01,171.66,
1947-09-01,163.59,
1947-10-01,167.82,
1947-11-01,165.15,
1947-12-01,160.47,
1948-01-01,156.33,
1948-02-01,149.90,
1948-03-01,152.68,
1948-04-01,161.66,
1948-05-01,168.82,
1948-06-01,174.37,
1948-07-01,168.13,
1948-08-01,162.55,
1948-09-01,160.71,
1948-10-01,165.77,
1948-11-01,157.85,
1948-12-01,157.47,
1949-01-01,159.89,
1949-02-01,155.04,
1949-03-01,156.51,
1949-04-01,155.65,
1949-05-01,155.15,
1949-06-01,146.03,
1949-07-01,155.59,
1949-08-01,160.50,
1949-09-01,161.92,
1949-10-01,167.51,
1949-11-01,169.11,
1949-12-01,175.10,
1950-01-01,179.46,
1950-02-01,182.96,
1950-03-01,183.67,
1950-04-01,188.86,
1950-05-01,194.39,
1950-06-01,196.72,
1950-07-01,180.17,
1950-08-01,189.48,
1950-09-01,195.36,
1950-10-01,201.80,
1950-11-01,200.58,
1950-12-01,197.37,
1951-01-01,208.62,
1951-02-01,213.87,
1951-03-01,209.46,
1951-04-01,212.26,
1951-05-01,211.54,
1951-06-01,207.87,
1951-07-01,211.54,
1951-08-01,220.80,
1951-09-01,224.76,
1951-10-01,222.75,
1951-11-01,214.92,
1951-12-01,220.70,
1952-01-01,228.06,
1952-02-01,225.61,
1952-03-01,226.18,
1952-04-01,224.66,
1952-05-01,224.57,
1952-06-01,229.85,
1952-07-01,234.68,
1952-08-01,235.61,
1952-09-01,231.87,
1952-10-01,227.00,
1952-11-01,234.21,
1952-12-01,243.66,
1953-01-01,245.89,
1953-02-01,243.80,
1953-03-01,244.11,
1953-04-01,232.08,
1953-05-01,232.43,
1953-06-01,223.27,
1953-07-01,226.44,
1953-08-01,226.52,
1953-09-01,216.12,
1953-10-01,221.80,
1953-11-01,227.55,
1953-12-01,230.61,
1954-01-01,236.46,
1954-02-01,241.66,
1954-03-01,246.77,
1954-04-01,257.57,
1954-05-01,266.83,
1954-06-01,268.97,
1954-07-01,279.83,
1954-08-01,285.41,
1954-09-01,293.18,
1954-10-01,299.99,
1954-11-01,311.74,
1954-12-01,327.22,
1955-01-01,333.11,
1955-02-01,344.25,
1955-03-01,341.54,
1955-04-01,353.33,
1955-05-01,351.83,
1955-06-01,372.23,
1955-07-01,397.97,
1955-08-01,395.54,
1955-09-01,411.81,
1955-10-01,391.10,
1955-11-01,417.48,
1955-12-01,422.95,
1956-01-01,411.58,
1956-02-01,414.19,
1956-03-01,442.71,
1956-04-01,446.27,
1956-05-01,430.64,
1956-06-01,425.00,
1956-07-01,444.78,
1956-08-01,443.76,
1956-09-01,427.09,
1956-10-01,420.09,
1956-11-01,415.73,
1956-12-01,420.38,
1957-01-01,411.23,
1957-02-01,392.07,
1957-03-01,395.69,
1957-04-01,403.41,
1957-05-01,417.40,
1957-06-01,422.76,
1957-07-01,428.25,
1957-08-01,404.68,
1957-09-01,388.26,
1957-10-01,364.07,
1957-11-01,354.96,
1957-12-01,354.78,
1958-01-01,359.20,
1958-02-01,360.43,
1958-03-01,365.30,
1958-04-01,366.02,
1958-05-01,377.78,
1958-06-01,386.86,
1958-07-01,396.12,
1958-08-01,412.36,
1958-09-01,423.25,
1958-10-01,440.45,
1958-11-01,452.29,
1958-12-01,462.41,
1959-01-01,479.17,
1959-02-01,473.48,
1959-03-01,485.49,
1959-04-01,491.92,
1959-05-01,499.33,
1959-06-01,493.32,
1959-07-01,511.14,
1959-08-01,508.23,
1959-09-01,486.45,
1959-10-01,484.37,
1959-11-01,486.33,
1959-12-01,501.88,
1960-01-01,494.81,
1960-02-01,474.01,
1960-03-01,467.55,
1960-04-01,471.98,
1960-05-01,467.66,
1960-06-01,483.30,
1960-07-01,471.31,
1960-08-01,476.97,
1960-09-01,462.62,
1960-10-01,450.46,
1960-11-01,465.05,
1960-12-01,476.20,
1961-01-01,500.68,
1961-02-01,521.22,
1961-03-01,537.57,
1961-04-01,551.90,
1961-05-01,557.52,
1961-06-01,550.14,
1961-07-01,544.97,
1961-08-01,566.43,
1961-09-01,560.13,
1961-10-01,566.29,
1961-11-01,591.94,
1961-12-01,597.44,
1962-01-01,575.20,
1962-02-01,582.84,
1962-03-01,583.42,
1962-04-01,562.96,
1962-05-01,521.10,
1962-06-01,460.21,
1962-07-01,469.74,
1962-08-01,482.52,
1962-09-01,476.66,
1962-10-01,461.62,
1962-11-01,493.43,
1962-12-01,514.79,
1963-01-01,534.68,
1963-02-01,541.75,
1963-03-01,537.92,
1963-04-01,563.24,
1963-05-01,574.54,
1963-06-01,572.42,
1963-07-01,562.09,
1963-08-01,577.63,
1963-09-01,592.85,
1963-10-01,592.39,
1963-11-01,589.06,
1963-12-01,599.69,
1964-01-01,618.12,
1964-02-01,625.72,
1964-03-01,637.12,
1964-04-01,646.34,
1964-05-01,652.64,
1964-06-01,646.67,
1964-07-01,668.53,
1964-08-01,660.86,
1964-09-01,670.06,
1964-10-01,681.63,
1964-11-01,684.16,
1964-12-01,672.31,
1965-01-01,689.61,
1965-02-01,694.65,
1965-03-01,693.07,
1965-04-01,699.94,
1965-05-01,710.36,
1965-06-01,672.34,
1965-07-01,671.31,
1965-08-01,683.81,
1965-09-01,706.65,
1965-10-01,720.27,
1965-11-01,726.26,
1965-12-01,720.67,
1966-01-01,733.17,
1966-02-01,723.66,
1966-03-01,691.76,
1966-04-01,708.51,
1966-05-01,671.23,
1966-06-01,663.61,
1966-07-01,659.87,
1966-08-01,616.18,
1966-09-01,594.49,
1966-10-01,585.71,
1966-11-01,615.02,
1966-12-01,617.60,
1967-01-01,641.30,
1967-02-01,663.39,
1967-03-01,676.98,
1967-04-01,686.56,
1967-05-01,696.76,
1967-06-01,685.96,
1967-07-01,695.72,
1967-08-01,704.69,
1967-09-01,712.40,
1967-10-01,709.18,
1967-11-01,684.90,
1967-12-01,702.34,
1968-01-01,696.32,
1968-02-01,662.94,
1968-03-01,648.92,
1968-04-01,694.82,
1968-05-01,708.74,
1968-06-01,723.59,
1968-07-01,718.01,
1968-08-01,700.32,
1968-09-01,721.04,
1968-10-01,734.64,
1968-11-01,743.86,
1968-12-01,749.51,
1969-01-01,715.82,
1969-02-01,708.33,
1969-03-01,687.22,
1969-04-01,697.20,
1969-05-01,717.93,
1969-06-01,676.74,
1969-07-01,642.99,
1969-08-01,635.93,
1969-09-01,636.44,
1969-10-01,639.79,
1969-11-01,640.98,
1969-12-01,603.78,
1970-01-01,596.90,
1970-02-01,573.04,
1970-03-01,579.79,
1970-04-01,557.75,
1970-05-01,492.29,
1970-06-01,486.73,
1970-07-01,485.07,
1970-08-01,499.16,
1970-09-01,526.31,
1970-10-01,534.99,
1970-11-01,531.72,
1970-12-01,565.27,
1971-01-01,586.86,
1971-02-01,608.06,
1971-03-01,622.09,
1971-04-01,641.72,
1971-05-01,629.86,
1971-06-01,613.64,
1971-07-01,607.71,
1971-08-01,595.44,
1971-09-01,608.67,
1971-10-01,594.29,
1971-11-01,566.74,
1971-12-01,602.83,
1972-01-01,627.93,
1972-02-01,636.38,
1972-03-01,649.93,
1972-04-01,654.99,
1972-05-01,646.81,
1972-06-01,647.06,
1972-07-01,639.20,
1972-08-01,660.28,
1972-09-01,649.22,
1972-10-01,647.33,
1972-11-01,678.21,
1972-12-01,690.72,
1973-01-01,694.38,
1973-02-01,665.06,
1973-03-01,648.53,
1973-04-01,632.04,
1973-05-01,610.08,
1973-06-01,592.37,
1973-07-01,596.67,
1973-08-01,575.01,
1973-09-01,583.69,
1973-10-01,601.58,
1973-11-01,555.19,
1973-12-01,512.54,
1974-01-01,515.27,
1974-02-01,494.64,
1974-03-01,509.29,
1974-04-01,481.25,
1974-05-01,460.96,
1974-06-01,457.81,
1974-07-01,401.10,
1974-08-01,379.90,
1974-09-01,336.34,
1974-10-01,339.50,
1974-11-01,348.02,
1974-12-01,322.86,
1975-01-01,347.95,
1975-02-01,381.18,
1975-03-01,397.18,
1975-04-01,400.11,
1975-05-01,423.12,
1975-06-01,430.69,
1975-07-01,426.33,
1975-08-01,394.35,
1975-09-01,387.43,
1975-10-01,403.06,
1975-11-01,406.92,
1975-12-01,399.29,
1976-01-01,435.24,
1976-02-01,450.42,
1976-03-01,451.85,
1976-04-01,453.80,
1976-05-01,447.49,
1976-06-01,447.77,
1976-07-01,455.92,
1976-08-01,449.62,
1976-09-01,457.60,
1976-10-01,439.69,
1976-11-01,435.92,
1976-12-01,449.45,
1977-01-01,443.30,
1977-02-01,426.96,
1977-03-01,422.41,
1977-04-01,412.44,
1977-05-01,409.18,
1977-06-01,408.67,
1977-07-01,410.39,
1977-08-01,399.04,
1977-09-01,391.56,
1977-10-01,380.19,
1977-11-01,380.52,
1977-12-01,377.45,
1978-01-01,360.76,
1978-02-01,353.42,
1978-03-01,350.01,
1978-04-01,362.48,
1978-05-01,377.31,
1978-06-01,374.22,
1978-07-01,369.58,
1978-08-01,393.30,
1978-09-01,390.34,
1978-10-01,374.57,
1978-11-01,351.07,
1978-12-01,354.68,
1979-01-01,364.73,
1979-02-01,355.16,
1979-03-01,358.29,
1979-04-01,361.31,
1979-05-01,348.48,
1979-06-01,351.43,
1979-07-01,351.00,
1979-08-01,363.58,
1979-09-01,363.70,
1979-10-01,347.18,
1979-11-01,341.34,
1979-12-01,351.14,
1980-01-01,356.13,
1980-02-01,365.10,
1980-03-01,326.56,
1980-04-01,317.69,
1980-05-01,328.94,
1980-06-01,346.20,
1980-07-01,361.91,
1980-08-01,370.40,
1980-09-01,376.24,
1980-10-01,383.59,
1980-11-01,396.52,
1980-12-01,386.48,
1981-01-01,381.93,
1981-02-01,364.95,
1981-03-01,376.02,
1981-04-01,376.86,
1981-05-01,366.41,
1981-06-01,364.83,
1981-07-01,352.12,
1981-08-01,350.80,
1981-09-01,317.12,
1981-10-01,320.45,
1981-11-01,327.69,
1981-12-01,329.04,
1982-01-01,310.77,
1982-02-01,302.39,
1982-03-01,292.93,
1982-04-01,306.17,
1982-05-01,303.56,
1982-06-01,282.55,
1982-07-01,280.33,
1982-08-01,280.52,
1982-09-01,312.36,
1982-10-01,337.61,
1982-11-01,352.06,
1982-12-01,356.83,
1983-01-01,368.62,
1983-02-01,374.63,
1983-03-01,387.64,
1983-04-01,399.58,
1983-05-01,413.29,
1983-06-01,417.82,
1983-07-01,417.64,
1983-08-01,404.92,
1983-09-01,414.82,
1983-10-01,414.83,
1983-11-01,407.83,
1983-12-01,405.46,
1984-01-01,407.97,
1984-02-01,383.78,
1984-03-01,383.28,
1984-04-01,381.90,
1984-05-01,378.38,
1984-06-01,368.85,
1984-07-01,362.63,
1984-08-01,393.04,
1984-09-01,395.22,
1984-10-01,391.01,
1984-11-01,394.56,
1984-12-01,390.29,
1985-01-01,406.37,
1985-02-01,426.37,
1985-03-01,421.25,
1985-04-01,422.08,
1985-05-01,430.52,
1985-06-01,438.61,
1985-07-01,446.13,
1985-08-01,435.59,
1985-09-01,424.70,
1985-10-01,427.96,
1985-11-01,452.68,
1985-12-01,473.84,
1986-01-01,474.60,
1986-02-01,501.50,
1986-03-01,533.43,
1986-04-01,547.52,
1986-05-01,547.16,
1986-06-01,559.68,
1986-07-01,548.04,
1986-08-01,557.97,
1986-09-01,540.25,
1986-10-01,537.72,
1986-11-01,554.66,
1986-12-01,562.07,
1987-01-01,594.26,
1987-02-01,628.84,
1987-03-01,651.89,
1987-04-01,641.33,
1987-05-01,638.62,
1987-06-01,663.44,
1987-07-01,680.79,
1987-08-01,719.37,
1987-09-01,692.37,
1987-10-01,607.15,
1987-11-01,530.41,
1987-12-01,521.75,
1988-01-01,540.91,
1988-02-01,555.88,
1988-03-01,569.80,
1988-04-01,560.26,
1988-05-01,544.54,
1988-06-01,573.14,
1988-07-01,567.35,
1988-08-01,553.63,
1988-09-01,558.90,
1988-10-01,576.58,
1988-11-01,562.80,
1988-12-01,573.27,
1989-01-01,588.79,
1989-02-01,604.04,
1989-03-01,597.93,
1989-04-01,613.53,
1989-05-01,633.47,
1989-06-01,651.67,
1989-07-01,666.56,
1989-08-01,694.97,
1989-09-01,694.14,
1989-10-01,691.03,
1989-11-01,675.09,
1989-12-01,690.66,
1990-01-01,666.69,
1990-02-01,644.99,
1990-03-01,657.03,
1990-04-01,655.46,
1990-05-01,677.28,
1990-06-01,693.13,
1990-07-01,689.79,
1990-08-01,627.91,
1990-09-01,593.83,
1990-10-01,574.75,
1990-11-01,588.72,
1990-12-01,613.85,
1991-01-01,604.15,
1991-02-01,671.41,
1991-03-01,688.95,
1991-04-01,701.61,
1991-05-01,696.43,
1991-06-01,694.93,
1991-07-01,697.47,
1991-08-01,712.20,
1991-09-01,705.08,
1991-10-01,703.47,
1991-11-01,699.68,
1991-12-01,703.87,
1992-01-01,752.73,
1992-02-01,743.67,
1992-03-01,730.60,
1992-04-01,729.65,
1992-05-01,741.83,
1992-06-01,727.53,
1992-07-01,738.04,
1992-08-01,741.05,
1992-09-01,739.92,
1992-10-01,726.78,
1992-11-01,743.95,
1992-12-01,767.01,
1993-01-01,762.52,
1993-02-01,771.16,
1993-03-01,783.19,
1993-04-01,768.73,
1993-05-01,771.42,
1993-06-01,775.22,
1993-07-01,773.88,
1993-08-01,783.55,
1993-09-01,790.73,
1993-10-01,795.46,
1993-11-01,793.18,
1993-12-01,798.43,
1994-01-01,808.27,
1994-02-01,803.12,
1994-03-01,787.20,
1994-04-01,758.03,
1994-05-01,763.73,
1994-06-01,767.79,
1994-07-01,759.94,
1994-08-01,778.41,
1994-09-01,780.88,
1994-10-01,775.09,
1994-11-01,769.38,
1994-12-01,759.67,
1995-01-01,773.36,
1995-02-01,797.88,
1995-03-01,813.78,
1995-04-01,835.38,
1995-05-01,859.83,
1995-06-01,883.60,
1995-07-01,913.12,
1995-08-01,913.57,
1995-09-01,943.85,
1995-10-01,947.52,
1995-11-01,968.65,
1995-12-01,1000.27,
1996-01-01,994.20,
1996-02-01,1047.63,
1996-03-01,1038.29,
1996-04-01,1034.46,
1996-05-01,1054.91,
1996-06-01,1065.83,
1996-07-01,1024.91,
1996-08-01,1052.52,
1996-09-01,1068.50,
1996-10-01,1107.07,
1996-11-01,1158.87,
1996-12-01,1170.81,
1997-01-01,1203.20,
1997-02-01,1249.79,
1997-03-01,1236.94,
1997-04-01,1191.37,
1997-05-01,1300.03,
1997-06-01,1365.74,
1997-07-01,1440.31,
1997-08-01,1440.66,
1997-09-01,1452.24,
1997-10-01,1470.50,
1997-11-01,1452.48,
1997-12-01,1490.60,
1998-01-01,1489.37,
1998-02-01,1579.78,
1998-03-01,1658.63,
1998-04-01,1709.95,
1998-05-01,1701.00,
1998-06-01,1698.87,
1998-07-01,1770.56,
1998-08-01,1643.07,
1998-09-01,1558.63,
1998-10-01,1572.85,
1998-11-01,1743.41,
1998-12-01,1814.01,
1999-01-01,1898.89,
1999-02-01,1893.25,
1999-03-01,1940.63,
1999-04-01,2006.44,
1999-05-01,2002.40,
1999-06-01,1988.09,
1999-07-01,2069.71,
1999-08-01,1984.76,
1999-09-01,1961.44,
1999-10-01,1930.97,
1999-11-01,2064.89,
1999-12-01,2120.83,
2000-01-01,2109.97,
2000-02-01,2043.52,
2000-03-01,2104.65,
2000-04-01,2131.35,
2000-05-01,2066.39,
2000-06-01,2118.62,
2000-07-01,2129.67,
2000-08-01,2147.69,
2000-09-01,2111.52,
2000-10-01,1996.01,
2000-11-01,1977.50,
2000-12-01,1911.00,
2001-01-01,1905.70,
2001-02-01,1855.65,
2001-03-01,1681.43,
2001-04-01,1680.41,
2001-05-01,1786.06,
2001-06-01,1738.62,
2001-07-01,1695.29,
2001-08-01,1658.77,
2001-09-01,1463.76,
2001-10-01,1513.62,
2001-11-01,1590.95,
2001-12-01,1618.81,
2002-01-01,1608.50,
2002-02-01,1546.61,
2002-03-01,1612.18,
2002-04-01,1545.05,
2002-05-01,1499.64,
2002-06-01,1408.22,
2002-07-01,1253.46,
2002-08-01,1261.69,
2002-09-01,1197.84,
2002-10-01,1177.70,
2002-11-01,1253.90,
2002-12-01,1241.83,
2003-01-01,1231.77,
2003-02-01,1142.11,
2003-03-01,1148.31,
2003-04-01,1209.80,
2003-05-01,1274.31,
2003-06-01,1343.70,
2003-07-01,1348.41,
2003-08-01,1339.22,
2003-09-01,1375.23,
2003-10-01,1402.77,
2003-11-01,1421.69,
2003-12-01,1464.91,
2004-01-01,1527.77,
2004-02-01,1534.11,
2004-03-01,1498.45,
2004-04-01,1506.14,
2004-05-01,1456.97,
2004-06-01,1491.85,
2004-07-01,1458.71,
2004-08-01,1435.65,
2004-09-01,1470.41,
2004-10-01,1462.12,
2004-11-01,1529.02,
2004-12-01,1574.38,
2005-01-01,1547.76,
2005-02-01,1562.62,
2005-03-01,1544.38,
2005-04-01,1494.94,
2005-05-01,1514.28,
2005-06-01,1544.29,
2005-07-01,1562.74,
2005-08-01,1557.36,
2005-09-01,1540.64,
2005-10-01,1494.95,
2005-11-01,1564.47,
2005-12-01,1602.18,
2006-01-01,1611.05,
2006-02-01,1605.20,
2006-03-01,1617.73,
2006-04-01,1614.53,
2006-05-01,1591.56,
2006-06-01,1543.06,
2006-07-01,1547.19,
2006-08-01,1577.12,
2006-09-01,1622.56,
2006-10-01,1687.91,
2006-11-01,1721.74,
2006-12-01,1753.58,
2007-01-01,1757.79,
2007-02-01,1773.78,
2007-03-01,1711.72,
2007-04-01,1769.20,
2007-05-01,1815.52,
2007-06-01,1815.67,
2007-07-01,1823.95,
2007-08-01,1747.89,
2007-09-01,1794.01,
2007-10-01,1841.05,
2007-11-01,1739.52,
2007-12-01,1759.52,
2008-01-01,1631.91,
2008-02-01,1598.99,
2008-03-01,1540.87,
2008-04-01,1593.83,
2008-05-01,1618.29,
2008-06-01,1531.39,
2008-07-01,1428.08,
2008-08-01,1461.33,
2008-09-01,1389.68,
2008-10-01,1117.59,
2008-11-01,1038.55,
2008-12-01,1042.89,
2009-01-01,1024.20,
2009-02-01,948.08,
2009-03-01,889.28,
2009-04-01,993.71,
2009-05-01,1054.23,
2009-06-01,1072.72,
2009-07-01,1085.67,
2009-08-01,1168.80,
2009-09-01,1208.35,
2009-10-01,1233.89,
2009-11-01,1256.59,
2009-12-01,1284.62,
2010-01-01,1295.46,
2010-02-01,1255.47,
2010-03-01,1322.53,
2010-04-01,1372.11,
2010-05-01,1288.31,
2010-06-01,1241.77,
2010-07-01,1237.43,
2010-08-01,1244.28,
2010-09-01,1283.36,
2010-10-01,1338.31,
2010-11-01,1368.93,
2010-12-01,1415.18,
2011-01-01,1455.09,
2011-02-01,1491.41,
2011-03-01,1458.42,
2011-04-01,1479.10,
2011-05-01,1479.69,
2011-06-01,1424.81,
2011-07-01,1465.46,
2011-08-01,1307.17,
2011-09-01,1292.60,
2011-10-01,1332.06,
2011-11-01,1354.39,
2011-12-01,1376.45,
2012-01-01,1433.53,
2012-02-01,1484.21,
2012-03-01,1513.05,
2012-04-01,1505.44,
2012-05-01,1458.12,
2012-06-01,1440.89,
2012-07-01,1482.83,
2012-08-01,1521.98,
2012-09-01,1558.37,
2012-10-01,1552.93,
2012-11-01,1513.32,
2012-12-01,1547.63,
2013-01-01,1606.12,
2013-02-01,1627.41,
2013-03-01,1664.51,
2013-04-01,1687.59,
2013-05-01,1758.74,
2013-06-01,1731.99,
2013-07-01,1784.69,
2013-08-01,1784.05,
2013-09-01,1800.20,
2013-10-01,1840.00,
2013-11-01,1911.84,
2013-12-01,1937.99,
2014-01-01,1946.38,
2014-02-01,1933.55,
2014-03-01,1970.32,
2014-04-01,1964.63,
2014-05-01,1984.58,
2014-06-01,2040.98,
2014-07-01,2069.05,
2014-08-01,2060.36,
2014-09-01,2092.08,
2014-10-01,2038.46,
2014-11-01,2163.05,
2014-12-01,2185.70,
2015-01-01,2168.15,
2015-02-01,2216.27,
2015-03-01,2200.82,
2015-04-01,2212.06,
2015-05-01,2218.78,
2015-06-01,2197.79,
2015-07-01,2192.26,
2015-08-01,2138.47,
2015-09-01,2041.58,
2015-10-01,2126.95,
2015-11-01,2190.20,
2015-12-01,2169.67,
2016-01-01,2023.23,
2016-02-01,2006.62,
2016-03-01,2121.32,
2016-04-01,2167.27,
2016-05-01,2148.15,
2016-06-01,2160.13,
2016-07-01,2231.13,
2016-08-01,2251.95,
2016-09-01,2232.83,
2016-10-01,2214.89,
2016-11-01,2241.08,
2016-12-01,2324.83,
2017-01-01,2340.67,
2017-02-01,2389.52,
2017-03-01,2425.40,
2017-04-01,2410.56,
2017-05-01,2445.29,
2017-06-01,2482.48,
2017-07-01,2504.72,
2017-08-01,2499.40,
2017-09-01,2523.31,
2017-10-01,2589.89,
2017-11-01,2626.90,
2017-12-01,2700.13,
2018-01-01,2823.81,
2018-02-01,2713.83,
2018-03-01,2640.87,
2018-04-01,2648.05,
2018-05-01,2705.27,
2018-06-01,2718.37,
2018-07-01,2816.29,
2018-08-01,2901.52,
2018-09-01,2913.98,
2018-10-01,2711.74,
2018-11-01,2760.17,
2018-12-01,2506.85,
2019-01-01,2704.10,
2019-02-01,2784.49,
2019-03-01,2834.40,
2019-04-01,2945.83,
2019-05-01,2752.06,
2019-06-01,2941.76,
2019-07-01,2980.38,
2019-08-01,2926.46,
2019-09-01,2976.74,
2019-10-01,3037.56,
2019-11-01,3140.98,
2019-12-01,3230.78,
2020-01-01,3225.52,
2020-02-01,2954.22,
2020-03-01,2584.59,
2020-04-01,2912.43,
2020-05-01,3044.31,
2020-06-01,3100.29,
2020-07-01,3271.12,
2020-08-01,3500.31,
2020-09-01,3363.00,
2020-10-01,3269.96,
2020-11-01,3621.63,
2020-12-01,3756.07,
2021-01-01,3714.24,
2021-02-01,3811.15,
2021-03-01,3972.89,
2021-04-01,4181.17,
2021-05-01,4204.11,
2021-06-01,4297.50,
2021-07-01,4395.26,
2021-08-01,4522.68,
2021-09-01,4307.54,
2021-10-01,4605.38,
2021-11-01,4567.00,
2021-12-01,4766.18,
2022-01-01,4515.55,
2022-02-01,4373.94,
2022-03-01,4530.41,
2022-04-01,4131.93,
2022-05-01,4132.15,
2022-06-01,3785.38,
2022-07-01,4130.29,
2022-08-01,3955.00,
2022-09-01,3585.62,
2022-10-01,3871.98,
2022-11-01,4080.11,
2022-12-01,3839.50,
2023-01-01,4076.60,
2023-02-01,3970.15,
2023-03-01,4109.31,
2023-04-01,4169.48,
2023-05-01,4179.83,
2023-06-01,4450.38,
2023-07-01,4534.87,
,,
,,
,,
,,
,,
,,
,,
,,
,,
,,
,,
,,
,,
,,
,,
,,
,,
,,
,,
,,
,,
,,
,,
,,
,,
,,
,,
,,
,,
,,
,,
,,
,,
,,
,,
,,
,,
,,
,,
,,
,,
,,
,,
,,
,,
,,
,,
,,
,,
,,
,,
,,
,,
,,
,,
,,
,,
,,
,,
,,
,,
,,
,,
,,
,,
,,
,,
,,
,,
,,
,,
,,
,,
,,
,,
,,
,,
,,
,,
,,
,,
,,
,,
,,
,,
,,
,,
,,
,,
,,
,,
,,
,,
,,
,,
,,
,,
,,
,,
,,
,,
,,
,,
,,
,,
,,
,,
,,
,,
,,
,,
,,
,,
,,
,,
,,
,,
,,
,,
,,
,,
,,
,,
,,
,,
,,
,,
,,
,,
,,
,,
,,
,,
,,
,,
,,
,,
,,
,,
,,
,,
,,
,,
,,
,,
,,
,,
,,
,,
,,
,,
,,
,,
,,
,,
,,
,,
,,
,,
,,
,,
,,
,,
,,
,,
,,
,,
,,
,,
,,
,,
,,
,,
,,
,,
,,
,,
,,
,,
,,
,,
,,
,,
,,
,,
,,
,,
,,
,,
,,
,,
,,
,,
,,
,,
,,
,,
,,
,,
,,
,,
,,
,,
,,
,,
,,
,,
,,
,,
,,
,,
,,
,,
,,
,,
,,
,,
,,
,,
,,
,,
,,
,,
,,
,,
,,
,,
,,
,,
,,
,,
,,
,,
,,
,,
,,
,,
,,
,,
,,
,,
,,
,,
,,
,,
,,
,,
,,
,,
,,
,,
,,
,,
,,
,,
,,
,,
,,
,,
,,
,,
,,
,,
,,
,,
,,
,,
,,
,,
,,
,,
,,
,,
,,
,,
,,
,,
,,
,,
,,
,,
,,
,,
,,
,,
,,
,,
,,
,,
,,
,,
,,
,,
,,
,,
,,
,,
,,
,,
,,
,,
,,
,,
,,
,,
,,
,,
,,
,,
,,
,,
,,
,,
,,
,,
,,
,,
,,
,,
,,
,,
,,
,,
,,
,,
,,
,,
,,
,,
,,
,,
,,
,,
,,
,,
,,
,,
,,
,,
,,
,,
,,
,,
,,
,,
,,
,,
,,
